country,measure,age,sex,year,value
Australia,Tobacco consumption,Total,Total,2016,13.4
Australia,Tobacco consumption,Total,Total,2019,12.9
Australia,Tobacco consumption,Total,Total,2022,13.1
Canada,Tobacco consumption,Total,Total,2016,14.7
Canada,Tobacco consumption,Total,Total,2017,14.4
Canada,Tobacco consumption,Total,Total,2018,14.2
Canada,Tobacco consumption,Total,Total,2019,14.5
Canada,Tobacco consumption,Total,Total,2020,14.1
Canada,Tobacco consumption,Total,Total,2021,13.9
Canada,Tobacco consumption,Total,Total,2022,13.4
Canada,Tobacco consumption,Total,Total,2024,13.3
Denmark,Tobacco consumption,Total,Total,2017,15.1
France,Tobacco consumption,Total,Total,2017,13.3
France,Tobacco consumption,Total,Total,2024,12.8
Germany,Tobacco consumption,Total,Total,2017,15.2
Germany,Tobacco consumption,Total,Total,2020,15.4
Germany,Tobacco consumption,Total,Total,2023,15.5
Greece,Tobacco consumption,Total,Total,2019,17
Italy,Tobacco consumption,Total,Total,2015,11.6
Italy,Tobacco consumption,Total,Total,2016,11.6
Italy,Tobacco consumption,Total,Total,2017,11.5
Italy,Tobacco consumption,Total,Total,2018,11.1
Italy,Tobacco consumption,Total,Total,2019,11.1
Italy,Tobacco consumption,Total,Total,2020,10.9
Italy,Tobacco consumption,Total,Total,2021,11
Italy,Tobacco consumption,Total,Total,2022,11
Italy,Tobacco consumption,Total,Total,2023,11
Italy,Tobacco consumption,Total,Total,2024,10.9
Japan,Tobacco consumption,Total,Total,2015,15.5
Japan,Tobacco consumption,Total,Total,2017,15.5
Japan,Tobacco consumption,Total,Total,2018,14.9
Japan,Tobacco consumption,Total,Total,2019,15.5
Japan,Tobacco consumption,Total,Total,2022,14.4
Korea,Tobacco consumption,Total,Total,2015,13.6
Korea,Tobacco consumption,Total,Total,2016,14.6
Korea,Tobacco consumption,Total,Total,2017,14.9
Korea,Tobacco consumption,Total,Total,2018,13.2
Korea,Tobacco consumption,Total,Total,2019,12.6
Korea,Tobacco consumption,Total,Total,2020,12.5
Korea,Tobacco consumption,Total,Total,2021,13
Korea,Tobacco consumption,Total,Total,2022,13
Korea,Tobacco consumption,Total,Total,2023,12.8
Korea,Tobacco consumption,Total,Total,2024,12.8
New Zealand,Tobacco consumption,Total,Total,2015,10.6
New Zealand,Tobacco consumption,Total,Total,2016,10.3
New Zealand,Tobacco consumption,Total,Total,2017,10.3
New Zealand,Tobacco consumption,Total,Total,2018,10
New Zealand,Tobacco consumption,Total,Total,2019,10
New Zealand,Tobacco consumption,Total,Total,2020,9.4
New Zealand,Tobacco consumption,Total,Total,2021,9.9
New Zealand,Tobacco consumption,Total,Total,2022,9.9
New Zealand,Tobacco consumption,Total,Total,2023,9.3
New Zealand,Tobacco consumption,Total,Total,2024,9.3
New Zealand,Tobacco consumption,Total,Total,2025,9.3
Türkiye,Tobacco consumption,Total,Total,2016,17.3
Türkiye,Tobacco consumption,Total,Total,2019,17.1
Türkiye,Tobacco consumption,Total,Total,2022,17.8
Türkiye,Tobacco consumption,Total,Total,2025,18.5
United Kingdom,Tobacco consumption,Total,Total,2015,10
United Kingdom,Tobacco consumption,Total,Total,2016,10
United Kingdom,Tobacco consumption,Total,Total,2017,10
United Kingdom,Tobacco consumption,Total,Total,2018,10
United Kingdom,Tobacco consumption,Total,Total,2019,10
United States,Tobacco consumption,Total,Total,2015,14.1
United States,Tobacco consumption,Total,Total,2016,14.1
United States,Tobacco consumption,Total,Total,2017,13.6
United States,Tobacco consumption,Total,Total,2018,13.9
United States,Tobacco consumption,Total,Total,2019,13.7
United States,Tobacco consumption,Total,Total,2020,13.8
United States,Tobacco consumption,Total,Total,2021,13.5
United States,Tobacco consumption,Total,Total,2022,13.5
United States,Tobacco consumption,Total,Total,2023,13.7
United States,Tobacco consumption,Total,Total,2024,13.9
Canada,Share of population who are regular vaping product users,15 years or over,Total,2019,4.7
Canada,Share of population who are regular vaping product users,From 15 to 24 years,Total,2020,13
Canada,Share of population who are regular vaping product users,15 years or over,Total,2020,4.4
Canada,Share of population who are regular vaping product users,15 years or over,Total,2023,6.2
Canada,Share of population who are regular vaping product users,From 15 to 24 years,Total,2023,19.4
Denmark,Share of population who are regular vaping product users,15 years or over,Total,2021,2.3
Denmark,Share of population who are regular vaping product users,From 15 to 24 years,Total,2021,4
Denmark,Share of population who are regular vaping product users,From 15 to 24 years,Total,2022,6.8
Denmark,Share of population who are regular vaping product users,15 years or over,Total,2022,4.1
Denmark,Share of population who are regular vaping product users,15 years or over,Total,2023,7.1
Denmark,Share of population who are regular vaping product users,From 15 to 24 years,Total,2023,8.7
Denmark,Share of population who are regular vaping product users,From 15 to 24 years,Total,2024,12
Denmark,Share of population who are regular vaping product users,15 years or over,Total,2024,6
France,Share of population who are regular vaping product users,15 years or over,Total,2024,7.9
Greece,Share of population who are regular vaping product users,15 years or over,Total,2019,1.8
Greece,Share of population who are regular vaping product users,From 15 to 24 years,Total,2019,0.5
New Zealand,Share of population who are regular vaping product users,15 years or over,Total,2016,1.4
New Zealand,Share of population who are regular vaping product users,From 15 to 24 years,Total,2016,2
Australia,Share of population who are daily smokers,From 15 to 24 years,Total,2016,9.1
Australia,Share of population who are daily smokers,From 15 to 24 years,Total,2019,7.5
Australia,Share of population who are daily smokers,From 15 to 24 years,Total,2022,4.5
Canada,Share of population who are daily smokers,From 15 to 24 years,Total,2016,7.6
Canada,Share of population who are daily smokers,From 15 to 24 years,Total,2017,7.4
Canada,Share of population who are daily smokers,From 15 to 24 years,Total,2018,6.3
Canada,Share of population who are daily smokers,From 15 to 24 years,Total,2019,4.3
Canada,Share of population who are daily smokers,From 15 to 24 years,Total,2020,3.4
Canada,Share of population who are daily smokers,From 15 to 24 years,Total,2021,1.8
Canada,Share of population who are daily smokers,From 15 to 24 years,Total,2022,2.3
Canada,Share of population who are daily smokers,From 15 to 24 years,Total,2024,2.4
Denmark,Share of population who are daily smokers,From 15 to 24 years,Total,2017,15.6
Denmark,Share of population who are daily smokers,From 15 to 24 years,Total,2021,9.2
Denmark,Share of population who are daily smokers,From 15 to 24 years,Total,2023,5.5
Denmark,Share of population who are daily smokers,From 15 to 24 years,Total,2024,8
Finland,Share of population who are daily smokers,From 15 to 24 years,Total,2019,7
France,Share of population who are daily smokers,From 15 to 24 years,Total,2016,36.7
France,Share of population who are daily smokers,From 15 to 24 years,Total,2017,32
France,Share of population who are daily smokers,From 15 to 24 years,Total,2018,31
France,Share of population who are daily smokers,From 15 to 24 years,Total,2019,31.8
France,Share of population who are daily smokers,From 15 to 24 years,Total,2020,31.7
France,Share of population who are daily smokers,From 15 to 24 years,Total,2021,28.3
Germany,Share of population who are daily smokers,From 15 to 24 years,Total,2017,14.2
Germany,Share of population who are daily smokers,From 15 to 24 years,Total,2021,9.9
Greece,Share of population who are daily smokers,From 15 to 24 years,Total,2019,14.4
Italy,Share of population who are daily smokers,From 15 to 24 years,Total,2015,18.4
Italy,Share of population who are daily smokers,From 15 to 24 years,Total,2016,18.4
Italy,Share of population who are daily smokers,From 15 to 24 years,Total,2017,17.9
Italy,Share of population who are daily smokers,From 15 to 24 years,Total,2018,19.7
Italy,Share of population who are daily smokers,From 15 to 24 years,Total,2019,17
Italy,Share of population who are daily smokers,From 15 to 24 years,Total,2020,17.3
Italy,Share of population who are daily smokers,From 15 to 24 years,Total,2021,17.1
Italy,Share of population who are daily smokers,From 15 to 24 years,Total,2022,16.9
Italy,Share of population who are daily smokers,From 15 to 24 years,Total,2023,18.4
Italy,Share of population who are daily smokers,From 15 to 24 years,Total,2024,19.5
Korea,Share of population who are daily smokers,From 15 to 24 years,Total,2015,13.2
Korea,Share of population who are daily smokers,From 15 to 24 years,Total,2016,14.5
Korea,Share of population who are daily smokers,From 15 to 24 years,Total,2017,14.8
Korea,Share of population who are daily smokers,From 15 to 24 years,Total,2018,11.5
Korea,Share of population who are daily smokers,From 15 to 24 years,Total,2019,13.1
Korea,Share of population who are daily smokers,From 15 to 24 years,Total,2020,11.4
Korea,Share of population who are daily smokers,From 15 to 24 years,Total,2021,11.9
Korea,Share of population who are daily smokers,From 15 to 24 years,Total,2022,12
Korea,Share of population who are daily smokers,From 15 to 24 years,Total,2023,11.9
Korea,Share of population who are daily smokers,From 15 to 24 years,Total,2024,4.6
New Zealand,Share of population who are daily smokers,From 15 to 24 years,Total,2015,16.4
New Zealand,Share of population who are daily smokers,From 15 to 24 years,Total,2016,15
New Zealand,Share of population who are daily smokers,From 15 to 24 years,Total,2017,13
New Zealand,Share of population who are daily smokers,From 15 to 24 years,Total,2018,12.9
New Zealand,Share of population who are daily smokers,From 15 to 24 years,Total,2019,11.4
New Zealand,Share of population who are daily smokers,From 15 to 24 years,Total,2020,10.5
New Zealand,Share of population who are daily smokers,From 15 to 24 years,Total,2021,6
New Zealand,Share of population who are daily smokers,From 15 to 24 years,Total,2022,6.5
New Zealand,Share of population who are daily smokers,From 15 to 24 years,Total,2023,3
New Zealand,Share of population who are daily smokers,From 15 to 24 years,Total,2024,3.2
New Zealand,Share of population who are daily smokers,From 15 to 24 years,Total,2025,3.2
Portugal,Share of population who are daily smokers,From 15 to 24 years,Total,2019,12.4
Türkiye,Share of population who are daily smokers,From 15 to 24 years,Total,2016,18.1
Türkiye,Share of population who are daily smokers,From 15 to 24 years,Total,2019,19.6
Türkiye,Share of population who are daily smokers,From 15 to 24 years,Total,2022,19.3
Türkiye,Share of population who are daily smokers,From 15 to 24 years,Total,2025,20.6
United Kingdom,Share of population who are daily smokers,From 15 to 24 years,Total,2015,23.5
United Kingdom,Share of population who are daily smokers,From 15 to 24 years,Total,2016,16.6
United Kingdom,Share of population who are daily smokers,From 15 to 24 years,Total,2017,19.9
United Kingdom,Share of population who are daily smokers,From 15 to 24 years,Total,2018,23.6
United Kingdom,Share of population who are daily smokers,From 15 to 24 years,Total,2019,18.3
United Kingdom,Share of population who are daily smokers,From 15 to 24 years,Total,2020,15.2
United Kingdom,Share of population who are daily smokers,From 15 to 24 years,Total,2021,13.1
United Kingdom,Share of population who are daily smokers,From 15 to 24 years,Total,2022,10.5
United Kingdom,Share of population who are daily smokers,From 15 to 24 years,Total,2023,8.2
United Kingdom,Share of population who are daily smokers,From 15 to 24 years,Total,2024,8.2
United States,Share of population who are daily smokers,From 15 to 24 years,Total,2015,7.7
United States,Share of population who are daily smokers,From 15 to 24 years,Total,2016,9
United States,Share of population who are daily smokers,From 15 to 24 years,Total,2017,6.8
United States,Share of population who are daily smokers,From 15 to 24 years,Total,2018,5
United States,Share of population who are daily smokers,From 15 to 24 years,Total,2019,4.9
United States,Share of population who are daily smokers,From 15 to 24 years,Total,2020,5
United States,Share of population who are daily smokers,From 15 to 24 years,Total,2021,3.1
United States,Share of population who are daily smokers,From 15 to 24 years,Total,2022,2.9
United States,Share of population who are daily smokers,From 15 to 24 years,Total,2023,1.7
United States,Share of population who are daily smokers,From 15 to 24 years,Total,2024,1.4
Australia,Share of population who are daily smokers,15 years or over,Total,2016,12.4
Australia,Share of population who are daily smokers,15 years or over,Total,2019,11.2
Australia,Share of population who are daily smokers,15 years or over,Total,2022,8.5
Canada,Share of population who are daily smokers,15 years or over,Total,2016,12.5
Canada,Share of population who are daily smokers,15 years or over,Total,2017,12
Canada,Share of population who are daily smokers,15 years or over,Total,2018,11.3
Canada,Share of population who are daily smokers,15 years or over,Total,2019,10.3
Canada,Share of population who are daily smokers,15 years or over,Total,2020,9.4
Canada,Share of population who are daily smokers,15 years or over,Total,2021,8.7
Canada,Share of population who are daily smokers,15 years or over,Total,2022,9.4
Canada,Share of population who are daily smokers,15 years or over,Total,2024,8.2
Denmark,Share of population who are daily smokers,15 years or over,Total,2017,16.9
Denmark,Share of population who are daily smokers,15 years or over,Total,2021,13.9
Denmark,Share of population who are daily smokers,15 years or over,Total,2023,11.7
Denmark,Share of population who are daily smokers,15 years or over,Total,2024,11
France,Share of population who are daily smokers,15 years or over,Total,2015,29.4
France,Share of population who are daily smokers,15 years or over,Total,2016,29.4
France,Share of population who are daily smokers,15 years or over,Total,2017,26.9
France,Share of population who are daily smokers,15 years or over,Total,2018,25.4
France,Share of population who are daily smokers,15 years or over,Total,2019,24
France,Share of population who are daily smokers,15 years or over,Total,2020,25.5
France,Share of population who are daily smokers,15 years or over,Total,2021,25.3
Germany,Share of population who are daily smokers,15 years or over,Total,2017,18.8
Germany,Share of population who are daily smokers,15 years or over,Total,2021,14.6
Germany,Share of population who are daily smokers,15 years or over,Total,2025,14
Greece,Share of population who are daily smokers,15 years or over,Total,2019,24.9
Italy,Share of population who are daily smokers,15 years or over,Total,2015,19.8
Italy,Share of population who are daily smokers,15 years or over,Total,2016,20
Italy,Share of population who are daily smokers,15 years or over,Total,2017,19.9
Italy,Share of population who are daily smokers,15 years or over,Total,2018,19.2
Italy,Share of population who are daily smokers,15 years or over,Total,2019,18.6
Italy,Share of population who are daily smokers,15 years or over,Total,2020,18.8
Italy,Share of population who are daily smokers,15 years or over,Total,2021,19.1
Italy,Share of population who are daily smokers,15 years or over,Total,2022,19.8
Italy,Share of population who are daily smokers,15 years or over,Total,2023,19.5
Italy,Share of population who are daily smokers,15 years or over,Total,2024,20
Japan,Share of population who are daily smokers,15 years or over,Total,2015,18.2
Japan,Share of population who are daily smokers,15 years or over,Total,2016,18.3
Japan,Share of population who are daily smokers,15 years or over,Total,2017,17.7
Japan,Share of population who are daily smokers,15 years or over,Total,2018,17.8
Japan,Share of population who are daily smokers,15 years or over,Total,2019,16.7
Japan,Share of population who are daily smokers,15 years or over,Total,2022,14.8
Japan,Share of population who are daily smokers,15 years or over,Total,2023,15.7
Japan,Share of population who are daily smokers,15 years or over,Total,2024,14.8
Korea,Share of population who are daily smokers,15 years or over,Total,2015,17.3
Korea,Share of population who are daily smokers,15 years or over,Total,2016,18.4
Korea,Share of population who are daily smokers,15 years or over,Total,2017,17.5
Korea,Share of population who are daily smokers,15 years or over,Total,2018,17.5
Korea,Share of population who are daily smokers,15 years or over,Total,2019,16.4
Korea,Share of population who are daily smokers,15 years or over,Total,2020,15.9
Korea,Share of population who are daily smokers,15 years or over,Total,2021,15.4
Korea,Share of population who are daily smokers,15 years or over,Total,2022,14.7
Korea,Share of population who are daily smokers,15 years or over,Total,2023,15.3
Korea,Share of population who are daily smokers,15 years or over,Total,2024,13.2
New Zealand,Share of population who are daily smokers,15 years or over,Total,2015,15.2
New Zealand,Share of population who are daily smokers,15 years or over,Total,2016,14.4
New Zealand,Share of population who are daily smokers,15 years or over,Total,2017,14.2
New Zealand,Share of population who are daily smokers,15 years or over,Total,2018,13.3
New Zealand,Share of population who are daily smokers,15 years or over,Total,2019,12.8
New Zealand,Share of population who are daily smokers,15 years or over,Total,2020,11.9
New Zealand,Share of population who are daily smokers,15 years or over,Total,2021,9.4
New Zealand,Share of population who are daily smokers,15 years or over,Total,2022,8.6
New Zealand,Share of population who are daily smokers,15 years or over,Total,2023,6.8
New Zealand,Share of population who are daily smokers,15 years or over,Total,2024,6.9
New Zealand,Share of population who are daily smokers,15 years or over,Total,2025,6.8
Portugal,Share of population who are daily smokers,15 years or over,Total,2019,14.2
Türkiye,Share of population who are daily smokers,15 years or over,Total,2016,26.5
Türkiye,Share of population who are daily smokers,15 years or over,Total,2019,28
Türkiye,Share of population who are daily smokers,15 years or over,Total,2022,28.3
Türkiye,Share of population who are daily smokers,15 years or over,Total,2025,30.1
United Kingdom,Share of population who are daily smokers,15 years or over,Total,2015,17.8
United Kingdom,Share of population who are daily smokers,15 years or over,Total,2016,16.1
United Kingdom,Share of population who are daily smokers,15 years or over,Total,2017,16.8
United Kingdom,Share of population who are daily smokers,15 years or over,Total,2018,16.6
United Kingdom,Share of population who are daily smokers,15 years or over,Total,2019,15.8
United Kingdom,Share of population who are daily smokers,15 years or over,Total,2020,14.5
United Kingdom,Share of population who are daily smokers,15 years or over,Total,2021,12.7
United Kingdom,Share of population who are daily smokers,15 years or over,Total,2022,11.2
United Kingdom,Share of population who are daily smokers,15 years or over,Total,2023,10.5
United Kingdom,Share of population who are daily smokers,15 years or over,Total,2024,9.1
United States,Share of population who are daily smokers,15 years or over,Total,2015,11.4
United States,Share of population who are daily smokers,15 years or over,Total,2016,11.8
United States,Share of population who are daily smokers,15 years or over,Total,2017,10.5
United States,Share of population who are daily smokers,15 years or over,Total,2018,10.3
United States,Share of population who are daily smokers,15 years or over,Total,2019,10.9
United States,Share of population who are daily smokers,15 years or over,Total,2020,9.4
United States,Share of population who are daily smokers,15 years or over,Total,2021,8.8
United States,Share of population who are daily smokers,15 years or over,Total,2022,8.9
United States,Share of population who are daily smokers,15 years or over,Total,2023,8
United States,Share of population who are daily smokers,15 years or over,Total,2024,7.4
Australia,Share of population who are daily smokers,15 years or over,Female,2016,10.8
Australia,Share of population who are daily smokers,15 years or over,Female,2019,10
Australia,Share of population who are daily smokers,15 years or over,Female,2022,7.8
Canada,Share of population who are daily smokers,15 years or over,Female,2016,10.8
Canada,Share of population who are daily smokers,15 years or over,Female,2017,10
Canada,Share of population who are daily smokers,15 years or over,Female,2018,9.7
Canada,Share of population who are daily smokers,15 years or over,Female,2019,8.7
Canada,Share of population who are daily smokers,15 years or over,Female,2020,7.6
Canada,Share of population who are daily smokers,15 years or over,Female,2021,7.9
Canada,Share of population who are daily smokers,15 years or over,Female,2022,8.3
Canada,Share of population who are daily smokers,15 years or over,Female,2024,7
Denmark,Share of population who are daily smokers,15 years or over,Female,2017,15.4
Denmark,Share of population who are daily smokers,15 years or over,Female,2021,12.7
Denmark,Share of population who are daily smokers,15 years or over,Female,2023,10.5
Denmark,Share of population who are daily smokers,15 years or over,Female,2024,10
France,Share of population who are daily smokers,15 years or over,Female,2015,25.8
France,Share of population who are daily smokers,15 years or over,Female,2016,26
France,Share of population who are daily smokers,15 years or over,Female,2017,24.2
France,Share of population who are daily smokers,15 years or over,Female,2018,22.9
France,Share of population who are daily smokers,15 years or over,Female,2019,20.7
France,Share of population who are daily smokers,15 years or over,Female,2020,22
France,Share of population who are daily smokers,15 years or over,Female,2021,23
Germany,Share of population who are daily smokers,15 years or over,Female,2017,15.3
Germany,Share of population who are daily smokers,15 years or over,Female,2021,11.8
Germany,Share of population who are daily smokers,15 years or over,Female,2025,11.4
Greece,Share of population who are daily smokers,15 years or over,Female,2019,19
Italy,Share of population who are daily smokers,15 years or over,Female,2015,15.8
Italy,Share of population who are daily smokers,15 years or over,Female,2016,15.3
Italy,Share of population who are daily smokers,15 years or over,Female,2017,15
Italy,Share of population who are daily smokers,15 years or over,Female,2018,15.1
Italy,Share of population who are daily smokers,15 years or over,Female,2019,14.9
Italy,Share of population who are daily smokers,15 years or over,Female,2020,15.4
Italy,Share of population who are daily smokers,15 years or over,Female,2021,15.5
Italy,Share of population who are daily smokers,15 years or over,Female,2022,15.8
Italy,Share of population who are daily smokers,15 years or over,Female,2023,15.8
Italy,Share of population who are daily smokers,15 years or over,Female,2024,16.6
Japan,Share of population who are daily smokers,15 years or over,Female,2015,7.9
Japan,Share of population who are daily smokers,15 years or over,Female,2016,8.2
Japan,Share of population who are daily smokers,15 years or over,Female,2017,7.2
Japan,Share of population who are daily smokers,15 years or over,Female,2018,8.1
Japan,Share of population who are daily smokers,15 years or over,Female,2019,7.6
Japan,Share of population who are daily smokers,15 years or over,Female,2022,6.2
Japan,Share of population who are daily smokers,15 years or over,Female,2023,6.9
Japan,Share of population who are daily smokers,15 years or over,Female,2024,6.5
Korea,Share of population who are daily smokers,15 years or over,Female,2015,3.4
Korea,Share of population who are daily smokers,15 years or over,Female,2016,4.1
Korea,Share of population who are daily smokers,15 years or over,Female,2017,3.5
Korea,Share of population who are daily smokers,15 years or over,Female,2018,4.5
Korea,Share of population who are daily smokers,15 years or over,Female,2019,4.4
Korea,Share of population who are daily smokers,15 years or over,Female,2020,3.9
Korea,Share of population who are daily smokers,15 years or over,Female,2021,4.5
Korea,Share of population who are daily smokers,15 years or over,Female,2022,3.7
Korea,Share of population who are daily smokers,15 years or over,Female,2023,3.8
Korea,Share of population who are daily smokers,15 years or over,Female,2024,2.7
New Zealand,Share of population who are daily smokers,15 years or over,Female,2015,14
New Zealand,Share of population who are daily smokers,15 years or over,Female,2016,13.1
New Zealand,Share of population who are daily smokers,15 years or over,Female,2017,12.9
New Zealand,Share of population who are daily smokers,15 years or over,Female,2018,12.2
New Zealand,Share of population who are daily smokers,15 years or over,Female,2019,11.4
New Zealand,Share of population who are daily smokers,15 years or over,Female,2020,11.4
New Zealand,Share of population who are daily smokers,15 years or over,Female,2021,9.3
New Zealand,Share of population who are daily smokers,15 years or over,Female,2022,7.9
New Zealand,Share of population who are daily smokers,15 years or over,Female,2023,6.4
New Zealand,Share of population who are daily smokers,15 years or over,Female,2024,5.7
New Zealand,Share of population who are daily smokers,15 years or over,Female,2025,5.3
Portugal,Share of population who are daily smokers,15 years or over,Female,2019,9
Türkiye,Share of population who are daily smokers,15 years or over,Female,2016,13.3
Türkiye,Share of population who are daily smokers,15 years or over,Female,2019,14.9
Türkiye,Share of population who are daily smokers,15 years or over,Female,2022,15.5
Türkiye,Share of population who are daily smokers,15 years or over,Female,2025,17.5
United Kingdom,Share of population who are daily smokers,15 years or over,Female,2015,16.6
United Kingdom,Share of population who are daily smokers,15 years or over,Female,2016,14.5
United Kingdom,Share of population who are daily smokers,15 years or over,Female,2017,15
United Kingdom,Share of population who are daily smokers,15 years or over,Female,2018,16.2
United Kingdom,Share of population who are daily smokers,15 years or over,Female,2019,13.8
United Kingdom,Share of population who are daily smokers,15 years or over,Female,2020,13.7
United Kingdom,Share of population who are daily smokers,15 years or over,Female,2021,11.7
United Kingdom,Share of population who are daily smokers,15 years or over,Female,2022,10
United Kingdom,Share of population who are daily smokers,15 years or over,Female,2023,9.6
United Kingdom,Share of population who are daily smokers,15 years or over,Female,2024,8.1
United States,Share of population who are daily smokers,15 years or over,Female,2015,10.7
United States,Share of population who are daily smokers,15 years or over,Female,2016,10.5
United States,Share of population who are daily smokers,15 years or over,Female,2017,9.5
United States,Share of population who are daily smokers,15 years or over,Female,2018,9.1
United States,Share of population who are daily smokers,15 years or over,Female,2019,10
United States,Share of population who are daily smokers,15 years or over,Female,2020,8.6
United States,Share of population who are daily smokers,15 years or over,Female,2021,8
United States,Share of population who are daily smokers,15 years or over,Female,2022,7.9
United States,Share of population who are daily smokers,15 years or over,Female,2023,6.9
United States,Share of population who are daily smokers,15 years or over,Female,2024,6.3
Australia,Share of population who are daily smokers,15 years or over,Male,2016,14
Australia,Share of population who are daily smokers,15 years or over,Male,2019,12.4
Australia,Share of population who are daily smokers,15 years or over,Male,2022,9.1
Canada,Share of population who are daily smokers,15 years or over,Male,2016,14.2
Canada,Share of population who are daily smokers,15 years or over,Male,2017,14.2
Canada,Share of population who are daily smokers,15 years or over,Male,2018,12.8
Canada,Share of population who are daily smokers,15 years or over,Male,2019,12
Canada,Share of population who are daily smokers,15 years or over,Male,2020,11.3
Canada,Share of population who are daily smokers,15 years or over,Male,2021,9.5
Canada,Share of population who are daily smokers,15 years or over,Male,2022,10.5
Canada,Share of population who are daily smokers,15 years or over,Male,2024,9.6
Denmark,Share of population who are daily smokers,15 years or over,Male,2017,18.5
Denmark,Share of population who are daily smokers,15 years or over,Male,2021,15.2
Denmark,Share of population who are daily smokers,15 years or over,Male,2023,12.9
Denmark,Share of population who are daily smokers,15 years or over,Male,2024,12
France,Share of population who are daily smokers,15 years or over,Male,2015,33.1
France,Share of population who are daily smokers,15 years or over,Male,2016,33
France,Share of population who are daily smokers,15 years or over,Male,2017,29.8
France,Share of population who are daily smokers,15 years or over,Male,2018,28.2
France,Share of population who are daily smokers,15 years or over,Male,2019,27.5
France,Share of population who are daily smokers,15 years or over,Male,2020,29.1
France,Share of population who are daily smokers,15 years or over,Male,2021,27.8
Germany,Share of population who are daily smokers,15 years or over,Male,2017,22.3
Germany,Share of population who are daily smokers,15 years or over,Male,2021,17.5
Germany,Share of population who are daily smokers,15 years or over,Male,2025,16.8
Greece,Share of population who are daily smokers,15 years or over,Male,2019,31.3
Italy,Share of population who are daily smokers,15 years or over,Male,2015,24.9
Italy,Share of population who are daily smokers,15 years or over,Male,2016,25.1
Italy,Share of population who are daily smokers,15 years or over,Male,2017,25.1
Italy,Share of population who are daily smokers,15 years or over,Male,2018,23.5
Italy,Share of population who are daily smokers,15 years or over,Male,2019,22.7
Italy,Share of population who are daily smokers,15 years or over,Male,2020,22.5
Italy,Share of population who are daily smokers,15 years or over,Male,2021,23.1
Italy,Share of population who are daily smokers,15 years or over,Male,2022,24.1
Italy,Share of population who are daily smokers,15 years or over,Male,2023,23.4
Italy,Share of population who are daily smokers,15 years or over,Male,2024,23.5
Japan,Share of population who are daily smokers,15 years or over,Male,2015,30.1
Japan,Share of population who are daily smokers,15 years or over,Male,2016,30.2
Japan,Share of population who are daily smokers,15 years or over,Male,2017,29.4
Japan,Share of population who are daily smokers,15 years or over,Male,2018,29
Japan,Share of population who are daily smokers,15 years or over,Male,2019,27.1
Japan,Share of population who are daily smokers,15 years or over,Male,2022,24.8
Japan,Share of population who are daily smokers,15 years or over,Male,2023,25.6
Japan,Share of population who are daily smokers,15 years or over,Male,2024,24.5
Korea,Share of population who are daily smokers,15 years or over,Male,2015,31.4
Korea,Share of population who are daily smokers,15 years or over,Male,2016,32.9
Korea,Share of population who are daily smokers,15 years or over,Male,2017,31.6
Korea,Share of population who are daily smokers,15 years or over,Male,2018,30.5
Korea,Share of population who are daily smokers,15 years or over,Male,2019,28.5
Korea,Share of population who are daily smokers,15 years or over,Male,2020,27.8
Korea,Share of population who are daily smokers,15 years or over,Male,2021,26.3
Korea,Share of population who are daily smokers,15 years or over,Male,2022,25.8
Korea,Share of population who are daily smokers,15 years or over,Male,2023,26.8
Korea,Share of population who are daily smokers,15 years or over,Male,2024,23.7
New Zealand,Share of population who are daily smokers,15 years or over,Male,2015,16.4
New Zealand,Share of population who are daily smokers,15 years or over,Male,2016,15.9
New Zealand,Share of population who are daily smokers,15 years or over,Male,2017,15.5
New Zealand,Share of population who are daily smokers,15 years or over,Male,2018,14.5
New Zealand,Share of population who are daily smokers,15 years or over,Male,2019,14.2
New Zealand,Share of population who are daily smokers,15 years or over,Male,2020,12.5
New Zealand,Share of population who are daily smokers,15 years or over,Male,2021,9.5
New Zealand,Share of population who are daily smokers,15 years or over,Male,2022,9.4
New Zealand,Share of population who are daily smokers,15 years or over,Male,2023,7.3
New Zealand,Share of population who are daily smokers,15 years or over,Male,2024,8.2
New Zealand,Share of population who are daily smokers,15 years or over,Male,2025,8.3
Portugal,Share of population who are daily smokers,15 years or over,Male,2019,20.2
Türkiye,Share of population who are daily smokers,15 years or over,Male,2016,40.1
Türkiye,Share of population who are daily smokers,15 years or over,Male,2019,41.3
Türkiye,Share of population who are daily smokers,15 years or over,Male,2022,41.3
Türkiye,Share of population who are daily smokers,15 years or over,Male,2025,42.9
United Kingdom,Share of population who are daily smokers,15 years or over,Male,2015,19.1
United Kingdom,Share of population who are daily smokers,15 years or over,Male,2016,17.7
United Kingdom,Share of population who are daily smokers,15 years or over,Male,2017,18.7
United Kingdom,Share of population who are daily smokers,15 years or over,Male,2018,17
United Kingdom,Share of population who are daily smokers,15 years or over,Male,2019,17.9
United Kingdom,Share of population who are daily smokers,15 years or over,Male,2020,15.3
United Kingdom,Share of population who are daily smokers,15 years or over,Male,2021,13.7
United Kingdom,Share of population who are daily smokers,15 years or over,Male,2022,12.5
United Kingdom,Share of population who are daily smokers,15 years or over,Male,2023,11.5
United Kingdom,Share of population who are daily smokers,15 years or over,Male,2024,10.2
United States,Share of population who are daily smokers,15 years or over,Male,2015,12.2
United States,Share of population who are daily smokers,15 years or over,Male,2016,13.2
United States,Share of population who are daily smokers,15 years or over,Male,2017,11.5
United States,Share of population who are daily smokers,15 years or over,Male,2018,11.5
United States,Share of population who are daily smokers,15 years or over,Male,2019,11.7
United States,Share of population who are daily smokers,15 years or over,Male,2020,10.3
United States,Share of population who are daily smokers,15 years or over,Male,2021,9.7
United States,Share of population who are daily smokers,15 years or over,Male,2022,9.9
United States,Share of population who are daily smokers,15 years or over,Male,2023,9.1
United States,Share of population who are daily smokers,15 years or over,Male,2024,8.5
Australia,Share of population who are daily smokers,From 15 to 24 years,Male,2016,9.8
Australia,Share of population who are daily smokers,From 15 to 24 years,Male,2019,8.5
Australia,Share of population who are daily smokers,From 15 to 24 years,Male,2022,5.4
Canada,Share of population who are daily smokers,From 15 to 24 years,Male,2016,8.4
Canada,Share of population who are daily smokers,From 15 to 24 years,Male,2017,9.1
Canada,Share of population who are daily smokers,From 15 to 24 years,Male,2018,7.1
Canada,Share of population who are daily smokers,From 15 to 24 years,Male,2019,4.9
Canada,Share of population who are daily smokers,From 15 to 24 years,Male,2020,4.6
Canada,Share of population who are daily smokers,From 15 to 24 years,Male,2021,2.3
Canada,Share of population who are daily smokers,From 15 to 24 years,Male,2022,3
Canada,Share of population who are daily smokers,From 15 to 24 years,Male,2024,3.1
Denmark,Share of population who are daily smokers,From 15 to 24 years,Male,2017,17.1
Denmark,Share of population who are daily smokers,From 15 to 24 years,Male,2021,9.2
Denmark,Share of population who are daily smokers,From 15 to 24 years,Male,2023,6.4
Finland,Share of population who are daily smokers,From 15 to 24 years,Male,2019,5
France,Share of population who are daily smokers,From 15 to 24 years,Male,2016,44.2
France,Share of population who are daily smokers,From 15 to 24 years,Male,2017,35.3
France,Share of population who are daily smokers,From 15 to 24 years,Male,2018,33.2
France,Share of population who are daily smokers,From 15 to 24 years,Male,2019,36.5
France,Share of population who are daily smokers,From 15 to 24 years,Male,2020,35.8
France,Share of population who are daily smokers,From 15 to 24 years,Male,2021,28.7
Germany,Share of population who are daily smokers,From 15 to 24 years,Male,2017,17
Germany,Share of population who are daily smokers,From 15 to 24 years,Male,2021,11.9
Greece,Share of population who are daily smokers,From 15 to 24 years,Male,2019,20.7
Italy,Share of population who are daily smokers,From 15 to 24 years,Male,2015,22.4
Italy,Share of population who are daily smokers,From 15 to 24 years,Male,2016,21
Italy,Share of population who are daily smokers,From 15 to 24 years,Male,2017,20.9
Italy,Share of population who are daily smokers,From 15 to 24 years,Male,2018,23.5
Italy,Share of population who are daily smokers,From 15 to 24 years,Male,2019,20.4
Italy,Share of population who are daily smokers,From 15 to 24 years,Male,2020,20.8
Italy,Share of population who are daily smokers,From 15 to 24 years,Male,2021,19
Italy,Share of population who are daily smokers,From 15 to 24 years,Male,2022,20.6
Italy,Share of population who are daily smokers,From 15 to 24 years,Male,2023,20.5
Italy,Share of population who are daily smokers,From 15 to 24 years,Male,2024,21.1
Korea,Share of population who are daily smokers,From 15 to 24 years,Male,2015,21.5
Korea,Share of population who are daily smokers,From 15 to 24 years,Male,2016,25.5
Korea,Share of population who are daily smokers,From 15 to 24 years,Male,2017,24.5
Korea,Share of population who are daily smokers,From 15 to 24 years,Male,2018,16.4
Korea,Share of population who are daily smokers,From 15 to 24 years,Male,2019,20.4
Korea,Share of population who are daily smokers,From 15 to 24 years,Male,2020,17.2
Korea,Share of population who are daily smokers,From 15 to 24 years,Male,2021,18
Korea,Share of population who are daily smokers,From 15 to 24 years,Male,2022,20.1
Korea,Share of population who are daily smokers,From 15 to 24 years,Male,2023,16.5
Korea,Share of population who are daily smokers,From 15 to 24 years,Male,2024,8.2
New Zealand,Share of population who are daily smokers,From 15 to 24 years,Male,2015,18.2
New Zealand,Share of population who are daily smokers,From 15 to 24 years,Male,2016,17.5
New Zealand,Share of population who are daily smokers,From 15 to 24 years,Male,2017,13.2
New Zealand,Share of population who are daily smokers,From 15 to 24 years,Male,2018,12.9
New Zealand,Share of population who are daily smokers,From 15 to 24 years,Male,2019,12.4
New Zealand,Share of population who are daily smokers,From 15 to 24 years,Male,2020,12.3
New Zealand,Share of population who are daily smokers,From 15 to 24 years,Male,2021,5.6
New Zealand,Share of population who are daily smokers,From 15 to 24 years,Male,2022,6.8
New Zealand,Share of population who are daily smokers,From 15 to 24 years,Male,2023,3.2
New Zealand,Share of population who are daily smokers,From 15 to 24 years,Male,2024,4.5
New Zealand,Share of population who are daily smokers,From 15 to 24 years,Male,2025,5
Portugal,Share of population who are daily smokers,From 15 to 24 years,Male,2019,17.2
Türkiye,Share of population who are daily smokers,From 15 to 24 years,Male,2016,28.2
Türkiye,Share of population who are daily smokers,From 15 to 24 years,Male,2019,31
Türkiye,Share of population who are daily smokers,From 15 to 24 years,Male,2022,29
Türkiye,Share of population who are daily smokers,From 15 to 24 years,Male,2025,30.5
United Kingdom,Share of population who are daily smokers,From 15 to 24 years,Male,2015,24.1
United Kingdom,Share of population who are daily smokers,From 15 to 24 years,Male,2016,17.2
United Kingdom,Share of population who are daily smokers,From 15 to 24 years,Male,2017,23.9
United Kingdom,Share of population who are daily smokers,From 15 to 24 years,Male,2018,28
United Kingdom,Share of population who are daily smokers,From 15 to 24 years,Male,2019,20.7
United Kingdom,Share of population who are daily smokers,From 15 to 24 years,Male,2020,15.9
United Kingdom,Share of population who are daily smokers,From 15 to 24 years,Male,2021,13.5
United Kingdom,Share of population who are daily smokers,From 15 to 24 years,Male,2022,9.9
United Kingdom,Share of population who are daily smokers,From 15 to 24 years,Male,2023,7.1
United Kingdom,Share of population who are daily smokers,From 15 to 24 years,Male,2024,8.5
United States,Share of population who are daily smokers,From 15 to 24 years,Male,2015,8.2
United States,Share of population who are daily smokers,From 15 to 24 years,Male,2016,9.9
United States,Share of population who are daily smokers,From 15 to 24 years,Male,2017,6.9
United States,Share of population who are daily smokers,From 15 to 24 years,Male,2018,4.3
United States,Share of population who are daily smokers,From 15 to 24 years,Male,2019,5
United States,Share of population who are daily smokers,From 15 to 24 years,Male,2020,5.7
United States,Share of population who are daily smokers,From 15 to 24 years,Male,2021,3.4
United States,Share of population who are daily smokers,From 15 to 24 years,Male,2022,3.5
United States,Share of population who are daily smokers,From 15 to 24 years,Male,2023,1.9
United States,Share of population who are daily smokers,From 15 to 24 years,Male,2024,2
Australia,Share of population who are daily smokers,From 15 to 24 years,Female,2016,8.3
Australia,Share of population who are daily smokers,From 15 to 24 years,Female,2019,6.4
Australia,Share of population who are daily smokers,From 15 to 24 years,Female,2022,3.7
Canada,Share of population who are daily smokers,From 15 to 24 years,Female,2016,6.8
Canada,Share of population who are daily smokers,From 15 to 24 years,Female,2017,5.6
Canada,Share of population who are daily smokers,From 15 to 24 years,Female,2018,5.6
Canada,Share of population who are daily smokers,From 15 to 24 years,Female,2019,3.6
Canada,Share of population who are daily smokers,From 15 to 24 years,Female,2020,1.9
Canada,Share of population who are daily smokers,From 15 to 24 years,Female,2021,1.4
Canada,Share of population who are daily smokers,From 15 to 24 years,Female,2022,1.5
Canada,Share of population who are daily smokers,From 15 to 24 years,Female,2024,1.6
Denmark,Share of population who are daily smokers,From 15 to 24 years,Female,2017,14.2
Denmark,Share of population who are daily smokers,From 15 to 24 years,Female,2021,9.3
Denmark,Share of population who are daily smokers,From 15 to 24 years,Female,2023,4.7
Finland,Share of population who are daily smokers,From 15 to 24 years,Female,2019,9
France,Share of population who are daily smokers,From 15 to 24 years,Female,2016,29.2
France,Share of population who are daily smokers,From 15 to 24 years,Female,2017,28.8
France,Share of population who are daily smokers,From 15 to 24 years,Female,2018,28.8
France,Share of population who are daily smokers,From 15 to 24 years,Female,2019,27
France,Share of population who are daily smokers,From 15 to 24 years,Female,2020,27.7
France,Share of population who are daily smokers,From 15 to 24 years,Female,2021,27.9
Germany,Share of population who are daily smokers,From 15 to 24 years,Female,2017,11.2
Germany,Share of population who are daily smokers,From 15 to 24 years,Female,2021,7.9
Greece,Share of population who are daily smokers,From 15 to 24 years,Female,2019,7.9
Italy,Share of population who are daily smokers,From 15 to 24 years,Female,2015,14
Italy,Share of population who are daily smokers,From 15 to 24 years,Female,2016,15.7
Italy,Share of population who are daily smokers,From 15 to 24 years,Female,2017,14.7
Italy,Share of population who are daily smokers,From 15 to 24 years,Female,2018,15.7
Italy,Share of population who are daily smokers,From 15 to 24 years,Female,2019,13.3
Italy,Share of population who are daily smokers,From 15 to 24 years,Female,2020,13.5
Italy,Share of population who are daily smokers,From 15 to 24 years,Female,2021,15
Italy,Share of population who are daily smokers,From 15 to 24 years,Female,2022,12.9
Italy,Share of population who are daily smokers,From 15 to 24 years,Female,2023,16.2
Italy,Share of population who are daily smokers,From 15 to 24 years,Female,2024,17.8
Korea,Share of population who are daily smokers,From 15 to 24 years,Female,2015,4.1
Korea,Share of population who are daily smokers,From 15 to 24 years,Female,2016,2.6
Korea,Share of population who are daily smokers,From 15 to 24 years,Female,2017,4.4
Korea,Share of population who are daily smokers,From 15 to 24 years,Female,2018,5.9
Korea,Share of population who are daily smokers,From 15 to 24 years,Female,2019,5.2
Korea,Share of population who are daily smokers,From 15 to 24 years,Female,2020,5
Korea,Share of population who are daily smokers,From 15 to 24 years,Female,2021,5.3
Korea,Share of population who are daily smokers,From 15 to 24 years,Female,2022,3.6
Korea,Share of population who are daily smokers,From 15 to 24 years,Female,2023,7
Korea,Share of population who are daily smokers,From 15 to 24 years,Female,2024,0.8
New Zealand,Share of population who are daily smokers,From 15 to 24 years,Female,2015,14.6
New Zealand,Share of population who are daily smokers,From 15 to 24 years,Female,2016,12.4
New Zealand,Share of population who are daily smokers,From 15 to 24 years,Female,2017,12.8
New Zealand,Share of population who are daily smokers,From 15 to 24 years,Female,2018,13
New Zealand,Share of population who are daily smokers,From 15 to 24 years,Female,2019,10.4
New Zealand,Share of population who are daily smokers,From 15 to 24 years,Female,2020,8.6
New Zealand,Share of population who are daily smokers,From 15 to 24 years,Female,2021,6.5
New Zealand,Share of population who are daily smokers,From 15 to 24 years,Female,2022,6.2
New Zealand,Share of population who are daily smokers,From 15 to 24 years,Female,2023,3
New Zealand,Share of population who are daily smokers,From 15 to 24 years,Female,2024,1.5
New Zealand,Share of population who are daily smokers,From 15 to 24 years,Female,2025,1.5
Portugal,Share of population who are daily smokers,From 15 to 24 years,Female,2019,9.6
Türkiye,Share of population who are daily smokers,From 15 to 24 years,Female,2016,7.8
Türkiye,Share of population who are daily smokers,From 15 to 24 years,Female,2019,7.9
Türkiye,Share of population who are daily smokers,From 15 to 24 years,Female,2022,9
Türkiye,Share of population who are daily smokers,From 15 to 24 years,Female,2025,10.1
United Kingdom,Share of population who are daily smokers,From 15 to 24 years,Female,2015,22.9
United Kingdom,Share of population who are daily smokers,From 15 to 24 years,Female,2016,16
United Kingdom,Share of population who are daily smokers,From 15 to 24 years,Female,2017,15.7
United Kingdom,Share of population who are daily smokers,From 15 to 24 years,Female,2018,18.4
United Kingdom,Share of population who are daily smokers,From 15 to 24 years,Female,2019,15.2
United Kingdom,Share of population who are daily smokers,From 15 to 24 years,Female,2020,14.4
United Kingdom,Share of population who are daily smokers,From 15 to 24 years,Female,2021,12.7
United Kingdom,Share of population who are daily smokers,From 15 to 24 years,Female,2022,11
United Kingdom,Share of population who are daily smokers,From 15 to 24 years,Female,2023,9.4
United Kingdom,Share of population who are daily smokers,From 15 to 24 years,Female,2024,7.9
United States,Share of population who are daily smokers,From 15 to 24 years,Female,2015,7.3
United States,Share of population who are daily smokers,From 15 to 24 years,Female,2016,8
United States,Share of population who are daily smokers,From 15 to 24 years,Female,2017,6.8
United States,Share of population who are daily smokers,From 15 to 24 years,Female,2018,5.6
United States,Share of population who are daily smokers,From 15 to 24 years,Female,2019,4.8
United States,Share of population who are daily smokers,From 15 to 24 years,Female,2020,4.2
United States,Share of population who are daily smokers,From 15 to 24 years,Female,2021,2.9
United States,Share of population who are daily smokers,From 15 to 24 years,Female,2022,2.3
United States,Share of population who are daily smokers,From 15 to 24 years,Female,2023,1.5
United States,Share of population who are daily smokers,From 15 to 24 years,Female,2024,0.7
Canada,Share of population who are regular vaping product users,15 years or over,Female,2019,3.6
Canada,Share of population who are regular vaping product users,15 years or over,Male,2019,5.8
Canada,Share of population who are regular vaping product users,15 years or over,Male,2020,5.8
Canada,Share of population who are regular vaping product users,15 years or over,Female,2020,2.9
Canada,Share of population who are regular vaping product users,From 15 to 24 years,Female,2020,9.5
Canada,Share of population who are regular vaping product users,From 15 to 24 years,Male,2020,15.7
Canada,Share of population who are regular vaping product users,From 15 to 24 years,Male,2023,21.4
Canada,Share of population who are regular vaping product users,From 15 to 24 years,Female,2023,17.1
Canada,Share of population who are regular vaping product users,15 years or over,Female,2023,5
Canada,Share of population who are regular vaping product users,15 years or over,Male,2023,7.4
Denmark,Share of population who are regular vaping product users,15 years or over,Male,2021,2.7
Denmark,Share of population who are regular vaping product users,From 15 to 24 years,Male,2021,4.3
Denmark,Share of population who are regular vaping product users,From 15 to 24 years,Female,2021,3.3
Denmark,Share of population who are regular vaping product users,15 years or over,Female,2021,2
Denmark,Share of population who are regular vaping product users,15 years or over,Female,2022,4.2
Denmark,Share of population who are regular vaping product users,15 years or over,Male,2022,4
Denmark,Share of population who are regular vaping product users,15 years or over,Male,2023,6.1
Denmark,Share of population who are regular vaping product users,15 years or over,Female,2023,7.9
Denmark,Share of population who are regular vaping product users,15 years or over,Female,2024,6
Denmark,Share of population who are regular vaping product users,15 years or over,Male,2024,7
France,Share of population who are regular vaping product users,15 years or over,Male,2024,8.8
France,Share of population who are regular vaping product users,15 years or over,Female,2024,7
Greece,Share of population who are regular vaping product users,15 years or over,Male,2019,2.3
Greece,Share of population who are regular vaping product users,15 years or over,Female,2019,1.3
Greece,Share of population who are regular vaping product users,From 15 to 24 years,Female,2019,0
Greece,Share of population who are regular vaping product users,From 15 to 24 years,Male,2019,0.9
New Zealand,Share of population who are regular vaping product users,15 years or over,Male,2016,1.6
New Zealand,Share of population who are regular vaping product users,15 years or over,Female,2016,1.1
New Zealand,Share of population who are regular vaping product users,From 15 to 24 years,Female,2016,1.2
New Zealand,Share of population who are regular vaping product users,From 15 to 24 years,Male,2016,2.6
Japan,Share of population who are overweight,Total,Female,2015,16.2
Japan,Share of population who are overweight,Total,Male,2015,25
Japan,Share of population who are overweight,Total,Total,2015,20.1
Japan,Share of population who are overweight,Total,Total,2016,21.2
Japan,Share of population who are overweight,Total,Male,2016,26.8
Japan,Share of population who are overweight,Total,Female,2016,16.6
Japan,Share of population who are overweight,Total,Female,2017,17.8
Japan,Share of population who are overweight,Total,Male,2017,26
Japan,Share of population who are overweight,Total,Total,2017,21.6
Japan,Share of population who are overweight,Total,Total,2018,22.7
Japan,Share of population who are overweight,Total,Male,2018,27.9
Japan,Share of population who are overweight,Total,Female,2018,18.2
Japan,Share of population who are overweight,Total,Female,2019,18.5
Japan,Share of population who are overweight,Total,Male,2019,27.5
Japan,Share of population who are overweight,Total,Total,2019,22.6
Japan,Share of population who are overweight,Total,Total,2022,21.7
Japan,Share of population who are overweight,Total,Male,2022,27.3
Japan,Share of population who are overweight,Total,Female,2022,16.8
Japan,Share of population who are overweight,Total,Female,2023,16.7
Japan,Share of population who are overweight,Total,Male,2023,26.8
Japan,Share of population who are overweight,Total,Total,2023,21.4
Japan,Share of population who are overweight,Total,Total,2024,21
Japan,Share of population who are overweight,Total,Male,2024,27.7
Japan,Share of population who are overweight,Total,Female,2024,15.4
United Kingdom,Share of population who are overweight,Total,Female,2015,31.2
United Kingdom,Share of population who are overweight,Total,Total,2015,36.1
United Kingdom,Share of population who are overweight,Total,Male,2015,40.9
United Kingdom,Share of population who are overweight,Total,Male,2016,39.9
United Kingdom,Share of population who are overweight,Total,Total,2016,35.2
United Kingdom,Share of population who are overweight,Total,Female,2016,30.5
United Kingdom,Share of population who are overweight,Total,Female,2017,31.5
United Kingdom,Share of population who are overweight,Total,Total,2017,35.6
United Kingdom,Share of population who are overweight,Total,Male,2017,39.8
United Kingdom,Share of population who are overweight,Total,Male,2018,40.8
United Kingdom,Share of population who are overweight,Total,Total,2018,35.5
United Kingdom,Share of population who are overweight,Total,Female,2018,30.5
United Kingdom,Share of population who are overweight,Total,Female,2019,31.3
United Kingdom,Share of population who are overweight,Total,Total,2019,36.2
United Kingdom,Share of population who are overweight,Total,Male,2019,41.2
Australia,Share of population who are overweight,Total,Total,2017,34.8
Australia,Share of population who are overweight,Total,Female,2017,29
Australia,Share of population who are overweight,Total,Male,2017,40.9
Australia,Share of population who are overweight,Total,Male,2022,37.7
Australia,Share of population who are overweight,Total,Female,2022,29
Australia,Share of population who are overweight,Total,Total,2022,33.3
Canada,Share of population who are overweight,Total,Male,2017,38.4
Canada,Share of population who are overweight,Total,Female,2017,28.5
Canada,Share of population who are overweight,Total,Total,2017,33.5
Canada,Share of population who are overweight,Total,Male,2019,39.6
Canada,Share of population who are overweight,Total,Female,2019,31.4
Canada,Share of population who are overweight,Total,Total,2019,35.5
Finland,Share of population who are overweight,Total,Total,2017,40.8
Finland,Share of population who are overweight,Total,Female,2017,35.8
Finland,Share of population who are overweight,Total,Male,2017,45.8
Finland,Share of population who are overweight,Total,Male,2022,44.5
Finland,Share of population who are overweight,Total,Female,2022,35
Finland,Share of population who are overweight,Total,Total,2022,39.7
France,Share of population who are overweight,Total,Female,2015,26.8
France,Share of population who are overweight,Total,Total,2015,32
France,Share of population who are overweight,Total,Male,2015,37.1
France,Share of population who are overweight,Total,Female,2017,24.7
France,Share of population who are overweight,Total,Total,2017,30.8
France,Share of population who are overweight,Total,Male,2017,35.5
Korea,Share of population who are overweight,Total,Male,2015,32.4
Korea,Share of population who are overweight,Total,Female,2015,23.8
Korea,Share of population who are overweight,Total,Total,2015,28.1
Korea,Share of population who are overweight,Total,Total,2016,29
Korea,Share of population who are overweight,Total,Female,2016,23.4
Korea,Share of population who are overweight,Total,Male,2016,34.6
Korea,Share of population who are overweight,Total,Male,2017,34.3
Korea,Share of population who are overweight,Total,Female,2017,22.4
Korea,Share of population who are overweight,Total,Total,2017,28.4
Korea,Share of population who are overweight,Total,Total,2018,28.4
Korea,Share of population who are overweight,Total,Female,2018,22.5
Korea,Share of population who are overweight,Total,Male,2018,34.2
Korea,Share of population who are overweight,Total,Male,2019,34.3
Korea,Share of population who are overweight,Total,Female,2019,21.3
Korea,Share of population who are overweight,Total,Total,2019,27.9
Korea,Share of population who are overweight,Total,Total,2020,30.5
Korea,Share of population who are overweight,Total,Female,2020,23.8
Korea,Share of population who are overweight,Total,Male,2020,37.1
Korea,Share of population who are overweight,Total,Male,2021,36.5
Korea,Share of population who are overweight,Total,Female,2021,22.9
Korea,Share of population who are overweight,Total,Total,2021,29.7
Korea,Share of population who are overweight,Total,Total,2022,29.4
Korea,Share of population who are overweight,Total,Female,2022,22.3
Korea,Share of population who are overweight,Total,Male,2022,36.4
Korea,Share of population who are overweight,Total,Male,2023,34.4
Korea,Share of population who are overweight,Total,Female,2023,24.1
Korea,Share of population who are overweight,Total,Total,2023,29.3
Korea,Share of population who are overweight,Total,Total,2024,29.3
Korea,Share of population who are overweight,Total,Female,2024,21.7
Korea,Share of population who are overweight,Total,Male,2024,36.8
New Zealand,Share of population who are overweight,Total,Male,2015,40.8
New Zealand,Share of population who are overweight,Total,Female,2015,29.5
New Zealand,Share of population who are overweight,Total,Total,2015,35
New Zealand,Share of population who are overweight,Total,Total,2016,35.2
New Zealand,Share of population who are overweight,Total,Female,2016,30.8
New Zealand,Share of population who are overweight,Total,Male,2016,39.8
New Zealand,Share of population who are overweight,Total,Male,2017,39.1
New Zealand,Share of population who are overweight,Total,Female,2017,30.1
New Zealand,Share of population who are overweight,Total,Total,2017,34.5
New Zealand,Share of population who are overweight,Total,Total,2018,34.6
New Zealand,Share of population who are overweight,Total,Female,2018,29.7
New Zealand,Share of population who are overweight,Total,Male,2018,39.7
New Zealand,Share of population who are overweight,Total,Male,2019,39.2
New Zealand,Share of population who are overweight,Total,Female,2019,29.6
New Zealand,Share of population who are overweight,Total,Total,2019,34.3
New Zealand,Share of population who are overweight,Total,Total,2020,35.1
New Zealand,Share of population who are overweight,Total,Female,2020,30.5
New Zealand,Share of population who are overweight,Total,Male,2020,40
New Zealand,Share of population who are overweight,Total,Male,2021,37.7
New Zealand,Share of population who are overweight,Total,Female,2021,29.6
New Zealand,Share of population who are overweight,Total,Total,2021,33.6
New Zealand,Share of population who are overweight,Total,Male,2023,38.5
New Zealand,Share of population who are overweight,Total,Female,2023,27.8
New Zealand,Share of population who are overweight,Total,Total,2023,33.1
New Zealand,Share of population who are overweight,Total,Total,2024,33.1
New Zealand,Share of population who are overweight,Total,Female,2024,28.1
New Zealand,Share of population who are overweight,Total,Male,2024,38.2
New Zealand,Share of population who are overweight,Total,Male,2025,37.9
New Zealand,Share of population who are overweight,Total,Female,2025,28.6
New Zealand,Share of population who are overweight,Total,Total,2025,33.2
Portugal,Share of population who are overweight,Total,Total,2015,38.9
Portugal,Share of population who are overweight,Total,Male,2015,45.4
Portugal,Share of population who are overweight,Total,Female,2015,33.1
Türkiye,Share of population who are overweight,Total,Total,2017,35.6
Türkiye,Share of population who are overweight,Total,Female,2017,30.1
Türkiye,Share of population who are overweight,Total,Male,2017,41.2
Türkiye,Share of population who are overweight,Total,Total,2023,35.5
Türkiye,Share of population who are overweight,Total,Female,2023,29.7
Türkiye,Share of population who are overweight,Total,Male,2023,41.3
United States,Share of population who are overweight,Total,Male,2016,35.8
United States,Share of population who are overweight,Total,Total,2016,31
United States,Share of population who are overweight,Total,Female,2016,26.3
United States,Share of population who are overweight,Total,Male,2018,33.7
United States,Share of population who are overweight,Total,Total,2018,30.3
United States,Share of population who are overweight,Total,Female,2018,26.9
United States,Share of population who are overweight,Total,Male,2020,34.2
United States,Share of population who are overweight,Total,Total,2020,30.7
United States,Share of population who are overweight,Total,Female,2020,27.2
United States,Share of population who are overweight,Total,Female,2023,27.6
United States,Share of population who are overweight,Total,Total,2023,31.3
United States,Share of population who are overweight,Total,Male,2023,35.1
Australia,Share of population who are overweight,Total,Male,2017,34.9
Australia,Share of population who are overweight,Total,Male,2022,38.9
Canada,Share of population who are overweight,Total,Male,2016,39.1
Canada,Share of population who are overweight,Total,Male,2017,40.2
Canada,Share of population who are overweight,Total,Male,2018,40.2
Canada,Share of population who are overweight,Total,Male,2019,39.3
Canada,Share of population who are overweight,Total,Male,2020,39.1
Canada,Share of population who are overweight,Total,Male,2021,38.9
Canada,Share of population who are overweight,Total,Male,2022,38.6
Canada,Share of population who are overweight,Total,Male,2024,39
Denmark,Share of population who are overweight,Total,Male,2017,40.6
Denmark,Share of population who are overweight,Total,Male,2021,40.5
Finland,Share of population who are overweight,Total,Male,2019,42
France,Share of population who are overweight,Total,Male,2017,36.2
France,Share of population who are overweight,Total,Male,2019,36.8
Germany,Share of population who are overweight,Total,Male,2017,44
Germany,Share of population who are overweight,Total,Male,2021,43.7
Germany,Share of population who are overweight,Total,Male,2025,42.7
Greece,Share of population who are overweight,Total,Male,2019,49.2
Italy,Share of population who are overweight,Total,Male,2015,44
Italy,Share of population who are overweight,Total,Male,2016,44.6
Italy,Share of population who are overweight,Total,Male,2017,43
Italy,Share of population who are overweight,Total,Male,2018,43.5
Italy,Share of population who are overweight,Total,Male,2019,43.3
Italy,Share of population who are overweight,Total,Male,2020,43.9
Italy,Share of population who are overweight,Total,Male,2021,42.1
Italy,Share of population who are overweight,Total,Male,2022,42.7
Italy,Share of population who are overweight,Total,Male,2023,42
Italy,Share of population who are overweight,Total,Male,2024,43.1
Korea,Share of population who are overweight,Total,Male,2015,29.7
Korea,Share of population who are overweight,Total,Male,2016,30.9
Korea,Share of population who are overweight,Total,Male,2017,31.2
Korea,Share of population who are overweight,Total,Male,2018,33.2
Korea,Share of population who are overweight,Total,Male,2020,33.5
Korea,Share of population who are overweight,Total,Male,2021,34
Korea,Share of population who are overweight,Total,Male,2022,34
Korea,Share of population who are overweight,Total,Male,2023,34.2
Korea,Share of population who are overweight,Total,Male,2024,34.7
Korea,Share of population who are overweight,Total,Male,2025,35.5
Portugal,Share of population who are overweight,Total,Male,2022,43
Türkiye,Share of population who are overweight,Total,Male,2016,38.6
Türkiye,Share of population who are overweight,Total,Male,2019,39.7
Türkiye,Share of population who are overweight,Total,Male,2022,40.4
Türkiye,Share of population who are overweight,Total,Male,2025,43.1
United Kingdom,Share of population who are overweight,Total,Male,2017,40.6
United Kingdom,Share of population who are overweight,Total,Male,2021,43.3
United States,Share of population who are overweight,Total,Male,2015,39.7
United States,Share of population who are overweight,Total,Male,2016,41.4
United States,Share of population who are overweight,Total,Male,2017,40.9
United States,Share of population who are overweight,Total,Male,2018,40.8
United States,Share of population who are overweight,Total,Male,2019,39.2
United States,Share of population who are overweight,Total,Male,2020,39.5
United States,Share of population who are overweight,Total,Male,2021,39.7
United States,Share of population who are overweight,Total,Male,2022,39.3
United States,Share of population who are overweight,Total,Male,2023,38.4
United States,Share of population who are overweight,Total,Male,2024,38.3
Australia,Share of population who are overweight,Total,Female,2017,21.5
Australia,Share of population who are overweight,Total,Female,2022,27.5
Canada,Share of population who are overweight,Total,Female,2016,27.5
Canada,Share of population who are overweight,Total,Female,2017,27.8
Canada,Share of population who are overweight,Total,Female,2018,27.9
Canada,Share of population who are overweight,Total,Female,2019,28.1
Canada,Share of population who are overweight,Total,Female,2020,27.7
Canada,Share of population who are overweight,Total,Female,2021,28.7
Canada,Share of population who are overweight,Total,Female,2022,27.7
Canada,Share of population who are overweight,Total,Female,2024,28.4
Denmark,Share of population who are overweight,Total,Female,2017,27.8
Denmark,Share of population who are overweight,Total,Female,2021,27.8
Finland,Share of population who are overweight,Total,Female,2019,31
France,Share of population who are overweight,Total,Female,2017,25.6
France,Share of population who are overweight,Total,Female,2019,25.5
Germany,Share of population who are overweight,Total,Female,2017,28.5
Germany,Share of population who are overweight,Total,Female,2021,27.8
Germany,Share of population who are overweight,Total,Female,2025,28
Greece,Share of population who are overweight,Total,Female,2019,33.2
Italy,Share of population who are overweight,Total,Female,2015,27.3
Italy,Share of population who are overweight,Total,Female,2016,27.2
Italy,Share of population who are overweight,Total,Female,2017,28.4
Italy,Share of population who are overweight,Total,Female,2018,27.9
Italy,Share of population who are overweight,Total,Female,2019,28.1
Italy,Share of population who are overweight,Total,Female,2020,28.8
Italy,Share of population who are overweight,Total,Female,2021,26.8
Italy,Share of population who are overweight,Total,Female,2022,27.8
Italy,Share of population who are overweight,Total,Female,2023,27.6
Italy,Share of population who are overweight,Total,Female,2024,27.8
Korea,Share of population who are overweight,Total,Female,2015,16.7
Korea,Share of population who are overweight,Total,Female,2016,17.2
Korea,Share of population who are overweight,Total,Female,2017,17.4
Korea,Share of population who are overweight,Total,Female,2018,19.4
Korea,Share of population who are overweight,Total,Female,2020,18.5
Korea,Share of population who are overweight,Total,Female,2021,18.5
Korea,Share of population who are overweight,Total,Female,2022,18.8
Korea,Share of population who are overweight,Total,Female,2023,19.1
Korea,Share of population who are overweight,Total,Female,2024,19.4
Korea,Share of population who are overweight,Total,Female,2025,19.2
Portugal,Share of population who are overweight,Total,Female,2022,32.3
Türkiye,Share of population who are overweight,Total,Female,2016,30.1
Türkiye,Share of population who are overweight,Total,Female,2019,30.4
Türkiye,Share of population who are overweight,Total,Female,2022,30.9
Türkiye,Share of population who are overweight,Total,Female,2025,32.2
United Kingdom,Share of population who are overweight,Total,Female,2017,29.9
United Kingdom,Share of population who are overweight,Total,Female,2021,32.5
United States,Share of population who are overweight,Total,Female,2015,28.2
United States,Share of population who are overweight,Total,Female,2016,29
United States,Share of population who are overweight,Total,Female,2017,28.6
United States,Share of population who are overweight,Total,Female,2018,28.6
United States,Share of population who are overweight,Total,Female,2019,29
United States,Share of population who are overweight,Total,Female,2020,28.7
United States,Share of population who are overweight,Total,Female,2021,28.6
United States,Share of population who are overweight,Total,Female,2022,28.8
United States,Share of population who are overweight,Total,Female,2023,29.5
United States,Share of population who are overweight,Total,Female,2024,28.7
Australia,Share of population who are overweight,Total,Total,2017,28.1
Australia,Share of population who are overweight,Total,Total,2022,33.1
Canada,Share of population who are overweight,Total,Total,2016,33.4
Canada,Share of population who are overweight,Total,Total,2017,34
Canada,Share of population who are overweight,Total,Total,2018,34
Canada,Share of population who are overweight,Total,Total,2019,33.8
Canada,Share of population who are overweight,Total,Total,2020,33.4
Canada,Share of population who are overweight,Total,Total,2021,33.8
Canada,Share of population who are overweight,Total,Total,2022,33.2
Canada,Share of population who are overweight,Total,Total,2024,33.7
Denmark,Share of population who are overweight,Total,Total,2017,34.2
Denmark,Share of population who are overweight,Total,Total,2021,34.1
Finland,Share of population who are overweight,Total,Total,2019,36
France,Share of population who are overweight,Total,Total,2017,30.7
France,Share of population who are overweight,Total,Total,2019,30.9
Germany,Share of population who are overweight,Total,Total,2017,36.4
Germany,Share of population who are overweight,Total,Total,2021,35.9
Germany,Share of population who are overweight,Total,Total,2025,35.5
Greece,Share of population who are overweight,Total,Total,2019,40.8
Italy,Share of population who are overweight,Total,Total,2015,35.3
Italy,Share of population who are overweight,Total,Total,2016,35.5
Italy,Share of population who are overweight,Total,Total,2017,35.4
Italy,Share of population who are overweight,Total,Total,2018,35.4
Italy,Share of population who are overweight,Total,Total,2019,35.4
Italy,Share of population who are overweight,Total,Total,2020,36.1
Italy,Share of population who are overweight,Total,Total,2021,34.2
Italy,Share of population who are overweight,Total,Total,2022,35
Italy,Share of population who are overweight,Total,Total,2023,34.6
Italy,Share of population who are overweight,Total,Total,2024,35.2
Korea,Share of population who are overweight,Total,Total,2015,23.3
Korea,Share of population who are overweight,Total,Total,2016,24.1
Korea,Share of population who are overweight,Total,Total,2017,24.3
Korea,Share of population who are overweight,Total,Total,2018,26.3
Korea,Share of population who are overweight,Total,Total,2020,26
Korea,Share of population who are overweight,Total,Total,2021,26.2
Korea,Share of population who are overweight,Total,Total,2022,26.4
Korea,Share of population who are overweight,Total,Total,2023,26.6
Korea,Share of population who are overweight,Total,Total,2024,27
Korea,Share of population who are overweight,Total,Total,2025,27.3
Portugal,Share of population who are overweight,Total,Total,2022,37.3
Türkiye,Share of population who are overweight,Total,Total,2016,34.3
Türkiye,Share of population who are overweight,Total,Total,2019,35
Türkiye,Share of population who are overweight,Total,Total,2022,35.6
Türkiye,Share of population who are overweight,Total,Total,2025,37.6
United Kingdom,Share of population who are overweight,Total,Total,2017,35.2
United Kingdom,Share of population who are overweight,Total,Total,2021,37.8
United States,Share of population who are overweight,Total,Total,2015,33.9
United States,Share of population who are overweight,Total,Total,2016,35.1
United States,Share of population who are overweight,Total,Total,2017,34.7
United States,Share of population who are overweight,Total,Total,2018,34.6
United States,Share of population who are overweight,Total,Total,2019,34
United States,Share of population who are overweight,Total,Total,2020,34
United States,Share of population who are overweight,Total,Total,2021,34
United States,Share of population who are overweight,Total,Total,2022,34
United States,Share of population who are overweight,Total,Total,2023,33.9
United States,Share of population who are overweight,Total,Total,2024,33.4
Australia,Share of population who are obese,Total,Female,2017,18.7
Australia,Share of population who are obese,Total,Female,2022,25.5
Canada,Share of population who are obese,Total,Female,2016,18.1
Canada,Share of population who are obese,Total,Female,2017,19
Canada,Share of population who are obese,Total,Female,2018,18.7
Canada,Share of population who are obese,Total,Female,2019,19.7
Canada,Share of population who are obese,Total,Female,2020,20.7
Canada,Share of population who are obese,Total,Female,2021,21
Canada,Share of population who are obese,Total,Female,2022,22.4
Canada,Share of population who are obese,Total,Female,2024,24.4
Denmark,Share of population who are obese,Total,Female,2017,16.6
Denmark,Share of population who are obese,Total,Female,2021,18.3
Denmark,Share of population who are obese,Total,Female,2023,19.2
Finland,Share of population who are obese,Total,Female,2019,21
France,Share of population who are obese,Total,Female,2017,15
France,Share of population who are obese,Total,Female,2019,15.2
Germany,Share of population who are obese,Total,Female,2017,14.6
Germany,Share of population who are obese,Total,Female,2021,14.8
Germany,Share of population who are obese,Total,Female,2025,15.8
Greece,Share of population who are obese,Total,Female,2019,16.2
Italy,Share of population who are obese,Total,Female,2015,9
Italy,Share of population who are obese,Total,Female,2016,9.8
Italy,Share of population who are obese,Total,Female,2017,9.4
Italy,Share of population who are obese,Total,Female,2018,9.8
Italy,Share of population who are obese,Total,Female,2019,10.3
Italy,Share of population who are obese,Total,Female,2020,10.8
Italy,Share of population who are obese,Total,Female,2021,11.1
Italy,Share of population who are obese,Total,Female,2022,10.6
Italy,Share of population who are obese,Total,Female,2023,10.7
Italy,Share of population who are obese,Total,Female,2024,10.9
Korea,Share of population who are obese,Total,Female,2015,2.1
Korea,Share of population who are obese,Total,Female,2016,2.3
Korea,Share of population who are obese,Total,Female,2017,2.3
Korea,Share of population who are obese,Total,Female,2018,3.2
Korea,Share of population who are obese,Total,Female,2020,2.9
Korea,Share of population who are obese,Total,Female,2021,3.1
Korea,Share of population who are obese,Total,Female,2022,3.3
Korea,Share of population who are obese,Total,Female,2023,3.2
Korea,Share of population who are obese,Total,Female,2024,3.6
Korea,Share of population who are obese,Total,Female,2025,3.6
Portugal,Share of population who are obese,Total,Female,2022,15.7
Türkiye,Share of population who are obese,Total,Female,2016,23.9
Türkiye,Share of population who are obese,Total,Female,2019,24.8
Türkiye,Share of population who are obese,Total,Female,2022,23.6
Türkiye,Share of population who are obese,Total,Female,2025,24.8
United Kingdom,Share of population who are obese,Total,Female,2017,21.6
United Kingdom,Share of population who are obese,Total,Female,2021,25.4
United States,Share of population who are obese,Total,Female,2015,29.8
United States,Share of population who are obese,Total,Female,2016,30.2
United States,Share of population who are obese,Total,Female,2017,31.4
United States,Share of population who are obese,Total,Female,2018,31.8
United States,Share of population who are obese,Total,Female,2019,32.6
United States,Share of population who are obese,Total,Female,2020,33.9
United States,Share of population who are obese,Total,Female,2021,33.8
United States,Share of population who are obese,Total,Female,2022,34.3
United States,Share of population who are obese,Total,Female,2023,34.4
United States,Share of population who are obese,Total,Female,2024,34.5
Australia,Share of population who are obese,Total,Male,2017,20.4
Australia,Share of population who are obese,Total,Male,2022,25.4
Canada,Share of population who are obese,Total,Male,2016,21.3
Canada,Share of population who are obese,Total,Male,2017,20.5
Canada,Share of population who are obese,Total,Male,2018,20.7
Canada,Share of population who are obese,Total,Male,2019,21.2
Canada,Share of population who are obese,Total,Male,2020,21.2
Canada,Share of population who are obese,Total,Male,2021,22.2
Canada,Share of population who are obese,Total,Male,2022,22.5
Canada,Share of population who are obese,Total,Male,2024,23.6
Denmark,Share of population who are obese,Total,Male,2017,17.1
Denmark,Share of population who are obese,Total,Male,2021,18.6
Denmark,Share of population who are obese,Total,Male,2023,18.1
Finland,Share of population who are obese,Total,Male,2019,20
France,Share of population who are obese,Total,Male,2017,15.8
France,Share of population who are obese,Total,Male,2019,13.5
Germany,Share of population who are obese,Total,Male,2017,18.1
Germany,Share of population who are obese,Total,Male,2021,18.7
Germany,Share of population who are obese,Total,Male,2025,19.9
Greece,Share of population who are obese,Total,Male,2019,16.6
Italy,Share of population who are obese,Total,Male,2015,10.8
Italy,Share of population who are obese,Total,Male,2016,11.1
Italy,Share of population who are obese,Total,Male,2017,11.8
Italy,Share of population who are obese,Total,Male,2018,11.7
Italy,Share of population who are obese,Total,Male,2019,11.7
Italy,Share of population who are obese,Total,Male,2020,12.3
Italy,Share of population who are obese,Total,Male,2021,12.9
Italy,Share of population who are obese,Total,Male,2022,12.2
Italy,Share of population who are obese,Total,Male,2023,13
Italy,Share of population who are obese,Total,Male,2024,12.7
Korea,Share of population who are obese,Total,Male,2015,3.5
Korea,Share of population who are obese,Total,Male,2016,4
Korea,Share of population who are obese,Total,Male,2017,4.4
Korea,Share of population who are obese,Total,Male,2018,5.3
Korea,Share of population who are obese,Total,Male,2020,5.6
Korea,Share of population who are obese,Total,Male,2021,5.8
Korea,Share of population who are obese,Total,Male,2022,6.2
Korea,Share of population who are obese,Total,Male,2023,6.7
Korea,Share of population who are obese,Total,Male,2024,6.7
Korea,Share of population who are obese,Total,Male,2025,7
Portugal,Share of population who are obese,Total,Male,2022,16.1
Türkiye,Share of population who are obese,Total,Male,2016,15.2
Türkiye,Share of population who are obese,Total,Male,2019,17.3
Türkiye,Share of population who are obese,Total,Male,2022,16.8
Türkiye,Share of population who are obese,Total,Male,2025,18.7
United Kingdom,Share of population who are obese,Total,Male,2017,20.3
United Kingdom,Share of population who are obese,Total,Male,2021,26.5
United States,Share of population who are obese,Total,Male,2015,30.6
United States,Share of population who are obese,Total,Male,2016,30.3
United States,Share of population who are obese,Total,Male,2017,30.6
United States,Share of population who are obese,Total,Male,2018,31.5
United States,Share of population who are obese,Total,Male,2019,32.6
United States,Share of population who are obese,Total,Male,2020,33.1
United States,Share of population who are obese,Total,Male,2021,33.2
United States,Share of population who are obese,Total,Male,2022,33.2
United States,Share of population who are obese,Total,Male,2023,34.7
United States,Share of population who are obese,Total,Male,2024,33.9
Australia,Share of population who are obese,Total,Total,2017,19.5
Australia,Share of population who are obese,Total,Total,2022,25.4
Canada,Share of population who are obese,Total,Total,2016,19.7
Canada,Share of population who are obese,Total,Total,2017,19.8
Canada,Share of population who are obese,Total,Total,2018,19.7
Canada,Share of population who are obese,Total,Total,2019,20.4
Canada,Share of population who are obese,Total,Total,2020,21
Canada,Share of population who are obese,Total,Total,2021,21.6
Canada,Share of population who are obese,Total,Total,2022,22.4
Canada,Share of population who are obese,Total,Total,2024,24
Denmark,Share of population who are obese,Total,Total,2017,16.8
Denmark,Share of population who are obese,Total,Total,2021,18.5
Denmark,Share of population who are obese,Total,Total,2023,18.7
Finland,Share of population who are obese,Total,Total,2019,21
France,Share of population who are obese,Total,Total,2017,15.4
France,Share of population who are obese,Total,Total,2019,14.4
Germany,Share of population who are obese,Total,Total,2017,16.3
Germany,Share of population who are obese,Total,Total,2021,16.8
Germany,Share of population who are obese,Total,Total,2025,17.9
Greece,Share of population who are obese,Total,Total,2019,16.4
Italy,Share of population who are obese,Total,Total,2015,9.8
Italy,Share of population who are obese,Total,Total,2016,10.4
Italy,Share of population who are obese,Total,Total,2017,10.6
Italy,Share of population who are obese,Total,Total,2018,10.7
Italy,Share of population who are obese,Total,Total,2019,11
Italy,Share of population who are obese,Total,Total,2020,11.5
Italy,Share of population who are obese,Total,Total,2021,12
Italy,Share of population who are obese,Total,Total,2022,11.4
Italy,Share of population who are obese,Total,Total,2023,11.8
Italy,Share of population who are obese,Total,Total,2024,11.8
Korea,Share of population who are obese,Total,Total,2015,2.8
Korea,Share of population who are obese,Total,Total,2016,3.2
Korea,Share of population who are obese,Total,Total,2017,3.4
Korea,Share of population who are obese,Total,Total,2018,4.3
Korea,Share of population who are obese,Total,Total,2020,4.2
Korea,Share of population who are obese,Total,Total,2021,4.5
Korea,Share of population who are obese,Total,Total,2022,4.7
Korea,Share of population who are obese,Total,Total,2023,4.9
Korea,Share of population who are obese,Total,Total,2024,5.2
Korea,Share of population who are obese,Total,Total,2025,5.3
Portugal,Share of population who are obese,Total,Total,2022,15.9
Türkiye,Share of population who are obese,Total,Total,2016,19.6
Türkiye,Share of population who are obese,Total,Total,2019,21.1
Türkiye,Share of population who are obese,Total,Total,2022,20.2
Türkiye,Share of population who are obese,Total,Total,2025,21.8
United Kingdom,Share of population who are obese,Total,Total,2017,21
United Kingdom,Share of population who are obese,Total,Total,2021,25.9
United States,Share of population who are obese,Total,Total,2015,30.2
United States,Share of population who are obese,Total,Total,2016,30.2
United States,Share of population who are obese,Total,Total,2017,31
United States,Share of population who are obese,Total,Total,2018,31.6
United States,Share of population who are obese,Total,Total,2019,32.6
United States,Share of population who are obese,Total,Total,2020,33.6
United States,Share of population who are obese,Total,Total,2021,33.5
United States,Share of population who are obese,Total,Total,2022,33.8
United States,Share of population who are obese,Total,Total,2023,34.5
United States,Share of population who are obese,Total,Total,2024,34.2
Australia,Share of population who are obese,Total,Male,2017,31.5
Australia,Share of population who are obese,Total,Male,2022,31.5
Canada,Share of population who are obese,Total,Male,2017,26.9
Canada,Share of population who are obese,Total,Male,2019,26.7
Finland,Share of population who are obese,Total,Male,2017,26.1
Finland,Share of population who are obese,Total,Male,2022,28.3
France,Share of population who are obese,Total,Male,2015,16.8
France,Share of population who are obese,Total,Male,2017,14.8
Japan,Share of population who are obese,Total,Male,2015,4.4
Japan,Share of population who are obese,Total,Male,2016,4.5
Japan,Share of population who are obese,Total,Male,2017,4.7
Japan,Share of population who are obese,Total,Male,2018,4.3
Japan,Share of population who are obese,Total,Male,2019,5.5
Japan,Share of population who are obese,Total,Male,2022,4.5
Japan,Share of population who are obese,Total,Male,2023,4.7
Japan,Share of population who are obese,Total,Male,2024,4.7
Korea,Share of population who are obese,Total,Male,2015,6.1
Korea,Share of population who are obese,Total,Male,2016,6
Korea,Share of population who are obese,Total,Male,2017,5.4
Korea,Share of population who are obese,Total,Male,2018,6.9
Korea,Share of population who are obese,Total,Male,2019,6.2
Korea,Share of population who are obese,Total,Male,2020,8.9
Korea,Share of population who are obese,Total,Male,2021,7.8
Korea,Share of population who are obese,Total,Male,2022,8.6
Korea,Share of population who are obese,Total,Male,2023,8.6
Korea,Share of population who are obese,Total,Male,2024,9.7
New Zealand,Share of population who are obese,Total,Male,2015,29.6
New Zealand,Share of population who are obese,Total,Male,2016,30.9
New Zealand,Share of population who are obese,Total,Male,2017,30.8
New Zealand,Share of population who are obese,Total,Male,2018,31
New Zealand,Share of population who are obese,Total,Male,2019,29.9
New Zealand,Share of population who are obese,Total,Male,2020,30.5
New Zealand,Share of population who are obese,Total,Male,2021,33.1
New Zealand,Share of population who are obese,Total,Male,2023,31.8
New Zealand,Share of population who are obese,Total,Male,2024,32.8
New Zealand,Share of population who are obese,Total,Male,2025,32.5
Portugal,Share of population who are obese,Total,Male,2015,24.9
Türkiye,Share of population who are obese,Total,Male,2017,21.6
Türkiye,Share of population who are obese,Total,Male,2023,20
United Kingdom,Share of population who are obese,Total,Male,2015,26.9
United Kingdom,Share of population who are obese,Total,Male,2016,25.7
United Kingdom,Share of population who are obese,Total,Male,2017,27.4
United Kingdom,Share of population who are obese,Total,Male,2018,26.2
United Kingdom,Share of population who are obese,Total,Male,2019,27
United States,Share of population who are obese,Total,Male,2016,38.3
United States,Share of population who are obese,Total,Male,2018,43.5
United States,Share of population who are obese,Total,Male,2020,42.5
United States,Share of population who are obese,Total,Male,2023,39.7
Australia,Share of population who are obese,Total,Total,2017,30.4
Australia,Share of population who are obese,Total,Total,2022,30.7
Canada,Share of population who are obese,Total,Total,2017,26.9
Canada,Share of population who are obese,Total,Total,2019,24.3
Finland,Share of population who are obese,Total,Total,2017,26.8
Finland,Share of population who are obese,Total,Total,2022,30.2
France,Share of population who are obese,Total,Total,2015,17
France,Share of population who are obese,Total,Total,2017,15.6
Japan,Share of population who are obese,Total,Total,2015,3.7
Japan,Share of population who are obese,Total,Total,2016,4.2
Japan,Share of population who are obese,Total,Total,2017,4.4
Japan,Share of population who are obese,Total,Total,2018,4
Japan,Share of population who are obese,Total,Total,2019,4.6
Japan,Share of population who are obese,Total,Total,2022,4.3
Japan,Share of population who are obese,Total,Total,2023,4.6
Japan,Share of population who are obese,Total,Total,2024,4.3
Korea,Share of population who are obese,Total,Total,2015,5.3
Korea,Share of population who are obese,Total,Total,2016,5.5
Korea,Share of population who are obese,Total,Total,2017,5.4
Korea,Share of population who are obese,Total,Total,2018,5.9
Korea,Share of population who are obese,Total,Total,2019,5.9
Korea,Share of population who are obese,Total,Total,2020,7.4
Korea,Share of population who are obese,Total,Total,2021,7
Korea,Share of population who are obese,Total,Total,2022,7.1
Korea,Share of population who are obese,Total,Total,2023,7.2
Korea,Share of population who are obese,Total,Total,2024,8
New Zealand,Share of population who are obese,Total,Total,2015,30.9
New Zealand,Share of population who are obese,Total,Total,2016,31.8
New Zealand,Share of population who are obese,Total,Total,2017,32.4
New Zealand,Share of population who are obese,Total,Total,2018,32.4
New Zealand,Share of population who are obese,Total,Total,2019,31
New Zealand,Share of population who are obese,Total,Total,2020,31.3
New Zealand,Share of population who are obese,Total,Total,2021,34.4
New Zealand,Share of population who are obese,Total,Total,2023,32.5
New Zealand,Share of population who are obese,Total,Total,2024,33.7
New Zealand,Share of population who are obese,Total,Total,2025,34.2
Portugal,Share of population who are obese,Total,Total,2015,28.7
Türkiye,Share of population who are obese,Total,Total,2017,28.8
Türkiye,Share of population who are obese,Total,Total,2023,25.4
United Kingdom,Share of population who are obese,Total,Total,2015,26.9
United Kingdom,Share of population who are obese,Total,Total,2016,26.2
United Kingdom,Share of population who are obese,Total,Total,2017,28.7
United Kingdom,Share of population who are obese,Total,Total,2018,27.7
United Kingdom,Share of population who are obese,Total,Total,2019,28
United States,Share of population who are obese,Total,Total,2016,40
United States,Share of population who are obese,Total,Total,2018,42.8
United States,Share of population who are obese,Total,Total,2020,42.3
United States,Share of population who are obese,Total,Total,2023,40.8
Australia,Share of population who are obese,Total,Female,2017,29.3
Australia,Share of population who are obese,Total,Female,2022,29.9
Canada,Share of population who are obese,Total,Female,2017,27
Canada,Share of population who are obese,Total,Female,2019,22
Finland,Share of population who are obese,Total,Female,2017,27.5
Finland,Share of population who are obese,Total,Female,2022,32
France,Share of population who are obese,Total,Female,2015,17.4
France,Share of population who are obese,Total,Female,2017,16.4
Japan,Share of population who are obese,Total,Female,2015,3.1
Japan,Share of population who are obese,Total,Female,2016,4
Japan,Share of population who are obese,Total,Female,2017,4.1
Japan,Share of population who are obese,Total,Female,2018,3.7
Japan,Share of population who are obese,Total,Female,2019,3.8
Japan,Share of population who are obese,Total,Female,2022,4.1
Japan,Share of population who are obese,Total,Female,2023,4.4
Japan,Share of population who are obese,Total,Female,2024,3.9
Korea,Share of population who are obese,Total,Female,2015,4.6
Korea,Share of population who are obese,Total,Female,2016,5.1
Korea,Share of population who are obese,Total,Female,2017,5.3
Korea,Share of population who are obese,Total,Female,2018,4.9
Korea,Share of population who are obese,Total,Female,2019,5.5
Korea,Share of population who are obese,Total,Female,2020,5.8
Korea,Share of population who are obese,Total,Female,2021,6.1
Korea,Share of population who are obese,Total,Female,2022,5.6
Korea,Share of population who are obese,Total,Female,2023,5.8
Korea,Share of population who are obese,Total,Female,2024,6.3
New Zealand,Share of population who are obese,Total,Female,2015,32.1
New Zealand,Share of population who are obese,Total,Female,2016,32.6
New Zealand,Share of population who are obese,Total,Female,2017,34
New Zealand,Share of population who are obese,Total,Female,2018,33.8
New Zealand,Share of population who are obese,Total,Female,2019,32.1
New Zealand,Share of population who are obese,Total,Female,2020,32
New Zealand,Share of population who are obese,Total,Female,2021,35.8
New Zealand,Share of population who are obese,Total,Female,2023,33.1
New Zealand,Share of population who are obese,Total,Female,2024,34.6
New Zealand,Share of population who are obese,Total,Female,2025,35.8
Portugal,Share of population who are obese,Total,Female,2015,32.1
Türkiye,Share of population who are obese,Total,Female,2017,35.9
Türkiye,Share of population who are obese,Total,Female,2023,30.8
United Kingdom,Share of population who are obese,Total,Female,2015,26.8
United Kingdom,Share of population who are obese,Total,Female,2016,26.6
United Kingdom,Share of population who are obese,Total,Female,2017,30
United Kingdom,Share of population who are obese,Total,Female,2018,29.2
United Kingdom,Share of population who are obese,Total,Female,2019,29.1
United States,Share of population who are obese,Total,Female,2016,41.6
United States,Share of population who are obese,Total,Female,2018,42.1
United States,Share of population who are obese,Total,Female,2020,42.1
United States,Share of population who are obese,Total,Female,2023,42
Finland,Share of population who are daily smokers,15 years or over,Female,2015,14.5
Finland,Share of population who are daily smokers,15 years or over,Male,2015,18.8
Finland,Share of population who are daily smokers,15 years or over,Total,2015,16.6
Finland,Share of population who are daily smokers,15 years or over,Total,2016,15.4
Finland,Share of population who are daily smokers,15 years or over,Male,2016,16.2
Finland,Share of population who are daily smokers,15 years or over,Female,2016,15.4
Finland,Share of population who are daily smokers,15 years or over,Female,2017,11.9
Finland,Share of population who are daily smokers,15 years or over,Male,2017,14.6
Finland,Share of population who are daily smokers,15 years or over,Total,2017,13.2
Finland,Share of population who are daily smokers,15 years or over,Total,2018,14.1
Finland,Share of population who are daily smokers,15 years or over,Male,2018,15.2
Finland,Share of population who are daily smokers,15 years or over,Female,2018,13
Finland,Share of population who are daily smokers,15 years or over,Female,2019,10.4
Finland,Share of population who are daily smokers,15 years or over,Male,2019,16.3
Finland,Share of population who are daily smokers,15 years or over,Total,2019,13.3
Finland,Share of population who are daily smokers,15 years or over,Total,2020,12.4
Finland,Share of population who are daily smokers,15 years or over,Male,2020,13.5
Finland,Share of population who are daily smokers,15 years or over,Female,2020,11.3
Finland,Share of population who are daily smokers,15 years or over,Total,2022,11.3
Finland,Share of population who are daily smokers,15 years or over,Male,2022,12
Finland,Share of population who are daily smokers,15 years or over,Female,2022,10.6
Finland,Share of population who are daily smokers,15 years or over,Total,2024,10.2
Finland,Share of population who are daily smokers,15 years or over,Male,2024,11.3
Finland,Share of population who are daily smokers,15 years or over,Female,2024,9.1
France,Share of population who are daily smokers,15 years or over,Male,2022,27.4
France,Share of population who are daily smokers,15 years or over,Female,2022,21.7
France,Share of population who are daily smokers,15 years or over,Total,2022,24.5
France,Share of population who are daily smokers,15 years or over,Total,2023,23.1
France,Share of population who are daily smokers,15 years or over,Female,2023,20.9
France,Share of population who are daily smokers,15 years or over,Male,2023,25.4
France,Share of population who are daily smokers,15 years or over,Male,2024,20.4
France,Share of population who are daily smokers,15 years or over,Female,2024,16.2
France,Share of population who are daily smokers,15 years or over,Total,2024,18.2
Finland,Share of population who are daily smokers,From 15 to 24 years,Female,2015,15.6
Finland,Share of population who are daily smokers,From 15 to 24 years,Total,2015,15.8
Finland,Share of population who are daily smokers,From 15 to 24 years,Male,2015,16
Finland,Share of population who are daily smokers,From 15 to 24 years,Male,2016,11
Finland,Share of population who are daily smokers,From 15 to 24 years,Total,2016,14
Finland,Share of population who are daily smokers,From 15 to 24 years,Female,2016,16
France,Share of population who are daily smokers,From 15 to 24 years,Female,2023,21.8
France,Share of population who are daily smokers,From 15 to 24 years,Male,2023,25
France,Share of population who are daily smokers,From 15 to 24 years,Total,2023,23.4
France,Share of population who are daily smokers,From 15 to 24 years,Total,2024,17.3
France,Share of population who are daily smokers,From 15 to 24 years,Male,2024,19.4
France,Share of population who are daily smokers,From 15 to 24 years,Female,2024,15.3
Australia,Share of population who are regular vaping product users,From 15 to 24 years,Male,2016,1.9
Australia,Share of population who are regular vaping product users,From 15 to 24 years,Total,2016,1.4
Australia,Share of population who are regular vaping product users,From 15 to 24 years,Female,2016,0.7
Australia,Share of population who are regular vaping product users,From 15 to 24 years,Female,2019,1.5
Australia,Share of population who are regular vaping product users,From 15 to 24 years,Male,2019,4.8
Australia,Share of population who are regular vaping product users,From 15 to 24 years,Total,2019,3.2
Australia,Share of population who are regular vaping product users,From 15 to 24 years,Male,2022,13.8
Australia,Share of population who are regular vaping product users,From 15 to 24 years,Total,2022,14.5
Australia,Share of population who are regular vaping product users,From 15 to 24 years,Female,2022,15.6
Canada,Share of population who are regular vaping product users,From 15 to 24 years,Male,2015,7.9
Canada,Share of population who are regular vaping product users,From 15 to 24 years,Female,2015,4.4
Canada,Share of population who are regular vaping product users,From 15 to 24 years,Total,2015,6.2
Canada,Share of population who are regular vaping product users,From 15 to 24 years,Male,2017,9
Canada,Share of population who are regular vaping product users,From 15 to 24 years,Female,2017,3.9
Canada,Share of population who are regular vaping product users,From 15 to 24 years,Total,2017,6.5
Canada,Share of population who are regular vaping product users,From 15 to 24 years,Male,2021,16
Canada,Share of population who are regular vaping product users,From 15 to 24 years,Female,2021,11
Canada,Share of population who are regular vaping product users,From 15 to 24 years,Total,2021,13.6
Canada,Share of population who are regular vaping product users,From 15 to 24 years,Total,2022,15.8
Canada,Share of population who are regular vaping product users,From 15 to 24 years,Female,2022,15.5
Canada,Share of population who are regular vaping product users,From 15 to 24 years,Male,2022,16.1
Canada,Share of population who are regular vaping product users,From 15 to 24 years,Total,2024,18.5
Canada,Share of population who are regular vaping product users,From 15 to 24 years,Female,2024,20.5
Canada,Share of population who are regular vaping product users,From 15 to 24 years,Male,2024,16.9
Denmark,Share of population who are regular vaping product users,From 15 to 24 years,Male,2017,4.2
Denmark,Share of population who are regular vaping product users,From 15 to 24 years,Female,2017,1.3
Denmark,Share of population who are regular vaping product users,From 15 to 24 years,Total,2017,2.7
Finland,Share of population who are regular vaping product users,From 15 to 24 years,Female,2016,4.2
Finland,Share of population who are regular vaping product users,From 15 to 24 years,Total,2016,5.2
Finland,Share of population who are regular vaping product users,From 15 to 24 years,Male,2016,6.1
Finland,Share of population who are regular vaping product users,From 15 to 24 years,Male,2017,2
Finland,Share of population who are regular vaping product users,From 15 to 24 years,Total,2017,3.4
Finland,Share of population who are regular vaping product users,From 15 to 24 years,Female,2017,4.9
Finland,Share of population who are regular vaping product users,From 15 to 24 years,Male,2019,7.2
Finland,Share of population who are regular vaping product users,From 15 to 24 years,Total,2019,4.6
Finland,Share of population who are regular vaping product users,From 15 to 24 years,Female,2019,2.1
France,Share of population who are regular vaping product users,From 15 to 24 years,Female,2021,4.4
France,Share of population who are regular vaping product users,From 15 to 24 years,Total,2021,6.4
France,Share of population who are regular vaping product users,From 15 to 24 years,Male,2021,8.4
France,Share of population who are regular vaping product users,From 15 to 24 years,Female,2023,6.5
France,Share of population who are regular vaping product users,From 15 to 24 years,Total,2023,7.1
France,Share of population who are regular vaping product users,From 15 to 24 years,Male,2023,7.8
Germany,Share of population who are regular vaping product users,From 15 to 24 years,Total,2019,4.8
Germany,Share of population who are regular vaping product users,From 15 to 24 years,Male,2019,6.4
Germany,Share of population who are regular vaping product users,From 15 to 24 years,Female,2019,3.1
Italy,Share of population who are regular vaping product users,From 15 to 24 years,Total,2015,0.7
Italy,Share of population who are regular vaping product users,From 15 to 24 years,Male,2015,1.2
Italy,Share of population who are regular vaping product users,From 15 to 24 years,Female,2015,0.2
Italy,Share of population who are regular vaping product users,From 15 to 24 years,Female,2016,0.8
Italy,Share of population who are regular vaping product users,From 15 to 24 years,Male,2016,1.8
Italy,Share of population who are regular vaping product users,From 15 to 24 years,Total,2016,1.3
Italy,Share of population who are regular vaping product users,From 15 to 24 years,Total,2017,3.4
Italy,Share of population who are regular vaping product users,From 15 to 24 years,Male,2017,5.2
Italy,Share of population who are regular vaping product users,From 15 to 24 years,Female,2017,1.5
Italy,Share of population who are regular vaping product users,From 15 to 24 years,Female,2018,1.7
Italy,Share of population who are regular vaping product users,From 15 to 24 years,Male,2018,4
Italy,Share of population who are regular vaping product users,From 15 to 24 years,Total,2018,2.9
Italy,Share of population who are regular vaping product users,From 15 to 24 years,Total,2019,3.4
Italy,Share of population who are regular vaping product users,From 15 to 24 years,Male,2019,4.4
Italy,Share of population who are regular vaping product users,From 15 to 24 years,Female,2019,2.3
Italy,Share of population who are regular vaping product users,From 15 to 24 years,Female,2020,2.7
Italy,Share of population who are regular vaping product users,From 15 to 24 years,Male,2020,4.8
Italy,Share of population who are regular vaping product users,From 15 to 24 years,Total,2020,3.8
Italy,Share of population who are regular vaping product users,From 15 to 24 years,Total,2021,4.1
Italy,Share of population who are regular vaping product users,From 15 to 24 years,Male,2021,4.6
Italy,Share of population who are regular vaping product users,From 15 to 24 years,Female,2021,3.7
Italy,Share of population who are regular vaping product users,From 15 to 24 years,Total,2023,8
Italy,Share of population who are regular vaping product users,From 15 to 24 years,Male,2023,8.5
Italy,Share of population who are regular vaping product users,From 15 to 24 years,Female,2023,7.3
Italy,Share of population who are regular vaping product users,From 15 to 24 years,Female,2024,8.4
Italy,Share of population who are regular vaping product users,From 15 to 24 years,Male,2024,10
Italy,Share of population who are regular vaping product users,From 15 to 24 years,Total,2024,9.2
New Zealand,Share of population who are regular vaping product users,From 15 to 24 years,Female,2018,3.9
New Zealand,Share of population who are regular vaping product users,From 15 to 24 years,Male,2018,5.8
New Zealand,Share of population who are regular vaping product users,From 15 to 24 years,Total,2018,4.9
New Zealand,Share of population who are regular vaping product users,From 15 to 24 years,Total,2019,7.1
New Zealand,Share of population who are regular vaping product users,From 15 to 24 years,Male,2019,8.7
New Zealand,Share of population who are regular vaping product users,From 15 to 24 years,Female,2019,5.5
New Zealand,Share of population who are regular vaping product users,From 15 to 24 years,Female,2020,9.4
New Zealand,Share of population who are regular vaping product users,From 15 to 24 years,Male,2020,9.2
New Zealand,Share of population who are regular vaping product users,From 15 to 24 years,Total,2020,9.3
New Zealand,Share of population who are regular vaping product users,From 15 to 24 years,Total,2021,18.7
New Zealand,Share of population who are regular vaping product users,From 15 to 24 years,Male,2021,20.5
New Zealand,Share of population who are regular vaping product users,From 15 to 24 years,Female,2021,16.7
New Zealand,Share of population who are regular vaping product users,From 15 to 24 years,Female,2022,26
New Zealand,Share of population who are regular vaping product users,From 15 to 24 years,Male,2022,22.3
New Zealand,Share of population who are regular vaping product users,From 15 to 24 years,Total,2022,24.1
New Zealand,Share of population who are regular vaping product users,From 15 to 24 years,Total,2023,27.4
New Zealand,Share of population who are regular vaping product users,From 15 to 24 years,Male,2023,26.1
New Zealand,Share of population who are regular vaping product users,From 15 to 24 years,Female,2023,29.5
New Zealand,Share of population who are regular vaping product users,From 15 to 24 years,Female,2024,28.5
New Zealand,Share of population who are regular vaping product users,From 15 to 24 years,Male,2024,25.8
New Zealand,Share of population who are regular vaping product users,From 15 to 24 years,Total,2024,27.3
New Zealand,Share of population who are regular vaping product users,From 15 to 24 years,Total,2025,26.1
New Zealand,Share of population who are regular vaping product users,From 15 to 24 years,Male,2025,28
New Zealand,Share of population who are regular vaping product users,From 15 to 24 years,Female,2025,24.8
Portugal,Share of population who are regular vaping product users,From 15 to 24 years,Male,2019,2.4
Portugal,Share of population who are regular vaping product users,From 15 to 24 years,Total,2019,1.9
Portugal,Share of population who are regular vaping product users,From 15 to 24 years,Female,2019,1.4
United Kingdom,Share of population who are regular vaping product users,From 15 to 24 years,Female,2015,1.6
United Kingdom,Share of population who are regular vaping product users,From 15 to 24 years,Male,2015,4
United Kingdom,Share of population who are regular vaping product users,From 15 to 24 years,Total,2015,2.8
United Kingdom,Share of population who are regular vaping product users,From 15 to 24 years,Total,2016,5.8
United Kingdom,Share of population who are regular vaping product users,From 15 to 24 years,Male,2016,8.9
United Kingdom,Share of population who are regular vaping product users,From 15 to 24 years,Female,2016,2.6
United Kingdom,Share of population who are regular vaping product users,From 15 to 24 years,Female,2017,3.1
United Kingdom,Share of population who are regular vaping product users,From 15 to 24 years,Male,2017,7.6
United Kingdom,Share of population who are regular vaping product users,From 15 to 24 years,Total,2017,5.4
United Kingdom,Share of population who are regular vaping product users,From 15 to 24 years,Total,2018,4.8
United Kingdom,Share of population who are regular vaping product users,From 15 to 24 years,Male,2018,7.8
United Kingdom,Share of population who are regular vaping product users,From 15 to 24 years,Female,2018,1.1
United Kingdom,Share of population who are regular vaping product users,From 15 to 24 years,Female,2019,3.4
United Kingdom,Share of population who are regular vaping product users,From 15 to 24 years,Male,2019,3.2
United Kingdom,Share of population who are regular vaping product users,From 15 to 24 years,Total,2019,3.3
United Kingdom,Share of population who are regular vaping product users,From 15 to 24 years,Total,2020,7
United Kingdom,Share of population who are regular vaping product users,From 15 to 24 years,Male,2020,9.1
United Kingdom,Share of population who are regular vaping product users,From 15 to 24 years,Female,2020,4.7
United Kingdom,Share of population who are regular vaping product users,From 15 to 24 years,Female,2021,9
United Kingdom,Share of population who are regular vaping product users,From 15 to 24 years,Male,2021,13
United Kingdom,Share of population who are regular vaping product users,From 15 to 24 years,Total,2021,11.1
United Kingdom,Share of population who are regular vaping product users,From 15 to 24 years,Total,2022,15.5
United Kingdom,Share of population who are regular vaping product users,From 15 to 24 years,Male,2022,12.3
United Kingdom,Share of population who are regular vaping product users,From 15 to 24 years,Female,2022,18.9
United Kingdom,Share of population who are regular vaping product users,From 15 to 24 years,Female,2023,17.6
United Kingdom,Share of population who are regular vaping product users,From 15 to 24 years,Male,2023,14.3
United Kingdom,Share of population who are regular vaping product users,From 15 to 24 years,Total,2023,15.8
United Kingdom,Share of population who are regular vaping product users,From 15 to 24 years,Total,2024,13
United Kingdom,Share of population who are regular vaping product users,From 15 to 24 years,Male,2024,10.6
United Kingdom,Share of population who are regular vaping product users,From 15 to 24 years,Female,2024,15.7
United States,Share of population who are regular vaping product users,From 15 to 24 years,Female,2015,2.5
United States,Share of population who are regular vaping product users,From 15 to 24 years,Total,2015,5.2
United States,Share of population who are regular vaping product users,From 15 to 24 years,Male,2015,7.8
United States,Share of population who are regular vaping product users,From 15 to 24 years,Male,2016,7.1
United States,Share of population who are regular vaping product users,From 15 to 24 years,Total,2016,4.7
United States,Share of population who are regular vaping product users,From 15 to 24 years,Female,2016,2.3
United States,Share of population who are regular vaping product users,From 15 to 24 years,Female,2017,4
United States,Share of population who are regular vaping product users,From 15 to 24 years,Total,2017,5.2
United States,Share of population who are regular vaping product users,From 15 to 24 years,Male,2017,6.4
United States,Share of population who are regular vaping product users,From 15 to 24 years,Male,2018,10.2
United States,Share of population who are regular vaping product users,From 15 to 24 years,Total,2018,7.6
United States,Share of population who are regular vaping product users,From 15 to 24 years,Female,2018,5
United States,Share of population who are regular vaping product users,From 15 to 24 years,Female,2019,7.7
United States,Share of population who are regular vaping product users,From 15 to 24 years,Total,2019,9.3
United States,Share of population who are regular vaping product users,From 15 to 24 years,Male,2019,10.8
United States,Share of population who are regular vaping product users,From 15 to 24 years,Male,2020,12.2
United States,Share of population who are regular vaping product users,From 15 to 24 years,Total,2020,9.4
United States,Share of population who are regular vaping product users,From 15 to 24 years,Female,2020,6.5
United States,Share of population who are regular vaping product users,From 15 to 24 years,Female,2021,10.3
United States,Share of population who are regular vaping product users,From 15 to 24 years,Total,2021,11
United States,Share of population who are regular vaping product users,From 15 to 24 years,Male,2021,11.6
United States,Share of population who are regular vaping product users,From 15 to 24 years,Male,2022,16.8
United States,Share of population who are regular vaping product users,From 15 to 24 years,Total,2022,15.3
United States,Share of population who are regular vaping product users,From 15 to 24 years,Female,2022,13.7
United States,Share of population who are regular vaping product users,From 15 to 24 years,Female,2023,12.1
United States,Share of population who are regular vaping product users,From 15 to 24 years,Total,2023,13.4
United States,Share of population who are regular vaping product users,From 15 to 24 years,Male,2023,14.7
United States,Share of population who are regular vaping product users,From 15 to 24 years,Male,2024,15.1
United States,Share of population who are regular vaping product users,From 15 to 24 years,Total,2024,14.8
United States,Share of population who are regular vaping product users,From 15 to 24 years,Female,2024,14.5
Australia,Share of population who are regular vaping product users,15 years or over,Female,2016,0.6
Australia,Share of population who are regular vaping product users,15 years or over,Total,2016,0.9
Australia,Share of population who are regular vaping product users,15 years or over,Male,2016,1.3
Australia,Share of population who are regular vaping product users,15 years or over,Male,2019,2.7
Australia,Share of population who are regular vaping product users,15 years or over,Total,2019,2.1
Australia,Share of population who are regular vaping product users,15 years or over,Female,2019,1.5
Australia,Share of population who are regular vaping product users,15 years or over,Female,2022,5.1
Australia,Share of population who are regular vaping product users,15 years or over,Total,2022,5.7
Australia,Share of population who are regular vaping product users,15 years or over,Male,2022,6.4
Canada,Share of population who are regular vaping product users,15 years or over,Total,2015,2.9
Canada,Share of population who are regular vaping product users,15 years or over,Female,2015,2.6
Canada,Share of population who are regular vaping product users,15 years or over,Male,2015,3.3
Canada,Share of population who are regular vaping product users,15 years or over,Total,2017,3.1
Canada,Share of population who are regular vaping product users,15 years or over,Female,2017,2.5
Canada,Share of population who are regular vaping product users,15 years or over,Male,2017,3.8
Canada,Share of population who are regular vaping product users,15 years or over,Total,2021,4.7
Canada,Share of population who are regular vaping product users,15 years or over,Female,2021,3.5
Canada,Share of population who are regular vaping product users,15 years or over,Male,2021,6
Canada,Share of population who are regular vaping product users,15 years or over,Male,2022,6.7
Canada,Share of population who are regular vaping product users,15 years or over,Female,2022,5.1
Canada,Share of population who are regular vaping product users,15 years or over,Total,2022,5.9
Canada,Share of population who are regular vaping product users,15 years or over,Male,2024,6.7
Canada,Share of population who are regular vaping product users,15 years or over,Female,2024,5
Canada,Share of population who are regular vaping product users,15 years or over,Total,2024,5.9
Denmark,Share of population who are regular vaping product users,15 years or over,Male,2017,2.9
Denmark,Share of population who are regular vaping product users,15 years or over,Total,2017,2.5
Denmark,Share of population who are regular vaping product users,15 years or over,Female,2017,2.1
Finland,Share of population who are regular vaping product users,15 years or over,Female,2016,4.4
Finland,Share of population who are regular vaping product users,15 years or over,Male,2016,8.3
Finland,Share of population who are regular vaping product users,15 years or over,Total,2016,6.5
Finland,Share of population who are regular vaping product users,15 years or over,Total,2017,2.3
Finland,Share of population who are regular vaping product users,15 years or over,Male,2017,2.9
Finland,Share of population who are regular vaping product users,15 years or over,Female,2017,1.8
Finland,Share of population who are regular vaping product users,15 years or over,Female,2018,1.2
Finland,Share of population who are regular vaping product users,15 years or over,Male,2018,3.1
Finland,Share of population who are regular vaping product users,15 years or over,Total,2018,2.2
Finland,Share of population who are regular vaping product users,15 years or over,Total,2019,2.2
Finland,Share of population who are regular vaping product users,15 years or over,Male,2019,3.4
Finland,Share of population who are regular vaping product users,15 years or over,Female,2019,1
Finland,Share of population who are regular vaping product users,15 years or over,Female,2020,1.2
Finland,Share of population who are regular vaping product users,15 years or over,Male,2020,2.2
Finland,Share of population who are regular vaping product users,15 years or over,Total,2020,1.7
Finland,Share of population who are regular vaping product users,15 years or over,Female,2022,2.2
Finland,Share of population who are regular vaping product users,15 years or over,Total,2022,2.4
Finland,Share of population who are regular vaping product users,15 years or over,Male,2022,2.7
Finland,Share of population who are regular vaping product users,15 years or over,Female,2024,3.6
Finland,Share of population who are regular vaping product users,15 years or over,Male,2024,2.8
Finland,Share of population who are regular vaping product users,15 years or over,Total,2024,3.2
France,Share of population who are regular vaping product users,15 years or over,Male,2016,3
France,Share of population who are regular vaping product users,15 years or over,Female,2016,1.9
France,Share of population who are regular vaping product users,15 years or over,Total,2016,2.5
France,Share of population who are regular vaping product users,15 years or over,Total,2017,2.7
France,Share of population who are regular vaping product users,15 years or over,Female,2017,2.1
France,Share of population who are regular vaping product users,15 years or over,Male,2017,3.2
France,Share of population who are regular vaping product users,15 years or over,Male,2018,4.5
France,Share of population who are regular vaping product users,15 years or over,Female,2018,3
France,Share of population who are regular vaping product users,15 years or over,Total,2018,3.8
France,Share of population who are regular vaping product users,15 years or over,Total,2019,4.4
France,Share of population who are regular vaping product users,15 years or over,Female,2019,3.4
France,Share of population who are regular vaping product users,15 years or over,Male,2019,5.2
France,Share of population who are regular vaping product users,15 years or over,Total,2020,4.3
France,Share of population who are regular vaping product users,15 years or over,Total,2021,5
France,Share of population who are regular vaping product users,15 years or over,Female,2021,4.4
France,Share of population who are regular vaping product users,15 years or over,Male,2021,5.7
France,Share of population who are regular vaping product users,15 years or over,Female,2023,5.4
France,Share of population who are regular vaping product users,15 years or over,Total,2023,6.1
France,Share of population who are regular vaping product users,15 years or over,Male,2023,6.8
Germany,Share of population who are regular vaping product users,15 years or over,Total,2019,3.3
Germany,Share of population who are regular vaping product users,15 years or over,Female,2019,2
Germany,Share of population who are regular vaping product users,15 years or over,Male,2019,4.6
Italy,Share of population who are regular vaping product users,15 years or over,Total,2015,1.2
Italy,Share of population who are regular vaping product users,15 years or over,Female,2015,0.8
Italy,Share of population who are regular vaping product users,15 years or over,Male,2015,1.6
Italy,Share of population who are regular vaping product users,15 years or over,Male,2016,1.6
Italy,Share of population who are regular vaping product users,15 years or over,Female,2016,0.9
Italy,Share of population who are regular vaping product users,15 years or over,Total,2016,1.3
Italy,Share of population who are regular vaping product users,15 years or over,Total,2017,2.1
Italy,Share of population who are regular vaping product users,15 years or over,Female,2017,1.3
Italy,Share of population who are regular vaping product users,15 years or over,Male,2017,2.9
Italy,Share of population who are regular vaping product users,15 years or over,Male,2018,3.2
Italy,Share of population who are regular vaping product users,15 years or over,Female,2018,1.5
Italy,Share of population who are regular vaping product users,15 years or over,Total,2018,2.3
Italy,Share of population who are regular vaping product users,15 years or over,Total,2019,2.6
Italy,Share of population who are regular vaping product users,15 years or over,Female,2019,1.9
Italy,Share of population who are regular vaping product users,15 years or over,Male,2019,3.4
Italy,Share of population who are regular vaping product users,15 years or over,Male,2020,3.1
Italy,Share of population who are regular vaping product users,15 years or over,Female,2020,1.9
Italy,Share of population who are regular vaping product users,15 years or over,Total,2020,2.5
Italy,Share of population who are regular vaping product users,15 years or over,Total,2021,2.9
Italy,Share of population who are regular vaping product users,15 years or over,Female,2021,2.4
Italy,Share of population who are regular vaping product users,15 years or over,Male,2021,3.4
Italy,Share of population who are regular vaping product users,15 years or over,Total,2023,4.8
Italy,Share of population who are regular vaping product users,15 years or over,Female,2023,4.2
Italy,Share of population who are regular vaping product users,15 years or over,Male,2023,5.5
Italy,Share of population who are regular vaping product users,15 years or over,Male,2024,6.2
Italy,Share of population who are regular vaping product users,15 years or over,Female,2024,4.9
Italy,Share of population who are regular vaping product users,15 years or over,Total,2024,5.5
Korea,Share of population who are regular vaping product users,15 years or over,Male,2019,4.3
Korea,Share of population who are regular vaping product users,15 years or over,Female,2019,1
Korea,Share of population who are regular vaping product users,15 years or over,Total,2019,2.6
Korea,Share of population who are regular vaping product users,15 years or over,Total,2020,2.6
Korea,Share of population who are regular vaping product users,15 years or over,Female,2020,0.8
Korea,Share of population who are regular vaping product users,15 years or over,Male,2020,4.3
Korea,Share of population who are regular vaping product users,15 years or over,Male,2021,4.2
Korea,Share of population who are regular vaping product users,15 years or over,Female,2021,0.9
Korea,Share of population who are regular vaping product users,15 years or over,Total,2021,2.5
Korea,Share of population who are regular vaping product users,15 years or over,Total,2022,2.7
Korea,Share of population who are regular vaping product users,15 years or over,Female,2022,0.9
Korea,Share of population who are regular vaping product users,15 years or over,Male,2022,4.5
Korea,Share of population who are regular vaping product users,15 years or over,Male,2023,5.3
Korea,Share of population who are regular vaping product users,15 years or over,Female,2023,1.3
Korea,Share of population who are regular vaping product users,15 years or over,Total,2023,3.3
Korea,Share of population who are regular vaping product users,15 years or over,Total,2024,3.8
Korea,Share of population who are regular vaping product users,15 years or over,Female,2024,1.2
Korea,Share of population who are regular vaping product users,15 years or over,Male,2024,6.3
New Zealand,Share of population who are regular vaping product users,15 years or over,Male,2018,4.7
New Zealand,Share of population who are regular vaping product users,15 years or over,Female,2018,3.1
New Zealand,Share of population who are regular vaping product users,15 years or over,Total,2018,3.9
New Zealand,Share of population who are regular vaping product users,15 years or over,Total,2019,4.7
New Zealand,Share of population who are regular vaping product users,15 years or over,Female,2019,3.4
New Zealand,Share of population who are regular vaping product users,15 years or over,Male,2019,6.1
New Zealand,Share of population who are regular vaping product users,15 years or over,Male,2020,6.4
New Zealand,Share of population who are regular vaping product users,15 years or over,Female,2020,4.2
New Zealand,Share of population who are regular vaping product users,15 years or over,Total,2020,5.3
New Zealand,Share of population who are regular vaping product users,15 years or over,Total,2021,8.3
New Zealand,Share of population who are regular vaping product users,15 years or over,Female,2021,7.2
New Zealand,Share of population who are regular vaping product users,15 years or over,Male,2021,9.5
New Zealand,Share of population who are regular vaping product users,15 years or over,Male,2022,10.7
New Zealand,Share of population who are regular vaping product users,15 years or over,Female,2022,10.5
New Zealand,Share of population who are regular vaping product users,15 years or over,Total,2022,10.6
New Zealand,Share of population who are regular vaping product users,15 years or over,Total,2023,12.1
New Zealand,Share of population who are regular vaping product users,15 years or over,Female,2023,10.9
New Zealand,Share of population who are regular vaping product users,15 years or over,Male,2023,13.2
New Zealand,Share of population who are regular vaping product users,15 years or over,Male,2024,14.7
New Zealand,Share of population who are regular vaping product users,15 years or over,Female,2024,13.3
New Zealand,Share of population who are regular vaping product users,15 years or over,Total,2024,14
New Zealand,Share of population who are regular vaping product users,15 years or over,Total,2025,13.8
New Zealand,Share of population who are regular vaping product users,15 years or over,Female,2025,12.1
New Zealand,Share of population who are regular vaping product users,15 years or over,Male,2025,15.7
Portugal,Share of population who are regular vaping product users,15 years or over,Female,2019,1.2
Portugal,Share of population who are regular vaping product users,15 years or over,Total,2019,1.6
Portugal,Share of population who are regular vaping product users,15 years or over,Male,2019,2.1
United Kingdom,Share of population who are regular vaping product users,15 years or over,Total,2015,4.5
United Kingdom,Share of population who are regular vaping product users,15 years or over,Female,2015,4.4
United Kingdom,Share of population who are regular vaping product users,15 years or over,Male,2015,4.6
United Kingdom,Share of population who are regular vaping product users,15 years or over,Male,2016,6.3
United Kingdom,Share of population who are regular vaping product users,15 years or over,Female,2016,4.9
United Kingdom,Share of population who are regular vaping product users,15 years or over,Total,2016,5.6
United Kingdom,Share of population who are regular vaping product users,15 years or over,Total,2017,5.5
United Kingdom,Share of population who are regular vaping product users,15 years or over,Female,2017,4.6
United Kingdom,Share of population who are regular vaping product users,15 years or over,Male,2017,6.5
United Kingdom,Share of population who are regular vaping product users,15 years or over,Male,2018,7.7
United Kingdom,Share of population who are regular vaping product users,15 years or over,Female,2018,5
United Kingdom,Share of population who are regular vaping product users,15 years or over,Total,2018,6.3
United Kingdom,Share of population who are regular vaping product users,15 years or over,Total,2019,5.7
United Kingdom,Share of population who are regular vaping product users,15 years or over,Female,2019,5.4
United Kingdom,Share of population who are regular vaping product users,15 years or over,Male,2019,6.1
United Kingdom,Share of population who are regular vaping product users,15 years or over,Male,2020,7.2
United Kingdom,Share of population who are regular vaping product users,15 years or over,Female,2020,5.6
United Kingdom,Share of population who are regular vaping product users,15 years or over,Total,2020,6.4
United Kingdom,Share of population who are regular vaping product users,15 years or over,Total,2021,7.7
United Kingdom,Share of population who are regular vaping product users,15 years or over,Female,2021,5.7
United Kingdom,Share of population who are regular vaping product users,15 years or over,Male,2021,9.7
United Kingdom,Share of population who are regular vaping product users,15 years or over,Male,2022,9.5
United Kingdom,Share of population who are regular vaping product users,15 years or over,Female,2022,7.9
United Kingdom,Share of population who are regular vaping product users,15 years or over,Total,2022,8.7
United Kingdom,Share of population who are regular vaping product users,15 years or over,Total,2023,9.8
United Kingdom,Share of population who are regular vaping product users,15 years or over,Female,2023,8.5
United Kingdom,Share of population who are regular vaping product users,15 years or over,Male,2023,11
United Kingdom,Share of population who are regular vaping product users,15 years or over,Male,2024,10.1
United Kingdom,Share of population who are regular vaping product users,15 years or over,Female,2024,10
United Kingdom,Share of population who are regular vaping product users,15 years or over,Total,2024,10
United States,Share of population who are regular vaping product users,15 years or over,Total,2015,3.5
United States,Share of population who are regular vaping product users,15 years or over,Male,2015,4.3
United States,Share of population who are regular vaping product users,15 years or over,Female,2015,2.6
United States,Share of population who are regular vaping product users,15 years or over,Female,2016,2.6
United States,Share of population who are regular vaping product users,15 years or over,Male,2016,3.8
United States,Share of population who are regular vaping product users,15 years or over,Total,2016,3.2
United States,Share of population who are regular vaping product users,15 years or over,Total,2017,2.8
United States,Share of population who are regular vaping product users,15 years or over,Male,2017,3.3
United States,Share of population who are regular vaping product users,15 years or over,Female,2017,2.4
United States,Share of population who are regular vaping product users,15 years or over,Female,2018,2.3
United States,Share of population who are regular vaping product users,15 years or over,Male,2018,4.3
United States,Share of population who are regular vaping product users,15 years or over,Total,2018,3.2
United States,Share of population who are regular vaping product users,15 years or over,Total,2019,4.5
United States,Share of population who are regular vaping product users,15 years or over,Male,2019,5.5
United States,Share of population who are regular vaping product users,15 years or over,Female,2019,3.5
United States,Share of population who are regular vaping product users,15 years or over,Female,2020,2.8
United States,Share of population who are regular vaping product users,15 years or over,Male,2020,4.6
United States,Share of population who are regular vaping product users,15 years or over,Total,2020,3.7
United States,Share of population who are regular vaping product users,15 years or over,Total,2021,4.5
United States,Share of population who are regular vaping product users,15 years or over,Male,2021,5.1
United States,Share of population who are regular vaping product users,15 years or over,Female,2021,4
United States,Share of population who are regular vaping product users,15 years or over,Female,2022,5.2
United States,Share of population who are regular vaping product users,15 years or over,Male,2022,6.9
United States,Share of population who are regular vaping product users,15 years or over,Total,2022,6
United States,Share of population who are regular vaping product users,15 years or over,Total,2023,6.5
United States,Share of population who are regular vaping product users,15 years or over,Male,2023,7.7
United States,Share of population who are regular vaping product users,15 years or over,Female,2023,5.5
United States,Share of population who are regular vaping product users,15 years or over,Female,2024,6.4
United States,Share of population who are regular vaping product users,15 years or over,Male,2024,7.7
United States,Share of population who are regular vaping product users,15 years or over,Total,2024,7
Finland,Share of population who are overweight,Total,Female,2015,31.4
Finland,Share of population who are obese,Total,Total,2015,18.8
Finland,Share of population who are overweight,Total,Total,2015,37.3
Finland,Share of population who are obese,Total,Male,2015,18.7
Finland,Share of population who are overweight,Total,Male,2015,43.5
Finland,Share of population who are obese,Total,Female,2015,18.9
Finland,Share of population who are obese,Total,Female,2016,17
Finland,Share of population who are overweight,Total,Male,2016,43
Finland,Share of population who are obese,Total,Male,2016,21
Finland,Share of population who are overweight,Total,Total,2016,37
Finland,Share of population who are obese,Total,Total,2016,19
Finland,Share of population who are overweight,Total,Female,2016,31
Finland,Share of population who are overweight,Total,Female,2017,30
Finland,Share of population who are obese,Total,Total,2017,19
Finland,Share of population who are overweight,Total,Total,2017,38
Finland,Share of population who are obese,Total,Male,2017,19
Finland,Share of population who are overweight,Total,Male,2017,45
Finland,Share of population who are obese,Total,Female,2017,20
Finland,Share of population who are obese,Total,Female,2018,20
Finland,Share of population who are overweight,Total,Male,2018,42
Finland,Share of population who are obese,Total,Male,2018,21
Finland,Share of population who are overweight,Total,Total,2018,35
Finland,Share of population who are obese,Total,Total,2018,20
Finland,Share of population who are overweight,Total,Female,2018,29
Finland,Share of population who are obese,Total,Female,2020,23
Finland,Share of population who are overweight,Total,Male,2020,43
Finland,Share of population who are obese,Total,Male,2020,23
Finland,Share of population who are overweight,Total,Total,2020,37
Finland,Share of population who are obese,Total,Total,2020,23
Finland,Share of population who are overweight,Total,Female,2020,30
Finland,Share of population who are obese,Total,Female,2022,24
Finland,Share of population who are overweight,Total,Male,2022,43
Finland,Share of population who are obese,Total,Male,2022,24
Finland,Share of population who are overweight,Total,Total,2022,37
Finland,Share of population who are obese,Total,Total,2022,24
Finland,Share of population who are overweight,Total,Female,2022,30
Finland,Share of population who are obese,Total,Female,2024,26
Finland,Share of population who are overweight,Total,Male,2024,41
Finland,Share of population who are obese,Total,Male,2024,25
Finland,Share of population who are overweight,Total,Total,2024,36
Finland,Share of population who are obese,Total,Total,2024,26
Finland,Share of population who are overweight,Total,Female,2024,31
Portugal,Share of population who are overweight,Total,Total,2017,37.6
Portugal,Share of population who are obese,Total,Male,2017,15.5
Portugal,Share of population who are obese,Total,Total,2017,15.7
Portugal,Share of population who are overweight,Total,Female,2017,32.5
Portugal,Share of population who are overweight,Total,Male,2017,43.6
Portugal,Share of population who are obese,Total,Female,2017,15.9
Portugal,Share of population who are overweight,Total,Total,2019,36.6
Portugal,Share of population who are obese,Total,Male,2019,16.4
Portugal,Share of population who are obese,Total,Total,2019,16.9
Portugal,Share of population who are obese,Total,Female,2019,17.4
Portugal,Share of population who are overweight,Total,Male,2019,42.2
Portugal,Share of population who are overweight,Total,Female,2019,31.8
United Kingdom,Share of population who are overweight,Total,Total,2022,35
United Kingdom,Share of population who are obese,Total,Total,2022,29
United Kingdom,Share of population who are overweight,Total,Female,2022,31
United Kingdom,Share of population who are overweight,Total,Male,2022,39
United Kingdom,Share of population who are obese,Total,Male,2022,28
United Kingdom,Share of population who are obese,Total,Female,2022,30
United Kingdom,Share of population who are overweight,Total,Total,2024,36
United Kingdom,Share of population who are overweight,Total,Female,2024,31
United Kingdom,Share of population who are obese,Total,Total,2024,30
United Kingdom,Share of population who are overweight,Total,Male,2024,40
United Kingdom,Share of population who are obese,Total,Male,2024,29
United Kingdom,Share of population who are obese,Total,Female,2024,31
Canada,Share of population who are overweight,Total,Male,2015,39
Canada,Share of population who are overweight,Total,Male,2015,39.9
Canada,Share of population who are overweight,Total,Female,2015,32.2
Canada,Share of population who are obese,Total,Male,2015,20.5
Canada,Share of population who are overweight,Total,Total,2015,33.1
Canada,Share of population who are overweight,Total,Total,2015,36.1
Canada,Share of population who are obese,Total,Total,2015,28.1
Canada,Share of population who are obese,Total,Female,2015,18
Canada,Share of population who are obese,Total,Female,2015,27.8
Canada,Share of population who are obese,Total,Male,2015,28.5
Canada,Share of population who are overweight,Total,Female,2015,27.3
Canada,Share of population who are obese,Total,Total,2015,19.2
Canada,Share of population who are overweight,Total,Male,2023,39.3
Canada,Share of population who are obese,Total,Male,2023,23.4
Canada,Share of population who are overweight,Total,Total,2023,33.8
Canada,Share of population who are obese,Total,Female,2023,24.1
Canada,Share of population who are overweight,Total,Female,2023,28.2
Canada,Share of population who are obese,Total,Total,2023,23.7
Greece,Share of population who are obese,Total,Male,2022,12.6
Greece,Share of population who are obese,Total,Female,2022,11.8
Greece,Share of population who are obese,Total,Total,2022,12.2
Greece,Share of population who are overweight,Total,Total,2022,42.7
Greece,Share of population who are overweight,Total,Female,2022,35.6
Greece,Share of population who are overweight,Total,Male,2022,50.3
Canada,Share of population who are daily smokers,From 15 to 24 years,Total,2015,8.6
Canada,Share of population who are daily smokers,From 15 to 24 years,Male,2015,10.1
Canada,Share of population who are daily smokers,From 15 to 24 years,Female,2015,6.9
Canada,Share of population who are daily smokers,From 15 to 24 years,Total,2023,3.1
Canada,Share of population who are daily smokers,From 15 to 24 years,Male,2023,3.8
Canada,Share of population who are daily smokers,From 15 to 24 years,Female,2023,2.3
Canada,Share of population who are daily smokers,15 years or over,Female,2015,11.3
Canada,Share of population who are daily smokers,15 years or over,Total,2015,13.1
Canada,Share of population who are daily smokers,15 years or over,Male,2015,14.9
Canada,Share of population who are daily smokers,15 years or over,Female,2023,7.4
Canada,Share of population who are daily smokers,15 years or over,Total,2023,8.7
Canada,Share of population who are daily smokers,15 years or over,Male,2023,10
Canada,Tobacco consumption,Total,Total,2015,14.6
Canada,Tobacco consumption,Total,Total,2023,12.9
France,Tobacco consumption,Total,Total,2018,13
France,Tobacco consumption,Total,Total,2019,12.5
France,Tobacco consumption,Total,Total,2020,13
France,Tobacco consumption,Total,Total,2021,12.7
France,Tobacco consumption,Total,Total,2022,12.6
