country,measure,age,sex,year,value,status
Australia,Life expectancy,0 years,Male,2015,80.4,
Australia,Life expectancy,0 years,Male,2016,80.4,
Australia,Life expectancy,0 years,Male,2017,80.5,
Australia,Life expectancy,0 years,Male,2018,80.7,
Australia,Life expectancy,0 years,Male,2019,80.9,
Australia,Life expectancy,0 years,Male,2020,81.2,
Australia,Life expectancy,0 years,Male,2021,81.3,
Australia,Life expectancy,0 years,Male,2022,81.2,
Australia,Life expectancy,0 years,Male,2023,81.1,
Australia,Life expectancy,0 years,Male,2024,81.1,
France,Life expectancy,0 years,Male,2015,79,
France,Life expectancy,0 years,Male,2016,79.3,
France,Life expectancy,0 years,Male,2017,79.4,
France,Life expectancy,0 years,Male,2018,79.5,
France,Life expectancy,0 years,Male,2019,79.7,
France,Life expectancy,0 years,Male,2020,79.1,
France,Life expectancy,0 years,Male,2021,79.2,
France,Life expectancy,0 years,Male,2022,79.3,
France,Life expectancy,0 years,Male,2023,80,
France,Life expectancy,0 years,Male,2024,80.2,
Germany,Life expectancy,0 years,Male,2015,78.1,
Germany,Life expectancy,0 years,Male,2016,78.4,
Germany,Life expectancy,0 years,Male,2017,78.6,
Germany,Life expectancy,0 years,Male,2018,78.5,
Germany,Life expectancy,0 years,Male,2019,78.8,
Germany,Life expectancy,0 years,Male,2020,78.6,
Germany,Life expectancy,0 years,Male,2021,78.2,
Germany,Life expectancy,0 years,Male,2022,78.1,
Germany,Life expectancy,0 years,Male,2023,78.5,
Germany,Life expectancy,0 years,Male,2024,78.9,
Japan,Life expectancy,0 years,Male,2015,80.8,
Japan,Life expectancy,0 years,Male,2016,81,
Japan,Life expectancy,0 years,Male,2017,81.1,
Japan,Life expectancy,0 years,Male,2018,81.3,
Japan,Life expectancy,0 years,Male,2019,81.4,
Japan,Life expectancy,0 years,Male,2020,81.6,
Japan,Life expectancy,0 years,Male,2021,81.5,
Japan,Life expectancy,0 years,Male,2022,81.1,
Japan,Life expectancy,0 years,Male,2023,81.1,
Japan,Life expectancy,0 years,Male,2024,81.1,
Portugal,Life expectancy,0 years,Male,2015,78.2,
Portugal,Life expectancy,0 years,Male,2016,78.2,
Portugal,Life expectancy,0 years,Male,2017,78.5,
Portugal,Life expectancy,0 years,Male,2018,78.5,
Portugal,Life expectancy,0 years,Male,2019,79,
Portugal,Life expectancy,0 years,Male,2020,78.4,
Portugal,Life expectancy,0 years,Male,2021,78.4,
Portugal,Life expectancy,0 years,Male,2022,78.8,
Portugal,Life expectancy,0 years,Male,2023,79.4,
Portugal,Life expectancy,0 years,Male,2024,79.7,
United States,Life expectancy,0 years,Male,2015,76.3,
United States,Life expectancy,0 years,Male,2016,76.2,
United States,Life expectancy,0 years,Male,2017,76.1,
United States,Life expectancy,0 years,Male,2018,76.2,
United States,Life expectancy,0 years,Male,2019,76.3,
United States,Life expectancy,0 years,Male,2020,74.2,
United States,Life expectancy,0 years,Male,2021,73.5,
United States,Life expectancy,0 years,Male,2022,74.8,
United States,Life expectancy,0 years,Male,2023,75.8,
United States,Life expectancy,0 years,Male,2024,76.5,
Greece,Life expectancy,0 years,Male,2015,78,
Greece,Life expectancy,0 years,Male,2016,78.3,
Greece,Life expectancy,0 years,Male,2017,78.3,
Greece,Life expectancy,0 years,Male,2018,78.7,
Greece,Life expectancy,0 years,Male,2019,78.7,
Greece,Life expectancy,0 years,Male,2020,78.4,
Greece,Life expectancy,0 years,Male,2021,77.3,
Greece,Life expectancy,0 years,Male,2022,78.2,
Greece,Life expectancy,0 years,Male,2023,79.1,
Greece,Life expectancy,0 years,Male,2024,79.4,
New Zealand,Life expectancy,0 years,Male,2015,79.7,
New Zealand,Life expectancy,0 years,Male,2016,79.8,
New Zealand,Life expectancy,0 years,Male,2017,79.9,
New Zealand,Life expectancy,0 years,Male,2018,80,
New Zealand,Life expectancy,0 years,Male,2019,80,
New Zealand,Life expectancy,0 years,Male,2020,80,
New Zealand,Life expectancy,0 years,Male,2021,80.1,
New Zealand,Life expectancy,0 years,Male,2022,80.1,
New Zealand,Life expectancy,0 years,Male,2023,80.1,
New Zealand,Life expectancy,0 years,Male,2024,80.4,
Canada,Life expectancy,0 years,Male,2015,79.9,
Canada,Life expectancy,0 years,Male,2016,79.9,
Canada,Life expectancy,0 years,Male,2017,79.7,
Canada,Life expectancy,0 years,Male,2018,79.8,
Canada,Life expectancy,0 years,Male,2019,80.1,
Canada,Life expectancy,0 years,Male,2020,79.3,
Canada,Life expectancy,0 years,Male,2021,79.1,
Canada,Life expectancy,0 years,Male,2022,78.9,
Canada,Life expectancy,0 years,Male,2023,79.5,
Canada,Life expectancy,0 years,Male,2024,80,
Denmark,Life expectancy,0 years,Male,2015,78.8,
Denmark,Life expectancy,0 years,Male,2016,78.9,
Denmark,Life expectancy,0 years,Male,2017,79.1,
Denmark,Life expectancy,0 years,Male,2018,79,
Denmark,Life expectancy,0 years,Male,2019,79.4,
Denmark,Life expectancy,0 years,Male,2020,79.6,
Denmark,Life expectancy,0 years,Male,2021,79.6,
Denmark,Life expectancy,0 years,Male,2022,79.4,
Denmark,Life expectancy,0 years,Male,2023,79.7,
Denmark,Life expectancy,0 years,Male,2024,80.2,
Finland,Life expectancy,0 years,Male,2015,78.5,
Finland,Life expectancy,0 years,Male,2016,78.4,
Finland,Life expectancy,0 years,Male,2017,78.7,
Finland,Life expectancy,0 years,Male,2018,78.9,
Finland,Life expectancy,0 years,Male,2019,79.2,
Finland,Life expectancy,0 years,Male,2020,79,
Finland,Life expectancy,0 years,Male,2021,79.1,
Finland,Life expectancy,0 years,Male,2022,78.6,
Finland,Life expectancy,0 years,Male,2023,79,
Finland,Life expectancy,0 years,Male,2024,79.6,
Italy,Life expectancy,0 years,Male,2015,80.1,
Italy,Life expectancy,0 years,Male,2016,80.7,
Italy,Life expectancy,0 years,Male,2017,80.6,
Italy,Life expectancy,0 years,Male,2018,80.9,
Italy,Life expectancy,0 years,Male,2019,81.2,
Italy,Life expectancy,0 years,Male,2020,79.9,
Italy,Life expectancy,0 years,Male,2021,80.4,
Italy,Life expectancy,0 years,Male,2022,80.6,
Italy,Life expectancy,0 years,Male,2023,81.2,
Italy,Life expectancy,0 years,Male,2024,81.6,
Korea,Life expectancy,0 years,Male,2015,79,
Korea,Life expectancy,0 years,Male,2016,79.3,
Korea,Life expectancy,0 years,Male,2017,79.7,
Korea,Life expectancy,0 years,Male,2018,79.7,
Korea,Life expectancy,0 years,Male,2019,80.3,
Korea,Life expectancy,0 years,Male,2020,80.5,
Korea,Life expectancy,0 years,Male,2021,80.6,
Korea,Life expectancy,0 years,Male,2022,79.9,
Korea,Life expectancy,0 years,Male,2023,80.6,
Korea,Life expectancy,0 years,Male,2024,80.8,
Türkiye,Life expectancy,0 years,Male,2015,75.3,
Türkiye,Life expectancy,0 years,Male,2016,75.3,
Türkiye,Life expectancy,0 years,Male,2017,75.6,
Türkiye,Life expectancy,0 years,Male,2018,75.9,
Türkiye,Life expectancy,0 years,Male,2019,75.6,
Türkiye,Life expectancy,0 years,Male,2020,75,
Türkiye,Life expectancy,0 years,Male,2021,74.8,
Türkiye,Life expectancy,0 years,Male,2022,74.7,
Türkiye,Life expectancy,0 years,Male,2023,75.5,
United Kingdom,Life expectancy,0 years,Male,2015,79,
United Kingdom,Life expectancy,0 years,Male,2016,79.2,
United Kingdom,Life expectancy,0 years,Male,2017,79.2,
United Kingdom,Life expectancy,0 years,Male,2018,79.2,
United Kingdom,Life expectancy,0 years,Male,2019,79.5,
United Kingdom,Life expectancy,0 years,Male,2020,78.3,
United Kingdom,Life expectancy,0 years,Male,2021,78.5,
United Kingdom,Life expectancy,0 years,Male,2022,79,
United Kingdom,Life expectancy,0 years,Male,2023,79,
United Kingdom,Life expectancy,0 years,Male,2024,79.4,
Australia,Life expectancy,0 years,Total,2015,82.4,
Australia,Life expectancy,0 years,Total,2016,82.4,
Australia,Life expectancy,0 years,Total,2017,82.5,
Australia,Life expectancy,0 years,Total,2018,82.8,
Australia,Life expectancy,0 years,Total,2019,82.9,
Australia,Life expectancy,0 years,Total,2020,83.2,
Australia,Life expectancy,0 years,Total,2021,83.3,
Australia,Life expectancy,0 years,Total,2022,83.2,
Australia,Life expectancy,0 years,Total,2023,83,
Australia,Life expectancy,0 years,Total,2024,83,
Canada,Life expectancy,0 years,Total,2015,81.9,
Canada,Life expectancy,0 years,Total,2016,82,
Canada,Life expectancy,0 years,Total,2017,81.9,
Canada,Life expectancy,0 years,Total,2018,81.9,
Canada,Life expectancy,0 years,Total,2019,82.2,
Canada,Life expectancy,0 years,Total,2020,81.6,
Canada,Life expectancy,0 years,Total,2021,81.5,
Canada,Life expectancy,0 years,Total,2022,81.1,
Canada,Life expectancy,0 years,Total,2023,81.7,
Canada,Life expectancy,0 years,Total,2024,82.2,
Denmark,Life expectancy,0 years,Total,2015,80.7,
Denmark,Life expectancy,0 years,Total,2016,80.9,
Denmark,Life expectancy,0 years,Total,2017,81.1,
Denmark,Life expectancy,0 years,Total,2018,81,
Denmark,Life expectancy,0 years,Total,2019,81.4,
Denmark,Life expectancy,0 years,Total,2020,81.5,
Denmark,Life expectancy,0 years,Total,2021,81.4,
Denmark,Life expectancy,0 years,Total,2022,81.3,
Denmark,Life expectancy,0 years,Total,2023,81.7,
Denmark,Life expectancy,0 years,Total,2024,82,
Finland,Life expectancy,0 years,Total,2015,81.4,
Finland,Life expectancy,0 years,Total,2016,81.3,
Finland,Life expectancy,0 years,Total,2017,81.5,
Finland,Life expectancy,0 years,Total,2018,81.6,
Finland,Life expectancy,0 years,Total,2019,81.9,
Finland,Life expectancy,0 years,Total,2020,81.8,
Finland,Life expectancy,0 years,Total,2021,81.8,
Finland,Life expectancy,0 years,Total,2022,81.2,
Finland,Life expectancy,0 years,Total,2023,81.6,
Finland,Life expectancy,0 years,Total,2024,82.2,
Italy,Life expectancy,0 years,Total,2015,82.4,
Italy,Life expectancy,0 years,Total,2016,83,
Italy,Life expectancy,0 years,Total,2017,82.8,
Italy,Life expectancy,0 years,Total,2018,83.1,
Italy,Life expectancy,0 years,Total,2019,83.4,
Italy,Life expectancy,0 years,Total,2020,82.2,
Italy,Life expectancy,0 years,Total,2021,82.6,
Italy,Life expectancy,0 years,Total,2022,82.8,
Italy,Life expectancy,0 years,Total,2023,83.3,
Italy,Life expectancy,0 years,Total,2024,83.7,
Korea,Life expectancy,0 years,Total,2015,82.1,
Korea,Life expectancy,0 years,Total,2016,82.4,
Korea,Life expectancy,0 years,Total,2017,82.7,
Korea,Life expectancy,0 years,Total,2018,82.7,
Korea,Life expectancy,0 years,Total,2019,83.3,
Korea,Life expectancy,0 years,Total,2020,83.5,
Korea,Life expectancy,0 years,Total,2021,83.6,
Korea,Life expectancy,0 years,Total,2022,82.7,
Korea,Life expectancy,0 years,Total,2023,83.5,
Korea,Life expectancy,0 years,Total,2024,83.7,
Türkiye,Life expectancy,0 years,Total,2015,78,
Türkiye,Life expectancy,0 years,Total,2016,78,
Türkiye,Life expectancy,0 years,Total,2017,78.3,
Türkiye,Life expectancy,0 years,Total,2018,78.6,
Türkiye,Life expectancy,0 years,Total,2019,78.3,
Türkiye,Life expectancy,0 years,Total,2020,77.7,
Türkiye,Life expectancy,0 years,Total,2021,77.5,
Türkiye,Life expectancy,0 years,Total,2022,77.3,
Türkiye,Life expectancy,0 years,Total,2023,78.1,
Greece,Life expectancy,0 years,Total,2015,80.8,
Greece,Life expectancy,0 years,Total,2016,81,
Greece,Life expectancy,0 years,Total,2017,81,
Greece,Life expectancy,0 years,Total,2018,81.5,
Greece,Life expectancy,0 years,Total,2019,81.4,
Greece,Life expectancy,0 years,Total,2020,81.1,
Greece,Life expectancy,0 years,Total,2021,80.1,
Greece,Life expectancy,0 years,Total,2022,80.8,
Greece,Life expectancy,0 years,Total,2023,81.7,
Greece,Life expectancy,0 years,Total,2024,81.9,
United States,Life expectancy,0 years,Total,2015,78.7,
United States,Life expectancy,0 years,Total,2016,78.7,
United States,Life expectancy,0 years,Total,2017,78.6,
United States,Life expectancy,0 years,Total,2018,78.7,
United States,Life expectancy,0 years,Total,2019,78.8,
United States,Life expectancy,0 years,Total,2020,77,
United States,Life expectancy,0 years,Total,2021,76.4,
United States,Life expectancy,0 years,Total,2022,77.5,
United States,Life expectancy,0 years,Total,2023,78.4,
United States,Life expectancy,0 years,Total,2024,79,
Portugal,Life expectancy,0 years,Total,2015,81.3,
Portugal,Life expectancy,0 years,Total,2016,81.4,
Portugal,Life expectancy,0 years,Total,2017,81.6,
Portugal,Life expectancy,0 years,Total,2018,81.6,
Portugal,Life expectancy,0 years,Total,2019,82,
Portugal,Life expectancy,0 years,Total,2020,81.4,
Portugal,Life expectancy,0 years,Total,2021,81.4,
Portugal,Life expectancy,0 years,Total,2022,81.7,
Portugal,Life expectancy,0 years,Total,2023,82.3,
Portugal,Life expectancy,0 years,Total,2024,82.5,
Germany,Life expectancy,0 years,Total,2015,80.6,
Germany,Life expectancy,0 years,Total,2016,80.9,
Germany,Life expectancy,0 years,Total,2017,81,
Germany,Life expectancy,0 years,Total,2018,80.9,
Germany,Life expectancy,0 years,Total,2019,81.2,
Germany,Life expectancy,0 years,Total,2020,81,
Germany,Life expectancy,0 years,Total,2021,80.7,
Germany,Life expectancy,0 years,Total,2022,80.5,
Germany,Life expectancy,0 years,Total,2023,80.9,
Germany,Life expectancy,0 years,Total,2024,81.2,
France,Life expectancy,0 years,Total,2015,82.1,
France,Life expectancy,0 years,Total,2016,82.4,
France,Life expectancy,0 years,Total,2017,82.4,
France,Life expectancy,0 years,Total,2018,82.6,
France,Life expectancy,0 years,Total,2019,82.7,
France,Life expectancy,0 years,Total,2020,82.2,
France,Life expectancy,0 years,Total,2021,82.2,
France,Life expectancy,0 years,Total,2022,82.2,
France,Life expectancy,0 years,Total,2023,82.9,
France,Life expectancy,0 years,Total,2024,83,
France,Life expectancy,0 years,Female,2015,85.1,
France,Life expectancy,0 years,Female,2016,85.3,
France,Life expectancy,0 years,Female,2017,85.3,
France,Life expectancy,0 years,Female,2018,85.5,
France,Life expectancy,0 years,Female,2019,85.6,
France,Life expectancy,0 years,Female,2020,85.1,
France,Life expectancy,0 years,Female,2021,85.2,
France,Life expectancy,0 years,Female,2022,85.1,
France,Life expectancy,0 years,Female,2023,85.7,
France,Life expectancy,0 years,Female,2024,85.8,
Germany,Life expectancy,0 years,Female,2015,83,
Germany,Life expectancy,0 years,Female,2016,83.3,
Germany,Life expectancy,0 years,Female,2017,83.3,
Germany,Life expectancy,0 years,Female,2018,83.2,
Germany,Life expectancy,0 years,Female,2019,83.6,
Germany,Life expectancy,0 years,Female,2020,83.4,
Germany,Life expectancy,0 years,Female,2021,83.2,
Germany,Life expectancy,0 years,Female,2022,82.9,
Germany,Life expectancy,0 years,Female,2023,83.2,
Germany,Life expectancy,0 years,Female,2024,83.5,
Japan,Life expectancy,0 years,Female,2015,87,
Japan,Life expectancy,0 years,Female,2016,87.1,
Japan,Life expectancy,0 years,Female,2017,87.3,
Japan,Life expectancy,0 years,Female,2018,87.3,
Japan,Life expectancy,0 years,Female,2019,87.4,
Japan,Life expectancy,0 years,Female,2020,87.7,
Japan,Life expectancy,0 years,Female,2021,87.6,
Japan,Life expectancy,0 years,Female,2022,87.1,
Japan,Life expectancy,0 years,Female,2023,87.1,
Japan,Life expectancy,0 years,Female,2024,87.1,
Portugal,Life expectancy,0 years,Female,2015,84.3,
Portugal,Life expectancy,0 years,Female,2016,84.3,
Portugal,Life expectancy,0 years,Female,2017,84.5,
Portugal,Life expectancy,0 years,Female,2018,84.5,
Portugal,Life expectancy,0 years,Female,2019,84.8,
Portugal,Life expectancy,0 years,Female,2020,84.2,
Portugal,Life expectancy,0 years,Female,2021,84.3,
Portugal,Life expectancy,0 years,Female,2022,84.4,
Portugal,Life expectancy,0 years,Female,2023,85,
Portugal,Life expectancy,0 years,Female,2024,85.2,
United States,Life expectancy,0 years,Female,2015,81.1,
United States,Life expectancy,0 years,Female,2016,81.1,
United States,Life expectancy,0 years,Female,2017,81.1,
United States,Life expectancy,0 years,Female,2018,81.2,
United States,Life expectancy,0 years,Female,2019,81.4,
United States,Life expectancy,0 years,Female,2020,79.9,
United States,Life expectancy,0 years,Female,2021,79.3,
United States,Life expectancy,0 years,Female,2022,80.2,
United States,Life expectancy,0 years,Female,2023,81.1,
United States,Life expectancy,0 years,Female,2024,81.4,
Greece,Life expectancy,0 years,Female,2015,83.5,
Greece,Life expectancy,0 years,Female,2016,83.7,
Greece,Life expectancy,0 years,Female,2017,83.7,
Greece,Life expectancy,0 years,Female,2018,84.2,
Greece,Life expectancy,0 years,Female,2019,84.1,
Greece,Life expectancy,0 years,Female,2020,83.8,
Greece,Life expectancy,0 years,Female,2021,82.9,
Greece,Life expectancy,0 years,Female,2022,83.4,
Greece,Life expectancy,0 years,Female,2023,84.2,
Greece,Life expectancy,0 years,Female,2024,84.4,
New Zealand,Life expectancy,0 years,Female,2015,83.3,
New Zealand,Life expectancy,0 years,Female,2016,83.4,
New Zealand,Life expectancy,0 years,Female,2017,83.4,
New Zealand,Life expectancy,0 years,Female,2018,83.5,
New Zealand,Life expectancy,0 years,Female,2019,83.5,
New Zealand,Life expectancy,0 years,Female,2020,83.5,
New Zealand,Life expectancy,0 years,Female,2021,83.5,
New Zealand,Life expectancy,0 years,Female,2022,83.5,
New Zealand,Life expectancy,0 years,Female,2023,83.5,
New Zealand,Life expectancy,0 years,Female,2024,83.7,
Canada,Life expectancy,0 years,Female,2015,83.9,
Canada,Life expectancy,0 years,Female,2016,84,
Canada,Life expectancy,0 years,Female,2017,84,
Canada,Life expectancy,0 years,Female,2018,84,
Canada,Life expectancy,0 years,Female,2019,84.3,
Canada,Life expectancy,0 years,Female,2020,83.8,
Canada,Life expectancy,0 years,Female,2021,83.9,
Canada,Life expectancy,0 years,Female,2022,83.4,
Canada,Life expectancy,0 years,Female,2023,83.9,
Canada,Life expectancy,0 years,Female,2024,84.3,
Denmark,Life expectancy,0 years,Female,2015,82.7,
Denmark,Life expectancy,0 years,Female,2016,82.8,
Denmark,Life expectancy,0 years,Female,2017,83.1,
Denmark,Life expectancy,0 years,Female,2018,82.9,
Denmark,Life expectancy,0 years,Female,2019,83.4,
Denmark,Life expectancy,0 years,Female,2020,83.5,
Denmark,Life expectancy,0 years,Female,2021,83.3,
Denmark,Life expectancy,0 years,Female,2022,83.2,
Denmark,Life expectancy,0 years,Female,2023,83.6,
Denmark,Life expectancy,0 years,Female,2024,83.9,
Finland,Life expectancy,0 years,Female,2015,84.1,
Finland,Life expectancy,0 years,Female,2016,84.1,
Finland,Life expectancy,0 years,Female,2017,84.2,
Finland,Life expectancy,0 years,Female,2018,84.3,
Finland,Life expectancy,0 years,Female,2019,84.6,
Finland,Life expectancy,0 years,Female,2020,84.6,
Finland,Life expectancy,0 years,Female,2021,84.5,
Finland,Life expectancy,0 years,Female,2022,83.8,
Finland,Life expectancy,0 years,Female,2023,84.2,
Finland,Life expectancy,0 years,Female,2024,84.8,
Italy,Life expectancy,0 years,Female,2015,84.6,
Italy,Life expectancy,0 years,Female,2016,85.2,
Italy,Life expectancy,0 years,Female,2017,84.9,
Italy,Life expectancy,0 years,Female,2018,85.2,
Italy,Life expectancy,0 years,Female,2019,85.5,
Italy,Life expectancy,0 years,Female,2020,84.5,
Italy,Life expectancy,0 years,Female,2021,84.8,
Italy,Life expectancy,0 years,Female,2022,84.8,
Italy,Life expectancy,0 years,Female,2023,85.3,
Italy,Life expectancy,0 years,Female,2024,85.7,
Korea,Life expectancy,0 years,Female,2015,85.2,
Korea,Life expectancy,0 years,Female,2016,85.4,
Korea,Life expectancy,0 years,Female,2017,85.7,
Korea,Life expectancy,0 years,Female,2018,85.7,
Korea,Life expectancy,0 years,Female,2019,86.3,
Korea,Life expectancy,0 years,Female,2020,86.5,
Korea,Life expectancy,0 years,Female,2021,86.6,
Korea,Life expectancy,0 years,Female,2022,85.6,
Korea,Life expectancy,0 years,Female,2023,86.4,
Korea,Life expectancy,0 years,Female,2024,86.6,
Türkiye,Life expectancy,0 years,Female,2015,80.7,
Türkiye,Life expectancy,0 years,Female,2016,80.8,
Türkiye,Life expectancy,0 years,Female,2017,81,
Türkiye,Life expectancy,0 years,Female,2018,81.3,
Türkiye,Life expectancy,0 years,Female,2019,81.1,
Türkiye,Life expectancy,0 years,Female,2020,80.5,
Türkiye,Life expectancy,0 years,Female,2021,80.3,
Türkiye,Life expectancy,0 years,Female,2022,80,
Türkiye,Life expectancy,0 years,Female,2023,80.7,
United Kingdom,Life expectancy,0 years,Female,2015,82.7,
United Kingdom,Life expectancy,0 years,Female,2016,82.8,
United Kingdom,Life expectancy,0 years,Female,2017,82.9,
United Kingdom,Life expectancy,0 years,Female,2018,82.9,
United Kingdom,Life expectancy,0 years,Female,2019,83.2,
United Kingdom,Life expectancy,0 years,Female,2020,82.3,
United Kingdom,Life expectancy,0 years,Female,2021,82.5,
United Kingdom,Life expectancy,0 years,Female,2022,82.9,
United Kingdom,Life expectancy,0 years,Female,2023,82.9,
United Kingdom,Life expectancy,0 years,Female,2024,83.3,
Australia,Life expectancy,0 years,Female,2015,84.5,
Australia,Life expectancy,0 years,Female,2016,84.6,
Australia,Life expectancy,0 years,Female,2017,84.6,
Australia,Life expectancy,0 years,Female,2018,84.9,
Australia,Life expectancy,0 years,Female,2019,85,
Australia,Life expectancy,0 years,Female,2020,85.3,
Australia,Life expectancy,0 years,Female,2021,85.4,
Australia,Life expectancy,0 years,Female,2022,85.3,
Australia,Life expectancy,0 years,Female,2023,85.1,
Australia,Life expectancy,0 years,Female,2024,85.1,
Australia,Life expectancy,65 years,Female,2015,22.3,
Australia,Life expectancy,65 years,Female,2016,22.3,
Australia,Life expectancy,65 years,Female,2017,22.3,
Australia,Life expectancy,65 years,Female,2018,22.6,
Australia,Life expectancy,65 years,Female,2019,22.7,
Australia,Life expectancy,65 years,Female,2020,23,
Australia,Life expectancy,65 years,Female,2021,23,
Australia,Life expectancy,65 years,Female,2022,22.8,
Australia,Life expectancy,65 years,Female,2023,22.7,
Australia,Life expectancy,65 years,Female,2024,22.7,
France,Life expectancy,65 years,Female,2015,23,
France,Life expectancy,65 years,Female,2016,23.2,
France,Life expectancy,65 years,Female,2017,23.3,
France,Life expectancy,65 years,Female,2018,23.4,
France,Life expectancy,65 years,Female,2019,23.5,
France,Life expectancy,65 years,Female,2020,22.9,
France,Life expectancy,65 years,Female,2021,23.1,
France,Life expectancy,65 years,Female,2022,23,
France,Life expectancy,65 years,Female,2023,23.5,
France,Life expectancy,65 years,Female,2024,23.6,
Germany,Life expectancy,65 years,Female,2015,20.8,
Germany,Life expectancy,65 years,Female,2016,21.1,
Germany,Life expectancy,65 years,Female,2017,21.1,
Germany,Life expectancy,65 years,Female,2018,21,
Germany,Life expectancy,65 years,Female,2019,21.3,
Germany,Life expectancy,65 years,Female,2020,21.1,
Germany,Life expectancy,65 years,Female,2021,20.9,
Germany,Life expectancy,65 years,Female,2022,20.7,
Germany,Life expectancy,65 years,Female,2023,20.9,
Germany,Life expectancy,65 years,Female,2024,21.2,
Japan,Life expectancy,65 years,Female,2015,24.2,
Japan,Life expectancy,65 years,Female,2016,24.4,
Japan,Life expectancy,65 years,Female,2017,24.4,
Japan,Life expectancy,65 years,Female,2018,24.5,
Japan,Life expectancy,65 years,Female,2019,24.6,
Japan,Life expectancy,65 years,Female,2020,24.9,
Japan,Life expectancy,65 years,Female,2021,24.7,
Japan,Life expectancy,65 years,Female,2022,24.3,
Japan,Life expectancy,65 years,Female,2023,24.4,
Japan,Life expectancy,65 years,Female,2024,24.4,
Portugal,Life expectancy,65 years,Female,2015,21.7,
Portugal,Life expectancy,65 years,Female,2016,21.8,
Portugal,Life expectancy,65 years,Female,2017,22.1,
Portugal,Life expectancy,65 years,Female,2018,22,
Portugal,Life expectancy,65 years,Female,2019,22.3,
Portugal,Life expectancy,65 years,Female,2020,21.7,
Portugal,Life expectancy,65 years,Female,2021,21.8,
Portugal,Life expectancy,65 years,Female,2022,21.9,
Portugal,Life expectancy,65 years,Female,2023,22.5,
Portugal,Life expectancy,65 years,Female,2024,22.6,
United States,Life expectancy,65 years,Female,2015,20.5,
United States,Life expectancy,65 years,Female,2016,20.6,
United States,Life expectancy,65 years,Female,2017,20.6,
United States,Life expectancy,65 years,Female,2018,20.7,
United States,Life expectancy,65 years,Female,2019,20.8,
United States,Life expectancy,65 years,Female,2020,19.8,
United States,Life expectancy,65 years,Female,2021,19.7,
United States,Life expectancy,65 years,Female,2022,20.2,
United States,Life expectancy,65 years,Female,2023,20.7,
United States,Life expectancy,65 years,Female,2024,20.8,
Greece,Life expectancy,65 years,Female,2015,21,
Greece,Life expectancy,65 years,Female,2016,21.4,
Greece,Life expectancy,65 years,Female,2017,21.2,
Greece,Life expectancy,65 years,Female,2018,21.7,
Greece,Life expectancy,65 years,Female,2019,21.6,
Greece,Life expectancy,65 years,Female,2020,21.3,
Greece,Life expectancy,65 years,Female,2021,20.6,
Greece,Life expectancy,65 years,Female,2022,20.9,
Greece,Life expectancy,65 years,Female,2023,21.6,
Greece,Life expectancy,65 years,Female,2024,21.8,
New Zealand,Life expectancy,65 years,Female,2015,21.4,
New Zealand,Life expectancy,65 years,Female,2016,21.5,
New Zealand,Life expectancy,65 years,Female,2017,21.5,
New Zealand,Life expectancy,65 years,Female,2018,21.6,
New Zealand,Life expectancy,65 years,Female,2019,21.6,
New Zealand,Life expectancy,65 years,Female,2020,21.6,
New Zealand,Life expectancy,65 years,Female,2021,21.6,
New Zealand,Life expectancy,65 years,Female,2022,21.6,
New Zealand,Life expectancy,65 years,Female,2023,21.5,
New Zealand,Life expectancy,65 years,Female,2024,21.8,
Canada,Life expectancy,65 years,Female,2015,21.9,
Canada,Life expectancy,65 years,Female,2016,22.2,
Canada,Life expectancy,65 years,Female,2017,22.1,
Canada,Life expectancy,65 years,Female,2018,22.1,
Canada,Life expectancy,65 years,Female,2019,22.3,
Canada,Life expectancy,65 years,Female,2020,22,
Canada,Life expectancy,65 years,Female,2021,22.2,
Canada,Life expectancy,65 years,Female,2022,21.8,
Canada,Life expectancy,65 years,Female,2023,22.2,
Canada,Life expectancy,65 years,Female,2024,22.5,
Denmark,Life expectancy,65 years,Female,2015,20.6,
Denmark,Life expectancy,65 years,Female,2016,20.7,
Denmark,Life expectancy,65 years,Female,2017,20.8,
Denmark,Life expectancy,65 years,Female,2018,20.7,
Denmark,Life expectancy,65 years,Female,2019,21,
Denmark,Life expectancy,65 years,Female,2020,21.1,
Denmark,Life expectancy,65 years,Female,2021,20.9,
Denmark,Life expectancy,65 years,Female,2022,20.7,
Denmark,Life expectancy,65 years,Female,2023,21.1,
Denmark,Life expectancy,65 years,Female,2024,21.3,
Finland,Life expectancy,65 years,Female,2015,21.6,
Finland,Life expectancy,65 years,Female,2016,21.6,
Finland,Life expectancy,65 years,Female,2017,21.8,
Finland,Life expectancy,65 years,Female,2018,21.9,
Finland,Life expectancy,65 years,Female,2019,22.1,
Finland,Life expectancy,65 years,Female,2020,22,
Finland,Life expectancy,65 years,Female,2021,22,
Finland,Life expectancy,65 years,Female,2022,21.3,
Finland,Life expectancy,65 years,Female,2023,21.7,
Finland,Life expectancy,65 years,Female,2024,22.2,
Italy,Life expectancy,65 years,Female,2015,21.9,
Italy,Life expectancy,65 years,Female,2016,22.4,
Italy,Life expectancy,65 years,Female,2017,22.1,
Italy,Life expectancy,65 years,Female,2018,22.5,
Italy,Life expectancy,65 years,Female,2019,22.6,
Italy,Life expectancy,65 years,Female,2020,21.7,
Italy,Life expectancy,65 years,Female,2021,22,
Italy,Life expectancy,65 years,Female,2022,21.9,
Italy,Life expectancy,65 years,Female,2023,22.4,
Italy,Life expectancy,65 years,Female,2024,22.7,
Korea,Life expectancy,65 years,Female,2015,22.4,
Korea,Life expectancy,65 years,Female,2016,22.6,
Korea,Life expectancy,65 years,Female,2017,22.7,
Korea,Life expectancy,65 years,Female,2018,22.8,
Korea,Life expectancy,65 years,Female,2019,23.4,
Korea,Life expectancy,65 years,Female,2020,23.6,
Korea,Life expectancy,65 years,Female,2021,23.7,
Korea,Life expectancy,65 years,Female,2022,22.8,
Korea,Life expectancy,65 years,Female,2023,23.6,
Korea,Life expectancy,65 years,Female,2024,23.7,
Türkiye,Life expectancy,65 years,Female,2015,19.3,
Türkiye,Life expectancy,65 years,Female,2016,19.2,
Türkiye,Life expectancy,65 years,Female,2017,19.4,
Türkiye,Life expectancy,65 years,Female,2018,19.6,
Türkiye,Life expectancy,65 years,Female,2019,19.4,
Türkiye,Life expectancy,65 years,Female,2020,18.9,
Türkiye,Life expectancy,65 years,Female,2021,18.8,
Türkiye,Life expectancy,65 years,Female,2022,19,
Türkiye,Life expectancy,65 years,Female,2023,19.6,
United Kingdom,Life expectancy,65 years,Female,2015,20.7,
United Kingdom,Life expectancy,65 years,Female,2016,20.9,
United Kingdom,Life expectancy,65 years,Female,2017,20.9,
United Kingdom,Life expectancy,65 years,Female,2018,20.9,
United Kingdom,Life expectancy,65 years,Female,2019,21.3,
United Kingdom,Life expectancy,65 years,Female,2020,20.5,
United Kingdom,Life expectancy,65 years,Female,2021,20.8,
United Kingdom,Life expectancy,65 years,Female,2022,21,
United Kingdom,Life expectancy,65 years,Female,2023,21.1,
United Kingdom,Life expectancy,65 years,Female,2024,21.4,
Canada,Life expectancy,60 years,Female,2015,26.3,
Canada,Life expectancy,60 years,Female,2016,26.5,
Canada,Life expectancy,60 years,Female,2017,26.4,
Canada,Life expectancy,60 years,Female,2018,26.4,
Canada,Life expectancy,60 years,Female,2019,26.7,
Canada,Life expectancy,60 years,Female,2020,26.4,
Canada,Life expectancy,60 years,Female,2021,26.5,
Canada,Life expectancy,60 years,Female,2022,26.1,
Canada,Life expectancy,60 years,Female,2023,26.6,
Canada,Life expectancy,60 years,Female,2024,26.8,
Denmark,Life expectancy,60 years,Female,2015,24.8,
Denmark,Life expectancy,60 years,Female,2016,24.9,
Denmark,Life expectancy,60 years,Female,2017,25.1,
Denmark,Life expectancy,60 years,Female,2018,24.9,
Denmark,Life expectancy,60 years,Female,2019,25.2,
Denmark,Life expectancy,60 years,Female,2020,25.3,
Denmark,Life expectancy,60 years,Female,2021,25.2,
Denmark,Life expectancy,60 years,Female,2022,25,
Denmark,Life expectancy,60 years,Female,2023,25.4,
Denmark,Life expectancy,60 years,Female,2024,25.7,
Finland,Life expectancy,60 years,Female,2015,26,
Finland,Life expectancy,60 years,Female,2016,26,
Finland,Life expectancy,60 years,Female,2017,26.2,
Finland,Life expectancy,60 years,Female,2018,26.2,
Finland,Life expectancy,60 years,Female,2019,26.5,
Finland,Life expectancy,60 years,Female,2020,26.5,
Finland,Life expectancy,60 years,Female,2021,26.4,
Finland,Life expectancy,60 years,Female,2022,25.7,
Finland,Life expectancy,60 years,Female,2023,26.1,
Finland,Life expectancy,60 years,Female,2024,26.6,
Italy,Life expectancy,60 years,Female,2015,26.3,
Italy,Life expectancy,60 years,Female,2016,26.9,
Italy,Life expectancy,60 years,Female,2017,26.6,
Italy,Life expectancy,60 years,Female,2018,26.9,
Italy,Life expectancy,60 years,Female,2019,27.1,
Italy,Life expectancy,60 years,Female,2020,26.1,
Italy,Life expectancy,60 years,Female,2021,26.4,
Italy,Life expectancy,60 years,Female,2022,26.4,
Italy,Life expectancy,60 years,Female,2023,26.9,
Italy,Life expectancy,60 years,Female,2024,27.2,
Korea,Life expectancy,60 years,Female,2015,27,
Korea,Life expectancy,60 years,Female,2016,27.2,
Korea,Life expectancy,60 years,Female,2017,27.4,
Korea,Life expectancy,60 years,Female,2018,27.5,
Korea,Life expectancy,60 years,Female,2019,28.1,
Korea,Life expectancy,60 years,Female,2020,28.2,
Korea,Life expectancy,60 years,Female,2021,28.4,
Korea,Life expectancy,60 years,Female,2022,27.4,
Korea,Life expectancy,60 years,Female,2023,28.2,
Korea,Life expectancy,60 years,Female,2024,28.4,
Türkiye,Life expectancy,60 years,Female,2015,23.6,
Türkiye,Life expectancy,60 years,Female,2016,23.5,
Türkiye,Life expectancy,60 years,Female,2017,23.7,
Türkiye,Life expectancy,60 years,Female,2018,23.9,
Türkiye,Life expectancy,60 years,Female,2019,23.7,
Türkiye,Life expectancy,60 years,Female,2020,23.2,
Türkiye,Life expectancy,60 years,Female,2021,23.1,
Türkiye,Life expectancy,60 years,Female,2022,23.3,
Türkiye,Life expectancy,60 years,Female,2023,23.9,
United Kingdom,Life expectancy,60 years,Female,2015,25,
United Kingdom,Life expectancy,60 years,Female,2016,25.2,
United Kingdom,Life expectancy,60 years,Female,2017,25.2,
United Kingdom,Life expectancy,60 years,Female,2018,25.2,
United Kingdom,Life expectancy,60 years,Female,2019,25.6,
United Kingdom,Life expectancy,60 years,Female,2020,24.7,
United Kingdom,Life expectancy,60 years,Female,2021,25,
United Kingdom,Life expectancy,60 years,Female,2022,25.3,
United Kingdom,Life expectancy,60 years,Female,2023,25.4,
United Kingdom,Life expectancy,60 years,Female,2024,25.7,
New Zealand,Life expectancy,60 years,Female,2015,25.8,
New Zealand,Life expectancy,60 years,Female,2016,25.8,
New Zealand,Life expectancy,60 years,Female,2017,25.9,
New Zealand,Life expectancy,60 years,Female,2018,25.9,
New Zealand,Life expectancy,60 years,Female,2019,25.9,
New Zealand,Life expectancy,60 years,Female,2020,25.9,
New Zealand,Life expectancy,60 years,Female,2021,25.9,
New Zealand,Life expectancy,60 years,Female,2022,25.9,
New Zealand,Life expectancy,60 years,Female,2023,25.9,
New Zealand,Life expectancy,60 years,Female,2024,26.2,
Greece,Life expectancy,60 years,Female,2015,25.5,
Greece,Life expectancy,60 years,Female,2016,25.8,
Greece,Life expectancy,60 years,Female,2017,25.7,
Greece,Life expectancy,60 years,Female,2018,26.1,
Greece,Life expectancy,60 years,Female,2019,26,
Greece,Life expectancy,60 years,Female,2020,25.7,
Greece,Life expectancy,60 years,Female,2021,24.9,
Greece,Life expectancy,60 years,Female,2022,25.3,
Greece,Life expectancy,60 years,Female,2023,26.1,
Greece,Life expectancy,60 years,Female,2024,26.2,
United States,Life expectancy,60 years,Female,2015,24.7,
United States,Life expectancy,60 years,Female,2016,24.7,
United States,Life expectancy,60 years,Female,2017,24.7,
United States,Life expectancy,60 years,Female,2018,24.8,
United States,Life expectancy,60 years,Female,2019,24.9,
United States,Life expectancy,60 years,Female,2020,23.8,
United States,Life expectancy,60 years,Female,2021,23.7,
United States,Life expectancy,60 years,Female,2022,24.2,
United States,Life expectancy,60 years,Female,2023,24.8,
United States,Life expectancy,60 years,Female,2024,24.9,
Portugal,Life expectancy,60 years,Female,2015,26.1,
Portugal,Life expectancy,60 years,Female,2016,26.3,
Portugal,Life expectancy,60 years,Female,2017,26.5,
Portugal,Life expectancy,60 years,Female,2018,26.5,
Portugal,Life expectancy,60 years,Female,2019,26.8,
Portugal,Life expectancy,60 years,Female,2020,26.2,
Portugal,Life expectancy,60 years,Female,2021,26.2,
Portugal,Life expectancy,60 years,Female,2022,26.4,
Portugal,Life expectancy,60 years,Female,2023,26.9,
Portugal,Life expectancy,60 years,Female,2024,27.1,
Japan,Life expectancy,60 years,Female,2015,28.8,
Japan,Life expectancy,60 years,Female,2016,28.9,
Japan,Life expectancy,60 years,Female,2017,29,
Japan,Life expectancy,60 years,Female,2018,29,
Japan,Life expectancy,60 years,Female,2019,29.2,
Japan,Life expectancy,60 years,Female,2020,29.4,
Japan,Life expectancy,60 years,Female,2021,29.3,
Japan,Life expectancy,60 years,Female,2022,28.8,
Japan,Life expectancy,60 years,Female,2023,28.9,
Japan,Life expectancy,60 years,Female,2024,28.9,
Germany,Life expectancy,60 years,Female,2015,25.1,
Germany,Life expectancy,60 years,Female,2016,25.4,
Germany,Life expectancy,60 years,Female,2017,25.4,
Germany,Life expectancy,60 years,Female,2018,25.3,
Germany,Life expectancy,60 years,Female,2019,25.6,
Germany,Life expectancy,60 years,Female,2020,25.4,
Germany,Life expectancy,60 years,Female,2021,25.2,
Germany,Life expectancy,60 years,Female,2022,24.9,
Germany,Life expectancy,60 years,Female,2023,25.2,
Germany,Life expectancy,60 years,Female,2024,25.5,
France,Life expectancy,60 years,Female,2015,27.4,
France,Life expectancy,60 years,Female,2016,27.6,
France,Life expectancy,60 years,Female,2017,27.6,
France,Life expectancy,60 years,Female,2018,27.7,
France,Life expectancy,60 years,Female,2019,27.8,
France,Life expectancy,60 years,Female,2020,27.3,
France,Life expectancy,60 years,Female,2021,27.4,
France,Life expectancy,60 years,Female,2022,27.3,
France,Life expectancy,60 years,Female,2023,27.9,
France,Life expectancy,60 years,Female,2024,27.9,
Australia,Life expectancy,60 years,Female,2015,26.7,
Australia,Life expectancy,60 years,Female,2016,26.7,
Australia,Life expectancy,60 years,Female,2017,26.8,
Australia,Life expectancy,60 years,Female,2018,27,
Australia,Life expectancy,60 years,Female,2019,27.1,
Australia,Life expectancy,60 years,Female,2020,27.4,
Australia,Life expectancy,60 years,Female,2021,27.4,
Australia,Life expectancy,60 years,Female,2022,27.3,
Australia,Life expectancy,60 years,Female,2023,27.1,
Australia,Life expectancy,60 years,Female,2024,27.2,
Australia,Life expectancy,40 years,Female,2015,45.4,
Australia,Life expectancy,40 years,Female,2016,45.4,
Australia,Life expectancy,40 years,Female,2017,45.5,
Australia,Life expectancy,40 years,Female,2018,45.7,
Australia,Life expectancy,40 years,Female,2019,45.9,
Australia,Life expectancy,40 years,Female,2020,46.1,
Australia,Life expectancy,40 years,Female,2021,46.2,
Australia,Life expectancy,40 years,Female,2022,46.1,
Australia,Life expectancy,40 years,Female,2023,45.9,
Australia,Life expectancy,40 years,Female,2024,45.9,
France,Life expectancy,40 years,Female,2015,45.9,
France,Life expectancy,40 years,Female,2016,46.2,
France,Life expectancy,40 years,Female,2017,46.2,
France,Life expectancy,40 years,Female,2018,46.3,
France,Life expectancy,40 years,Female,2019,46.4,
France,Life expectancy,40 years,Female,2020,45.9,
France,Life expectancy,40 years,Female,2021,46,
France,Life expectancy,40 years,Female,2022,46,
France,Life expectancy,40 years,Female,2023,46.5,
France,Life expectancy,40 years,Female,2024,46.6,
Germany,Life expectancy,40 years,Female,2015,43.7,
Germany,Life expectancy,40 years,Female,2016,44,
Germany,Life expectancy,40 years,Female,2017,44,
Germany,Life expectancy,40 years,Female,2018,44,
Germany,Life expectancy,40 years,Female,2019,44.3,
Germany,Life expectancy,40 years,Female,2020,44.1,
Germany,Life expectancy,40 years,Female,2021,43.9,
Germany,Life expectancy,40 years,Female,2022,43.6,
Germany,Life expectancy,40 years,Female,2023,44,
Germany,Life expectancy,40 years,Female,2024,44.2,
Japan,Life expectancy,40 years,Female,2015,47.7,
Japan,Life expectancy,40 years,Female,2016,47.8,
Japan,Life expectancy,40 years,Female,2017,47.9,
Japan,Life expectancy,40 years,Female,2018,48,
Japan,Life expectancy,40 years,Female,2019,48.1,
Japan,Life expectancy,40 years,Female,2020,48.4,
Japan,Life expectancy,40 years,Female,2021,48.2,
Japan,Life expectancy,40 years,Female,2022,47.8,
Japan,Life expectancy,40 years,Female,2023,47.9,
Japan,Life expectancy,40 years,Female,2024,47.9,
Portugal,Life expectancy,40 years,Female,2015,44.9,
Portugal,Life expectancy,40 years,Female,2016,45,
Portugal,Life expectancy,40 years,Female,2017,45.2,
Portugal,Life expectancy,40 years,Female,2018,45.3,
Portugal,Life expectancy,40 years,Female,2019,45.5,
Portugal,Life expectancy,40 years,Female,2020,44.9,
Portugal,Life expectancy,40 years,Female,2021,45,
Portugal,Life expectancy,40 years,Female,2022,45.2,
Portugal,Life expectancy,40 years,Female,2023,45.7,
Portugal,Life expectancy,40 years,Female,2024,45.9,
United States,Life expectancy,40 years,Female,2015,42.6,
United States,Life expectancy,40 years,Female,2016,42.6,
United States,Life expectancy,40 years,Female,2017,42.6,
United States,Life expectancy,40 years,Female,2018,42.7,
United States,Life expectancy,40 years,Female,2019,42.9,
United States,Life expectancy,40 years,Female,2020,41.5,
United States,Life expectancy,40 years,Female,2021,41.1,
United States,Life expectancy,40 years,Female,2022,41.9,
United States,Life expectancy,40 years,Female,2023,42.7,
United States,Life expectancy,40 years,Female,2024,42.9,
Greece,Life expectancy,40 years,Female,2015,44.3,
Greece,Life expectancy,40 years,Female,2016,44.5,
Greece,Life expectancy,40 years,Female,2017,44.5,
Greece,Life expectancy,40 years,Female,2018,44.9,
Greece,Life expectancy,40 years,Female,2019,44.8,
Greece,Life expectancy,40 years,Female,2020,44.4,
Greece,Life expectancy,40 years,Female,2021,43.6,
Greece,Life expectancy,40 years,Female,2022,44.1,
Greece,Life expectancy,40 years,Female,2023,44.9,
Greece,Life expectancy,40 years,Female,2024,45.1,
New Zealand,Life expectancy,40 years,Female,2015,44.4,
New Zealand,Life expectancy,40 years,Female,2016,44.4,
New Zealand,Life expectancy,40 years,Female,2017,44.5,
New Zealand,Life expectancy,40 years,Female,2018,44.6,
New Zealand,Life expectancy,40 years,Female,2019,44.6,
New Zealand,Life expectancy,40 years,Female,2020,44.5,
New Zealand,Life expectancy,40 years,Female,2021,44.5,
New Zealand,Life expectancy,40 years,Female,2022,44.5,
New Zealand,Life expectancy,40 years,Female,2023,44.5,
New Zealand,Life expectancy,40 years,Female,2024,44.8,
Canada,Life expectancy,40 years,Female,2015,44.9,
Canada,Life expectancy,40 years,Female,2016,45.1,
Canada,Life expectancy,40 years,Female,2017,45.1,
Canada,Life expectancy,40 years,Female,2018,45.1,
Canada,Life expectancy,40 years,Female,2019,45.3,
Canada,Life expectancy,40 years,Female,2020,45,
Canada,Life expectancy,40 years,Female,2021,45.1,
Canada,Life expectancy,40 years,Female,2022,44.7,
Canada,Life expectancy,40 years,Female,2023,45.1,
Canada,Life expectancy,40 years,Female,2024,45.4,
Denmark,Life expectancy,40 years,Female,2015,43.4,
Denmark,Life expectancy,40 years,Female,2016,43.5,
Denmark,Life expectancy,40 years,Female,2017,43.8,
Denmark,Life expectancy,40 years,Female,2018,43.6,
Denmark,Life expectancy,40 years,Female,2019,44,
Denmark,Life expectancy,40 years,Female,2020,44.2,
Denmark,Life expectancy,40 years,Female,2021,44,
Denmark,Life expectancy,40 years,Female,2022,43.8,
Denmark,Life expectancy,40 years,Female,2023,44.3,
Denmark,Life expectancy,40 years,Female,2024,44.6,
Finland,Life expectancy,40 years,Female,2015,44.8,
Finland,Life expectancy,40 years,Female,2016,44.8,
Finland,Life expectancy,40 years,Female,2017,45,
Finland,Life expectancy,40 years,Female,2018,45,
Finland,Life expectancy,40 years,Female,2019,45.3,
Finland,Life expectancy,40 years,Female,2020,45.3,
Finland,Life expectancy,40 years,Female,2021,45.2,
Finland,Life expectancy,40 years,Female,2022,44.5,
Finland,Life expectancy,40 years,Female,2023,45,
Finland,Life expectancy,40 years,Female,2024,45.5,
Italy,Life expectancy,40 years,Female,2015,45.2,
Italy,Life expectancy,40 years,Female,2016,45.8,
Italy,Life expectancy,40 years,Female,2017,45.5,
Italy,Life expectancy,40 years,Female,2018,45.9,
Italy,Life expectancy,40 years,Female,2019,46,
Italy,Life expectancy,40 years,Female,2020,45.1,
Italy,Life expectancy,40 years,Female,2021,45.4,
Italy,Life expectancy,40 years,Female,2022,45.4,
Italy,Life expectancy,40 years,Female,2023,45.9,
Italy,Life expectancy,40 years,Female,2024,46.2,
Korea,Life expectancy,40 years,Female,2015,46,
Korea,Life expectancy,40 years,Female,2016,46.2,
Korea,Life expectancy,40 years,Female,2017,46.5,
Korea,Life expectancy,40 years,Female,2018,46.5,
Korea,Life expectancy,40 years,Female,2019,47.1,
Korea,Life expectancy,40 years,Female,2020,47.3,
Korea,Life expectancy,40 years,Female,2021,47.4,
Korea,Life expectancy,40 years,Female,2022,46.4,
Korea,Life expectancy,40 years,Female,2023,47.2,
Korea,Life expectancy,40 years,Female,2024,47.4,
Türkiye,Life expectancy,40 years,Female,2015,42.3,
Türkiye,Life expectancy,40 years,Female,2016,42.3,
Türkiye,Life expectancy,40 years,Female,2017,42.5,
Türkiye,Life expectancy,40 years,Female,2018,42.7,
Türkiye,Life expectancy,40 years,Female,2019,42.5,
Türkiye,Life expectancy,40 years,Female,2020,41.8,
Türkiye,Life expectancy,40 years,Female,2021,41.7,
Türkiye,Life expectancy,40 years,Female,2022,41.8,
Türkiye,Life expectancy,40 years,Female,2023,42.6,
United Kingdom,Life expectancy,40 years,Female,2015,43.5,
United Kingdom,Life expectancy,40 years,Female,2016,43.7,
United Kingdom,Life expectancy,40 years,Female,2017,43.8,
United Kingdom,Life expectancy,40 years,Female,2018,43.7,
United Kingdom,Life expectancy,40 years,Female,2019,44.1,
United Kingdom,Life expectancy,40 years,Female,2020,43.2,
United Kingdom,Life expectancy,40 years,Female,2021,43.4,
United Kingdom,Life expectancy,40 years,Female,2022,43.7,
United Kingdom,Life expectancy,40 years,Female,2023,43.8,
United Kingdom,Life expectancy,40 years,Female,2024,44.2,
Canada,Life expectancy,80 years,Female,2015,10.6,
Canada,Life expectancy,80 years,Female,2016,10.8,
Canada,Life expectancy,80 years,Female,2017,10.7,
Canada,Life expectancy,80 years,Female,2018,10.6,
Canada,Life expectancy,80 years,Female,2019,10.8,
Canada,Life expectancy,80 years,Female,2020,10.6,
Canada,Life expectancy,80 years,Female,2021,10.8,
Canada,Life expectancy,80 years,Female,2022,10.5,
Canada,Life expectancy,80 years,Female,2023,10.8,
Canada,Life expectancy,80 years,Female,2024,10.9,
Denmark,Life expectancy,80 years,Female,2016,9.6,
Denmark,Life expectancy,80 years,Female,2017,9.6,
Denmark,Life expectancy,80 years,Female,2019,9.7,
Denmark,Life expectancy,80 years,Female,2020,9.8,
Denmark,Life expectancy,80 years,Female,2021,9.6,
Denmark,Life expectancy,80 years,Female,2023,9.7,
Denmark,Life expectancy,80 years,Female,2024,10,
Finland,Life expectancy,80 years,Female,2015,9.7,
Finland,Life expectancy,80 years,Female,2016,9.8,
Finland,Life expectancy,80 years,Female,2017,10,
Finland,Life expectancy,80 years,Female,2018,9.9,
Finland,Life expectancy,80 years,Female,2019,10.2,
Finland,Life expectancy,80 years,Female,2020,10.1,
Finland,Life expectancy,80 years,Female,2021,10,
Finland,Life expectancy,80 years,Female,2022,9.6,
Finland,Life expectancy,80 years,Female,2023,9.9,
Finland,Life expectancy,80 years,Female,2024,10.3,
France,Life expectancy,80 years,Female,2015,10.9,
France,Life expectancy,80 years,Female,2016,11.1,
France,Life expectancy,80 years,Female,2017,11.1,
France,Life expectancy,80 years,Female,2018,11.2,
France,Life expectancy,80 years,Female,2019,11.3,
France,Life expectancy,80 years,Female,2020,10.9,
France,Life expectancy,80 years,Female,2021,11.1,
France,Life expectancy,80 years,Female,2022,11,
France,Life expectancy,80 years,Female,2023,11.4,
France,Life expectancy,80 years,Female,2024,11.5,
Germany,Life expectancy,80 years,Female,2015,9.3,
Germany,Life expectancy,80 years,Female,2019,9.7,
Germany,Life expectancy,80 years,Female,2020,9.6,
Germany,Life expectancy,80 years,Female,2021,9.6,
Germany,Life expectancy,80 years,Female,2022,9.3,
Germany,Life expectancy,80 years,Female,2023,9.6,
Germany,Life expectancy,80 years,Female,2024,9.8,
Italy,Life expectancy,80 years,Female,2015,9.8,
Italy,Life expectancy,80 years,Female,2016,10.3,
Italy,Life expectancy,80 years,Female,2017,10.1,
Italy,Life expectancy,80 years,Female,2018,10.3,
Italy,Life expectancy,80 years,Female,2019,10.4,
Italy,Life expectancy,80 years,Female,2020,9.7,
Italy,Life expectancy,80 years,Female,2021,10.1,
Italy,Life expectancy,80 years,Female,2022,9.9,
Italy,Life expectancy,80 years,Female,2023,10.3,
Italy,Life expectancy,80 years,Female,2024,10.6,
Japan,Life expectancy,80 years,Female,2015,11.7,
Japan,Life expectancy,80 years,Female,2016,11.8,
Japan,Life expectancy,80 years,Female,2017,11.8,
Japan,Life expectancy,80 years,Female,2018,11.9,
Japan,Life expectancy,80 years,Female,2019,12,
Japan,Life expectancy,80 years,Female,2020,12.3,
Japan,Life expectancy,80 years,Female,2021,12.1,
Japan,Life expectancy,80 years,Female,2022,11.7,
Japan,Life expectancy,80 years,Female,2023,11.8,
Japan,Life expectancy,80 years,Female,2024,11.8,
Korea,Life expectancy,80 years,Female,2015,10.1,
Korea,Life expectancy,80 years,Female,2016,10.2,
Korea,Life expectancy,80 years,Female,2017,10.2,
Korea,Life expectancy,80 years,Female,2018,10.3,
Korea,Life expectancy,80 years,Female,2019,10.7,
Korea,Life expectancy,80 years,Female,2020,10.8,
Korea,Life expectancy,80 years,Female,2021,11,
Korea,Life expectancy,80 years,Female,2022,10.1,
Korea,Life expectancy,80 years,Female,2023,10.7,
Korea,Life expectancy,80 years,Female,2024,10.9,
New Zealand,Life expectancy,80 years,Female,2015,9.9,
New Zealand,Life expectancy,80 years,Female,2016,9.9,
New Zealand,Life expectancy,80 years,Female,2017,9.9,
New Zealand,Life expectancy,80 years,Female,2018,9.9,
New Zealand,Life expectancy,80 years,Female,2019,9.9,
New Zealand,Life expectancy,80 years,Female,2020,9.9,
New Zealand,Life expectancy,80 years,Female,2021,9.9,
New Zealand,Life expectancy,80 years,Female,2022,9.9,
New Zealand,Life expectancy,80 years,Female,2023,9.9,
New Zealand,Life expectancy,80 years,Female,2024,10.1,
Türkiye,Life expectancy,80 years,Female,2015,8.7,
Türkiye,Life expectancy,80 years,Female,2016,8.6,
Türkiye,Life expectancy,80 years,Female,2017,8.7,
Türkiye,Life expectancy,80 years,Female,2018,8.8,
Türkiye,Life expectancy,80 years,Female,2019,8.7,
Türkiye,Life expectancy,80 years,Female,2020,8.4,
Türkiye,Life expectancy,80 years,Female,2021,8.2,
Türkiye,Life expectancy,80 years,Female,2022,8.3,
Türkiye,Life expectancy,80 years,Female,2023,8.6,
United Kingdom,Life expectancy,80 years,Female,2015,9.4,
United Kingdom,Life expectancy,80 years,Female,2016,9.7,
United Kingdom,Life expectancy,80 years,Female,2017,9.6,
United Kingdom,Life expectancy,80 years,Female,2018,9.6,
United Kingdom,Life expectancy,80 years,Female,2019,9.9,
United Kingdom,Life expectancy,80 years,Female,2020,9.3,
United Kingdom,Life expectancy,80 years,Female,2021,9.6,
United Kingdom,Life expectancy,80 years,Female,2022,9.7,
United Kingdom,Life expectancy,80 years,Female,2023,9.7,
United Kingdom,Life expectancy,80 years,Female,2024,10,
United States,Life expectancy,80 years,Female,2015,9.8,
United States,Life expectancy,80 years,Female,2016,9.7,
United States,Life expectancy,80 years,Female,2017,9.8,
United States,Life expectancy,80 years,Female,2018,9.8,
United States,Life expectancy,80 years,Female,2019,9.9,
United States,Life expectancy,80 years,Female,2020,9.2,
United States,Life expectancy,80 years,Female,2021,9.4,
United States,Life expectancy,80 years,Female,2023,9.9,
United States,Life expectancy,80 years,Female,2024,9.9,
Portugal,Life expectancy,80 years,Female,2015,9.7,
Portugal,Life expectancy,80 years,Female,2016,9.9,
Portugal,Life expectancy,80 years,Female,2017,10.1,
Portugal,Life expectancy,80 years,Female,2018,10,
Portugal,Life expectancy,80 years,Female,2019,10.2,
Portugal,Life expectancy,80 years,Female,2020,9.7,
Portugal,Life expectancy,80 years,Female,2021,9.8,
Portugal,Life expectancy,80 years,Female,2022,9.8,
Portugal,Life expectancy,80 years,Female,2023,10.2,
Portugal,Life expectancy,80 years,Female,2024,10.3,
Greece,Life expectancy,80 years,Female,2015,9,
Greece,Life expectancy,80 years,Female,2016,9.4,
Greece,Life expectancy,80 years,Female,2017,9.3,
Greece,Life expectancy,80 years,Female,2018,9.7,
Greece,Life expectancy,80 years,Female,2019,9.6,
Greece,Life expectancy,80 years,Female,2020,9.4,
Greece,Life expectancy,80 years,Female,2021,9.2,
Greece,Life expectancy,80 years,Female,2022,9.1,
Greece,Life expectancy,80 years,Female,2023,9.7,
Greece,Life expectancy,80 years,Female,2024,9.9,
Australia,Life expectancy,80 years,Female,2015,10.4,
Australia,Life expectancy,80 years,Female,2016,10.4,
Australia,Life expectancy,80 years,Female,2017,10.4,
Australia,Life expectancy,80 years,Female,2018,10.6,
Australia,Life expectancy,80 years,Female,2019,10.7,
Australia,Life expectancy,80 years,Female,2020,10.9,
Australia,Life expectancy,80 years,Female,2021,10.9,
Australia,Life expectancy,80 years,Female,2022,10.7,
Australia,Life expectancy,80 years,Female,2023,10.6,
Australia,Life expectancy,80 years,Female,2024,10.6,
Denmark,Life expectancy,80 years,Female,2015,9.5,
Denmark,Life expectancy,80 years,Female,2018,9.5,
Denmark,Life expectancy,80 years,Female,2022,9.5,
Germany,Life expectancy,80 years,Female,2016,9.5,
Germany,Life expectancy,80 years,Female,2017,9.5,
Germany,Life expectancy,80 years,Female,2018,9.5,
United States,Life expectancy,80 years,Female,2022,9.5,
Türkiye,Life expectancy,80 years,Male,2020,6.8,
Türkiye,Life expectancy,80 years,Male,2022,6.8,
Australia,Life expectancy,80 years,Male,2015,8.8,
Australia,Life expectancy,80 years,Male,2016,8.9,
Australia,Life expectancy,80 years,Male,2017,8.9,
Australia,Life expectancy,80 years,Male,2018,9.1,
Australia,Life expectancy,80 years,Male,2019,9.2,
Australia,Life expectancy,80 years,Male,2020,9.3,
Australia,Life expectancy,80 years,Male,2021,9.4,
Australia,Life expectancy,80 years,Male,2022,9.2,
Australia,Life expectancy,80 years,Male,2023,9.1,
Australia,Life expectancy,80 years,Male,2024,9.2,
Canada,Life expectancy,80 years,Male,2015,8.9,
Canada,Life expectancy,80 years,Male,2016,9.1,
Canada,Life expectancy,80 years,Male,2017,9,
Canada,Life expectancy,80 years,Male,2018,9,
Canada,Life expectancy,80 years,Male,2019,9.1,
Canada,Life expectancy,80 years,Male,2020,8.9,
Canada,Life expectancy,80 years,Male,2021,9.1,
Canada,Life expectancy,80 years,Male,2022,8.7,
Canada,Life expectancy,80 years,Male,2023,9.2,
Canada,Life expectancy,80 years,Male,2024,9.3,
Denmark,Life expectancy,80 years,Male,2015,7.9,
Denmark,Life expectancy,80 years,Male,2016,8,
Denmark,Life expectancy,80 years,Male,2017,8,
Denmark,Life expectancy,80 years,Male,2018,7.9,
Denmark,Life expectancy,80 years,Male,2019,8.2,
Denmark,Life expectancy,80 years,Male,2020,8.1,
Denmark,Life expectancy,80 years,Male,2021,8.1,
Denmark,Life expectancy,80 years,Male,2022,8,
Denmark,Life expectancy,80 years,Male,2023,8.2,
Denmark,Life expectancy,80 years,Male,2024,8.4,
Finland,Life expectancy,80 years,Male,2015,8.1,
Finland,Life expectancy,80 years,Male,2016,8,
Finland,Life expectancy,80 years,Male,2017,8.1,
Finland,Life expectancy,80 years,Male,2018,8.2,
Finland,Life expectancy,80 years,Male,2019,8.4,
Finland,Life expectancy,80 years,Male,2020,8.4,
Finland,Life expectancy,80 years,Male,2021,8.3,
Finland,Life expectancy,80 years,Male,2022,7.9,
Finland,Life expectancy,80 years,Male,2023,8.1,
Finland,Life expectancy,80 years,Male,2024,8.6,
France,Life expectancy,80 years,Male,2015,8.8,
France,Life expectancy,80 years,Male,2016,9,
France,Life expectancy,80 years,Male,2017,9,
France,Life expectancy,80 years,Male,2018,9.1,
France,Life expectancy,80 years,Male,2019,9.2,
France,Life expectancy,80 years,Male,2020,8.7,
France,Life expectancy,80 years,Male,2021,8.9,
France,Life expectancy,80 years,Male,2022,9,
France,Life expectancy,80 years,Male,2023,9.4,
France,Life expectancy,80 years,Male,2024,9.5,
Germany,Life expectancy,80 years,Male,2015,7.8,
Germany,Life expectancy,80 years,Male,2016,8,
Germany,Life expectancy,80 years,Male,2017,8,
Germany,Life expectancy,80 years,Male,2018,8,
Germany,Life expectancy,80 years,Male,2019,8.3,
Germany,Life expectancy,80 years,Male,2020,8.1,
Germany,Life expectancy,80 years,Male,2021,8,
Germany,Life expectancy,80 years,Male,2022,7.8,
Germany,Life expectancy,80 years,Male,2023,8,
Germany,Life expectancy,80 years,Male,2024,8.2,
Greece,Life expectancy,80 years,Male,2015,7.8,
Greece,Life expectancy,80 years,Male,2016,8.1,
Greece,Life expectancy,80 years,Male,2017,8,
Greece,Life expectancy,80 years,Male,2018,8.3,
Greece,Life expectancy,80 years,Male,2019,8.3,
Greece,Life expectancy,80 years,Male,2020,8.3,
Greece,Life expectancy,80 years,Male,2021,7.9,
Greece,Life expectancy,80 years,Male,2022,8,
Greece,Life expectancy,80 years,Male,2023,8.6,
Greece,Life expectancy,80 years,Male,2024,8.8,
Italy,Life expectancy,80 years,Male,2015,8.1,
Italy,Life expectancy,80 years,Male,2016,8.5,
Italy,Life expectancy,80 years,Male,2017,8.3,
Italy,Life expectancy,80 years,Male,2018,8.6,
Italy,Life expectancy,80 years,Male,2019,8.7,
Italy,Life expectancy,80 years,Male,2020,8,
Italy,Life expectancy,80 years,Male,2021,8.4,
Italy,Life expectancy,80 years,Male,2022,8.3,
Italy,Life expectancy,80 years,Male,2023,8.7,
Italy,Life expectancy,80 years,Male,2024,9,
Japan,Life expectancy,80 years,Male,2015,8.8,
Japan,Life expectancy,80 years,Male,2016,8.9,
Japan,Life expectancy,80 years,Male,2017,9,
Japan,Life expectancy,80 years,Male,2018,9.1,
Japan,Life expectancy,80 years,Male,2019,9.2,
Japan,Life expectancy,80 years,Male,2020,9.3,
Japan,Life expectancy,80 years,Male,2021,9.2,
Japan,Life expectancy,80 years,Male,2022,8.9,
Japan,Life expectancy,80 years,Male,2023,9,
Japan,Life expectancy,80 years,Male,2024,9,
Korea,Life expectancy,80 years,Male,2015,8,
Korea,Life expectancy,80 years,Male,2016,8.1,
Korea,Life expectancy,80 years,Male,2017,8.1,
Korea,Life expectancy,80 years,Male,2018,8.1,
Korea,Life expectancy,80 years,Male,2019,8.4,
Korea,Life expectancy,80 years,Male,2020,8.4,
Korea,Life expectancy,80 years,Male,2021,8.5,
Korea,Life expectancy,80 years,Male,2022,7.9,
Korea,Life expectancy,80 years,Male,2023,8.3,
Korea,Life expectancy,80 years,Male,2024,8.5,
New Zealand,Life expectancy,80 years,Male,2015,8.5,
New Zealand,Life expectancy,80 years,Male,2016,8.5,
New Zealand,Life expectancy,80 years,Male,2017,8.6,
New Zealand,Life expectancy,80 years,Male,2018,8.6,
New Zealand,Life expectancy,80 years,Male,2019,8.6,
New Zealand,Life expectancy,80 years,Male,2020,8.6,
New Zealand,Life expectancy,80 years,Male,2021,8.6,
New Zealand,Life expectancy,80 years,Male,2022,8.6,
New Zealand,Life expectancy,80 years,Male,2023,8.6,
New Zealand,Life expectancy,80 years,Male,2024,8.8,
Portugal,Life expectancy,80 years,Male,2015,8.1,
Portugal,Life expectancy,80 years,Male,2016,8.1,
Portugal,Life expectancy,80 years,Male,2017,8.2,
Portugal,Life expectancy,80 years,Male,2018,8.2,
Portugal,Life expectancy,80 years,Male,2019,8.5,
Portugal,Life expectancy,80 years,Male,2020,8.1,
Portugal,Life expectancy,80 years,Male,2021,8.2,
Portugal,Life expectancy,80 years,Male,2022,8.3,
Portugal,Life expectancy,80 years,Male,2023,8.7,
Portugal,Life expectancy,80 years,Male,2024,8.9,
Türkiye,Life expectancy,80 years,Male,2015,7.2,
Türkiye,Life expectancy,80 years,Male,2016,7.1,
Türkiye,Life expectancy,80 years,Male,2017,7.3,
Türkiye,Life expectancy,80 years,Male,2018,7.3,
Türkiye,Life expectancy,80 years,Male,2019,7.1,
Türkiye,Life expectancy,80 years,Male,2021,6.6,
Türkiye,Life expectancy,80 years,Male,2023,7.2,
United Kingdom,Life expectancy,80 years,Male,2015,8.2,
United Kingdom,Life expectancy,80 years,Male,2016,8.3,
United Kingdom,Life expectancy,80 years,Male,2017,8.3,
United Kingdom,Life expectancy,80 years,Male,2018,8.3,
United Kingdom,Life expectancy,80 years,Male,2019,8.5,
United Kingdom,Life expectancy,80 years,Male,2020,7.8,
United Kingdom,Life expectancy,80 years,Male,2021,8.2,
United Kingdom,Life expectancy,80 years,Male,2022,8.3,
United Kingdom,Life expectancy,80 years,Male,2023,8.4,
United Kingdom,Life expectancy,80 years,Male,2024,8.6,
United States,Life expectancy,80 years,Male,2015,8.4,
United States,Life expectancy,80 years,Male,2016,8.4,
United States,Life expectancy,80 years,Male,2017,8.4,
United States,Life expectancy,80 years,Male,2018,8.4,
United States,Life expectancy,80 years,Male,2019,8.5,
United States,Life expectancy,80 years,Male,2020,7.8,
United States,Life expectancy,80 years,Male,2021,7.9,
United States,Life expectancy,80 years,Male,2022,8.1,
United States,Life expectancy,80 years,Male,2023,8.5,
United States,Life expectancy,80 years,Male,2024,8.6,
Portugal,Life expectancy,40 years,Male,2015,39.4,
Portugal,Life expectancy,40 years,Male,2016,39.3,
Portugal,Life expectancy,40 years,Male,2017,39.7,
Portugal,Life expectancy,40 years,Male,2018,39.6,
Portugal,Life expectancy,40 years,Male,2019,40.1,
Portugal,Life expectancy,40 years,Male,2020,39.5,
Portugal,Life expectancy,40 years,Male,2021,39.5,
Portugal,Life expectancy,40 years,Male,2022,39.9,
Portugal,Life expectancy,40 years,Male,2023,40.5,
Portugal,Life expectancy,40 years,Male,2024,40.9,
United States,Life expectancy,40 years,Male,2015,38.7,
United States,Life expectancy,40 years,Male,2016,38.7,
United States,Life expectancy,40 years,Male,2017,38.7,
United States,Life expectancy,40 years,Male,2018,38.7,
United States,Life expectancy,40 years,Male,2019,38.8,
United States,Life expectancy,40 years,Male,2020,37,
United States,Life expectancy,40 years,Male,2021,36.6,
United States,Life expectancy,40 years,Male,2022,37.7,
United States,Life expectancy,40 years,Male,2023,38.6,
United States,Life expectancy,40 years,Male,2024,39,
Greece,Life expectancy,40 years,Male,2015,39.3,
Greece,Life expectancy,40 years,Male,2016,39.7,
Greece,Life expectancy,40 years,Male,2017,39.6,
Greece,Life expectancy,40 years,Male,2018,40,
Greece,Life expectancy,40 years,Male,2019,40,
Greece,Life expectancy,40 years,Male,2020,39.7,
Greece,Life expectancy,40 years,Male,2021,38.6,
Greece,Life expectancy,40 years,Male,2022,39.4,
Greece,Life expectancy,40 years,Male,2023,40.4,
Greece,Life expectancy,40 years,Male,2024,40.6,
New Zealand,Life expectancy,40 years,Male,2015,41.3,
New Zealand,Life expectancy,40 years,Male,2016,41.4,
New Zealand,Life expectancy,40 years,Male,2017,41.5,
New Zealand,Life expectancy,40 years,Male,2018,41.6,
New Zealand,Life expectancy,40 years,Male,2019,41.6,
New Zealand,Life expectancy,40 years,Male,2020,41.6,
New Zealand,Life expectancy,40 years,Male,2021,41.6,
New Zealand,Life expectancy,40 years,Male,2022,41.6,
New Zealand,Life expectancy,40 years,Male,2023,41.7,
New Zealand,Life expectancy,40 years,Male,2024,41.9,
Canada,Life expectancy,40 years,Male,2015,41.4,
Canada,Life expectancy,40 years,Male,2016,41.5,
Canada,Life expectancy,40 years,Male,2017,41.5,
Canada,Life expectancy,40 years,Male,2018,41.5,
Canada,Life expectancy,40 years,Male,2019,41.8,
Canada,Life expectancy,40 years,Male,2020,41.2,
Canada,Life expectancy,40 years,Male,2021,41.1,
Canada,Life expectancy,40 years,Male,2022,40.8,
Canada,Life expectancy,40 years,Male,2023,41.4,
Canada,Life expectancy,40 years,Male,2024,41.8,
Denmark,Life expectancy,40 years,Male,2015,39.8,
Denmark,Life expectancy,40 years,Male,2016,40,
Denmark,Life expectancy,40 years,Male,2017,40.2,
Denmark,Life expectancy,40 years,Male,2018,40.1,
Denmark,Life expectancy,40 years,Male,2019,40.4,
Denmark,Life expectancy,40 years,Male,2020,40.6,
Denmark,Life expectancy,40 years,Male,2021,40.5,
Denmark,Life expectancy,40 years,Male,2022,40.4,
Denmark,Life expectancy,40 years,Male,2023,40.7,
Denmark,Life expectancy,40 years,Male,2024,41.2,
Finland,Life expectancy,40 years,Male,2015,39.7,
Finland,Life expectancy,40 years,Male,2016,39.7,
Finland,Life expectancy,40 years,Male,2017,40.1,
Finland,Life expectancy,40 years,Male,2018,40.2,
Finland,Life expectancy,40 years,Male,2019,40.6,
Finland,Life expectancy,40 years,Male,2020,40.4,
Finland,Life expectancy,40 years,Male,2021,40.4,
Finland,Life expectancy,40 years,Male,2022,39.9,
Finland,Life expectancy,40 years,Male,2023,40.3,
Finland,Life expectancy,40 years,Male,2024,40.9,
Italy,Life expectancy,40 years,Male,2015,41.1,
Italy,Life expectancy,40 years,Male,2016,41.6,
Italy,Life expectancy,40 years,Male,2017,41.5,
Italy,Life expectancy,40 years,Male,2018,41.9,
Italy,Life expectancy,40 years,Male,2019,42.1,
Italy,Life expectancy,40 years,Male,2020,40.7,
Italy,Life expectancy,40 years,Male,2021,41.3,
Italy,Life expectancy,40 years,Male,2022,41.5,
Italy,Life expectancy,40 years,Male,2023,42.1,
Italy,Life expectancy,40 years,Male,2024,42.6,
Korea,Life expectancy,40 years,Male,2015,40.1,
Korea,Life expectancy,40 years,Male,2016,40.4,
Korea,Life expectancy,40 years,Male,2017,40.7,
Korea,Life expectancy,40 years,Male,2018,40.8,
Korea,Life expectancy,40 years,Male,2019,41.3,
Korea,Life expectancy,40 years,Male,2020,41.5,
Korea,Life expectancy,40 years,Male,2021,41.7,
Korea,Life expectancy,40 years,Male,2022,40.9,
Korea,Life expectancy,40 years,Male,2023,41.6,
Korea,Life expectancy,40 years,Male,2024,41.9,
Türkiye,Life expectancy,40 years,Male,2015,37.5,
Türkiye,Life expectancy,40 years,Male,2016,37.5,
Türkiye,Life expectancy,40 years,Male,2017,37.7,
Türkiye,Life expectancy,40 years,Male,2018,37.9,
Türkiye,Life expectancy,40 years,Male,2019,37.5,
Türkiye,Life expectancy,40 years,Male,2020,36.9,
Türkiye,Life expectancy,40 years,Male,2021,36.7,
Türkiye,Life expectancy,40 years,Male,2022,37.1,
Türkiye,Life expectancy,40 years,Male,2023,37.9,
United Kingdom,Life expectancy,40 years,Male,2015,40.3,
United Kingdom,Life expectancy,40 years,Male,2016,40.5,
United Kingdom,Life expectancy,40 years,Male,2017,40.5,
United Kingdom,Life expectancy,40 years,Male,2018,40.5,
United Kingdom,Life expectancy,40 years,Male,2019,40.8,
United Kingdom,Life expectancy,40 years,Male,2020,39.6,
United Kingdom,Life expectancy,40 years,Male,2021,39.9,
United Kingdom,Life expectancy,40 years,Male,2022,40.4,
United Kingdom,Life expectancy,40 years,Male,2023,40.4,
United Kingdom,Life expectancy,40 years,Male,2024,40.7,
Japan,Life expectancy,40 years,Male,2015,41.8,
Japan,Life expectancy,40 years,Male,2016,42,
Japan,Life expectancy,40 years,Male,2017,42.1,
Japan,Life expectancy,40 years,Male,2018,42.2,
Japan,Life expectancy,40 years,Male,2019,42.4,
Japan,Life expectancy,40 years,Male,2020,42.5,
Japan,Life expectancy,40 years,Male,2021,42.4,
Japan,Life expectancy,40 years,Male,2022,42,
Japan,Life expectancy,40 years,Male,2023,42.1,
Japan,Life expectancy,40 years,Male,2024,42,
Germany,Life expectancy,40 years,Male,2015,39.2,
Germany,Life expectancy,40 years,Male,2016,39.5,
Germany,Life expectancy,40 years,Male,2017,39.6,
Germany,Life expectancy,40 years,Male,2018,39.6,
Germany,Life expectancy,40 years,Male,2019,39.9,
Germany,Life expectancy,40 years,Male,2020,39.6,
Germany,Life expectancy,40 years,Male,2021,39.3,
Germany,Life expectancy,40 years,Male,2022,39.2,
Germany,Life expectancy,40 years,Male,2023,39.6,
Germany,Life expectancy,40 years,Male,2024,39.9,
France,Life expectancy,40 years,Male,2015,40.4,
France,Life expectancy,40 years,Male,2016,40.6,
France,Life expectancy,40 years,Male,2017,40.8,
France,Life expectancy,40 years,Male,2018,40.9,
France,Life expectancy,40 years,Male,2019,41.1,
France,Life expectancy,40 years,Male,2020,40.4,
France,Life expectancy,40 years,Male,2021,40.5,
France,Life expectancy,40 years,Male,2022,40.7,
France,Life expectancy,40 years,Male,2023,41.4,
France,Life expectancy,40 years,Male,2024,41.6,
Australia,Life expectancy,40 years,Male,2015,41.7,
Australia,Life expectancy,40 years,Male,2016,41.8,
Australia,Life expectancy,40 years,Male,2017,41.8,
Australia,Life expectancy,40 years,Male,2018,42.1,
Australia,Life expectancy,40 years,Male,2019,42.2,
Australia,Life expectancy,40 years,Male,2020,42.5,
Australia,Life expectancy,40 years,Male,2021,42.6,
Australia,Life expectancy,40 years,Male,2022,42.5,
Australia,Life expectancy,40 years,Male,2023,42.4,
Australia,Life expectancy,40 years,Male,2024,42.4,
Australia,Life expectancy,60 years,Male,2015,23.7,
Australia,Life expectancy,60 years,Male,2016,23.8,
Australia,Life expectancy,60 years,Male,2017,23.8,
Australia,Life expectancy,60 years,Male,2018,24,
Australia,Life expectancy,60 years,Male,2019,24.1,
Australia,Life expectancy,60 years,Male,2020,24.4,
Australia,Life expectancy,60 years,Male,2021,24.5,
Australia,Life expectancy,60 years,Male,2022,24.4,
Australia,Life expectancy,60 years,Male,2023,24.2,
Australia,Life expectancy,60 years,Male,2024,24.2,
France,Life expectancy,60 years,Male,2015,23,
France,Life expectancy,60 years,Male,2016,23.1,
France,Life expectancy,60 years,Male,2017,23.2,
France,Life expectancy,60 years,Male,2018,23.3,
France,Life expectancy,60 years,Male,2019,23.4,
France,Life expectancy,60 years,Male,2020,22.8,
France,Life expectancy,60 years,Male,2021,22.9,
France,Life expectancy,60 years,Male,2022,23,
France,Life expectancy,60 years,Male,2023,23.7,
France,Life expectancy,60 years,Male,2024,23.8,
Germany,Life expectancy,60 years,Male,2015,21.5,
Germany,Life expectancy,60 years,Male,2016,21.7,
Germany,Life expectancy,60 years,Male,2017,21.7,
Germany,Life expectancy,60 years,Male,2018,21.7,
Germany,Life expectancy,60 years,Male,2019,21.9,
Germany,Life expectancy,60 years,Male,2020,21.7,
Germany,Life expectancy,60 years,Male,2021,21.4,
Germany,Life expectancy,60 years,Male,2022,21.3,
Germany,Life expectancy,60 years,Male,2023,21.6,
Germany,Life expectancy,60 years,Male,2024,21.9,
Japan,Life expectancy,60 years,Male,2015,23.5,
Japan,Life expectancy,60 years,Male,2016,23.7,
Japan,Life expectancy,60 years,Male,2017,23.7,
Japan,Life expectancy,60 years,Male,2018,23.8,
Japan,Life expectancy,60 years,Male,2019,24,
Japan,Life expectancy,60 years,Male,2020,24.1,
Japan,Life expectancy,60 years,Male,2021,24,
Japan,Life expectancy,60 years,Male,2022,23.6,
Japan,Life expectancy,60 years,Male,2023,23.7,
Japan,Life expectancy,60 years,Male,2024,23.6,
Portugal,Life expectancy,60 years,Male,2015,22,
Portugal,Life expectancy,60 years,Male,2016,21.9,
Portugal,Life expectancy,60 years,Male,2017,22.3,
Portugal,Life expectancy,60 years,Male,2018,22.2,
Portugal,Life expectancy,60 years,Male,2019,22.5,
Portugal,Life expectancy,60 years,Male,2020,22,
Portugal,Life expectancy,60 years,Male,2021,22,
Portugal,Life expectancy,60 years,Male,2022,22.4,
Portugal,Life expectancy,60 years,Male,2023,22.9,
Portugal,Life expectancy,60 years,Male,2024,23.1,
United States,Life expectancy,60 years,Male,2015,21.7,
United States,Life expectancy,60 years,Male,2016,21.7,
United States,Life expectancy,60 years,Male,2017,21.7,
United States,Life expectancy,60 years,Male,2018,21.7,
United States,Life expectancy,60 years,Male,2019,21.9,
United States,Life expectancy,60 years,Male,2020,20.5,
United States,Life expectancy,60 years,Male,2021,20.5,
United States,Life expectancy,60 years,Male,2022,21.1,
United States,Life expectancy,60 years,Male,2023,21.9,
United States,Life expectancy,60 years,Male,2024,22.1,
Greece,Life expectancy,60 years,Male,2015,21.6,
Greece,Life expectancy,60 years,Male,2016,22,
Greece,Life expectancy,60 years,Male,2017,21.9,
Greece,Life expectancy,60 years,Male,2018,22.3,
Greece,Life expectancy,60 years,Male,2019,22.2,
Greece,Life expectancy,60 years,Male,2020,21.9,
Greece,Life expectancy,60 years,Male,2021,21.1,
Greece,Life expectancy,60 years,Male,2022,21.6,
Greece,Life expectancy,60 years,Male,2023,22.4,
Greece,Life expectancy,60 years,Male,2024,22.6,
New Zealand,Life expectancy,60 years,Male,2015,23.2,
New Zealand,Life expectancy,60 years,Male,2016,23.3,
New Zealand,Life expectancy,60 years,Male,2017,23.4,
New Zealand,Life expectancy,60 years,Male,2018,23.5,
New Zealand,Life expectancy,60 years,Male,2019,23.5,
New Zealand,Life expectancy,60 years,Male,2020,23.5,
New Zealand,Life expectancy,60 years,Male,2021,23.5,
New Zealand,Life expectancy,60 years,Male,2022,23.5,
New Zealand,Life expectancy,60 years,Male,2023,23.5,
New Zealand,Life expectancy,60 years,Male,2024,23.8,
Canada,Life expectancy,60 years,Male,2015,23.3,
Canada,Life expectancy,60 years,Male,2016,23.5,
Canada,Life expectancy,60 years,Male,2017,23.4,
Canada,Life expectancy,60 years,Male,2018,23.5,
Canada,Life expectancy,60 years,Male,2019,23.7,
Canada,Life expectancy,60 years,Male,2020,23.3,
Canada,Life expectancy,60 years,Male,2021,23.4,
Canada,Life expectancy,60 years,Male,2022,23,
Canada,Life expectancy,60 years,Male,2023,23.6,
Canada,Life expectancy,60 years,Male,2024,23.8,
Denmark,Life expectancy,60 years,Male,2015,21.8,
Denmark,Life expectancy,60 years,Male,2016,22,
Denmark,Life expectancy,60 years,Male,2017,22.1,
Denmark,Life expectancy,60 years,Male,2018,21.9,
Denmark,Life expectancy,60 years,Male,2019,22.2,
Denmark,Life expectancy,60 years,Male,2020,22.3,
Denmark,Life expectancy,60 years,Male,2021,22.2,
Denmark,Life expectancy,60 years,Male,2022,22.1,
Denmark,Life expectancy,60 years,Male,2023,22.3,
Denmark,Life expectancy,60 years,Male,2024,22.8,
Finland,Life expectancy,60 years,Male,2015,22,
Finland,Life expectancy,60 years,Male,2016,21.9,
Finland,Life expectancy,60 years,Male,2017,22.1,
Finland,Life expectancy,60 years,Male,2018,22.3,
Finland,Life expectancy,60 years,Male,2019,22.6,
Finland,Life expectancy,60 years,Male,2020,22.6,
Finland,Life expectancy,60 years,Male,2021,22.4,
Finland,Life expectancy,60 years,Male,2022,21.9,
Finland,Life expectancy,60 years,Male,2023,22.3,
Finland,Life expectancy,60 years,Male,2024,22.8,
Italy,Life expectancy,60 years,Male,2015,22.8,
Italy,Life expectancy,60 years,Male,2016,23.3,
Italy,Life expectancy,60 years,Male,2017,23.1,
Italy,Life expectancy,60 years,Male,2018,23.5,
Italy,Life expectancy,60 years,Male,2019,23.6,
Italy,Life expectancy,60 years,Male,2020,22.4,
Italy,Life expectancy,60 years,Male,2021,22.9,
Italy,Life expectancy,60 years,Male,2022,23.1,
Italy,Life expectancy,60 years,Male,2023,23.7,
Italy,Life expectancy,60 years,Male,2024,24.1,
Korea,Life expectancy,60 years,Male,2015,22.2,
Korea,Life expectancy,60 years,Male,2016,22.5,
Korea,Life expectancy,60 years,Male,2017,22.8,
Korea,Life expectancy,60 years,Male,2018,22.8,
Korea,Life expectancy,60 years,Male,2019,23.3,
Korea,Life expectancy,60 years,Male,2020,23.4,
Korea,Life expectancy,60 years,Male,2021,23.5,
Korea,Life expectancy,60 years,Male,2022,22.8,
Korea,Life expectancy,60 years,Male,2023,23.4,
Korea,Life expectancy,60 years,Male,2024,23.7,
Türkiye,Life expectancy,60 years,Male,2015,19.8,
Türkiye,Life expectancy,60 years,Male,2016,19.7,
Türkiye,Life expectancy,60 years,Male,2017,19.9,
Türkiye,Life expectancy,60 years,Male,2018,20.1,
Türkiye,Life expectancy,60 years,Male,2019,19.7,
Türkiye,Life expectancy,60 years,Male,2020,19.1,
Türkiye,Life expectancy,60 years,Male,2021,19,
Türkiye,Life expectancy,60 years,Male,2022,19.4,
Türkiye,Life expectancy,60 years,Male,2023,20.1,
United Kingdom,Life expectancy,60 years,Male,2015,22.4,
United Kingdom,Life expectancy,60 years,Male,2016,22.6,
United Kingdom,Life expectancy,60 years,Male,2017,22.6,
United Kingdom,Life expectancy,60 years,Male,2018,22.6,
United Kingdom,Life expectancy,60 years,Male,2019,22.9,
United Kingdom,Life expectancy,60 years,Male,2020,21.9,
United Kingdom,Life expectancy,60 years,Male,2021,22.2,
United Kingdom,Life expectancy,60 years,Male,2022,22.6,
United Kingdom,Life expectancy,60 years,Male,2023,22.7,
United Kingdom,Life expectancy,60 years,Male,2024,23,
Australia,Life expectancy,65 years,Male,2015,19.5,
Australia,Life expectancy,65 years,Male,2016,19.6,
Australia,Life expectancy,65 years,Male,2017,19.7,
Australia,Life expectancy,65 years,Male,2018,19.9,
Australia,Life expectancy,65 years,Male,2019,20,
Australia,Life expectancy,65 years,Male,2020,20.3,
Australia,Life expectancy,65 years,Male,2021,20.3,
Australia,Life expectancy,65 years,Male,2022,20.2,
Australia,Life expectancy,65 years,Male,2023,20.1,
Australia,Life expectancy,65 years,Male,2024,20.1,
France,Life expectancy,65 years,Male,2015,19.1,
France,Life expectancy,65 years,Male,2016,19.3,
France,Life expectancy,65 years,Male,2017,19.4,
France,Life expectancy,65 years,Male,2018,19.5,
France,Life expectancy,65 years,Male,2019,19.6,
France,Life expectancy,65 years,Male,2020,18.9,
France,Life expectancy,65 years,Male,2021,19,
France,Life expectancy,65 years,Male,2022,19.2,
France,Life expectancy,65 years,Male,2023,19.7,
France,Life expectancy,65 years,Male,2024,19.9,
Germany,Life expectancy,65 years,Male,2015,17.7,
Germany,Life expectancy,65 years,Male,2016,17.9,
Germany,Life expectancy,65 years,Male,2017,17.9,
Germany,Life expectancy,65 years,Male,2018,17.9,
Germany,Life expectancy,65 years,Male,2019,18.1,
Germany,Life expectancy,65 years,Male,2020,17.8,
Germany,Life expectancy,65 years,Male,2021,17.6,
Germany,Life expectancy,65 years,Male,2022,17.4,
Germany,Life expectancy,65 years,Male,2023,17.7,
Germany,Life expectancy,65 years,Male,2024,18,
Japan,Life expectancy,65 years,Male,2015,19.4,
Japan,Life expectancy,65 years,Male,2016,19.6,
Japan,Life expectancy,65 years,Male,2017,19.6,
Japan,Life expectancy,65 years,Male,2018,19.7,
Japan,Life expectancy,65 years,Male,2019,19.8,
Japan,Life expectancy,65 years,Male,2020,20,
Japan,Life expectancy,65 years,Male,2021,19.9,
Japan,Life expectancy,65 years,Male,2022,19.4,
Japan,Life expectancy,65 years,Male,2023,19.5,
Japan,Life expectancy,65 years,Male,2024,19.5,
Portugal,Life expectancy,65 years,Male,2015,18.1,
Portugal,Life expectancy,65 years,Male,2016,18.1,
Portugal,Life expectancy,65 years,Male,2017,18.4,
Portugal,Life expectancy,65 years,Male,2018,18.4,
Portugal,Life expectancy,65 years,Male,2019,18.7,
Portugal,Life expectancy,65 years,Male,2020,18.2,
Portugal,Life expectancy,65 years,Male,2021,18.2,
Portugal,Life expectancy,65 years,Male,2022,18.6,
Portugal,Life expectancy,65 years,Male,2023,19,
Portugal,Life expectancy,65 years,Male,2024,19.3,
United States,Life expectancy,65 years,Male,2015,18,
United States,Life expectancy,65 years,Male,2016,18.1,
United States,Life expectancy,65 years,Male,2017,18,
United States,Life expectancy,65 years,Male,2018,18.1,
United States,Life expectancy,65 years,Male,2019,18.2,
United States,Life expectancy,65 years,Male,2020,17,
United States,Life expectancy,65 years,Male,2021,17,
United States,Life expectancy,65 years,Male,2022,17.5,
United States,Life expectancy,65 years,Male,2023,18.2,
United States,Life expectancy,65 years,Male,2024,18.4,
Greece,Life expectancy,65 years,Male,2015,17.8,
Greece,Life expectancy,65 years,Male,2016,18.1,
Greece,Life expectancy,65 years,Male,2017,18,
Greece,Life expectancy,65 years,Male,2018,18.4,
Greece,Life expectancy,65 years,Male,2019,18.4,
Greece,Life expectancy,65 years,Male,2020,18.1,
Greece,Life expectancy,65 years,Male,2021,17.4,
Greece,Life expectancy,65 years,Male,2022,17.8,
Greece,Life expectancy,65 years,Male,2023,18.5,
Greece,Life expectancy,65 years,Male,2024,18.7,
New Zealand,Life expectancy,65 years,Male,2015,19.1,
New Zealand,Life expectancy,65 years,Male,2016,19.2,
New Zealand,Life expectancy,65 years,Male,2017,19.2,
New Zealand,Life expectancy,65 years,Male,2018,19.3,
New Zealand,Life expectancy,65 years,Male,2019,19.4,
New Zealand,Life expectancy,65 years,Male,2020,19.4,
New Zealand,Life expectancy,65 years,Male,2021,19.4,
New Zealand,Life expectancy,65 years,Male,2022,19.4,
New Zealand,Life expectancy,65 years,Male,2023,19.4,
New Zealand,Life expectancy,65 years,Male,2024,19.7,
Canada,Life expectancy,65 years,Male,2015,19.2,
Canada,Life expectancy,65 years,Male,2016,19.4,
Canada,Life expectancy,65 years,Male,2017,19.3,
Canada,Life expectancy,65 years,Male,2018,19.4,
Canada,Life expectancy,65 years,Male,2019,19.5,
Canada,Life expectancy,65 years,Male,2020,19.3,
Canada,Life expectancy,65 years,Male,2021,19.4,
Canada,Life expectancy,65 years,Male,2022,19,
Canada,Life expectancy,65 years,Male,2023,19.6,
Canada,Life expectancy,65 years,Male,2024,19.8,
Denmark,Life expectancy,65 years,Male,2015,17.9,
Denmark,Life expectancy,65 years,Male,2016,18.1,
Denmark,Life expectancy,65 years,Male,2017,18.1,
Denmark,Life expectancy,65 years,Male,2018,18,
Denmark,Life expectancy,65 years,Male,2019,18.3,
Denmark,Life expectancy,65 years,Male,2020,18.3,
Denmark,Life expectancy,65 years,Male,2021,18.2,
Denmark,Life expectancy,65 years,Male,2022,18.1,
Denmark,Life expectancy,65 years,Male,2023,18.3,
Denmark,Life expectancy,65 years,Male,2024,18.7,
Finland,Life expectancy,65 years,Male,2015,18.1,
Finland,Life expectancy,65 years,Male,2016,18,
Finland,Life expectancy,65 years,Male,2017,18.2,
Finland,Life expectancy,65 years,Male,2018,18.4,
Finland,Life expectancy,65 years,Male,2019,18.6,
Finland,Life expectancy,65 years,Male,2020,18.6,
Finland,Life expectancy,65 years,Male,2021,18.4,
Finland,Life expectancy,65 years,Male,2022,17.9,
Finland,Life expectancy,65 years,Male,2023,18.3,
Finland,Life expectancy,65 years,Male,2024,18.7,
Italy,Life expectancy,65 years,Male,2015,18.7,
Italy,Life expectancy,65 years,Male,2016,19.1,
Italy,Life expectancy,65 years,Male,2017,19,
Italy,Life expectancy,65 years,Male,2018,19.3,
Italy,Life expectancy,65 years,Male,2019,19.5,
Italy,Life expectancy,65 years,Male,2020,18.3,
Italy,Life expectancy,65 years,Male,2021,18.8,
Italy,Life expectancy,65 years,Male,2022,18.9,
Italy,Life expectancy,65 years,Male,2023,19.5,
Italy,Life expectancy,65 years,Male,2024,19.9,
Korea,Life expectancy,65 years,Male,2015,18.2,
Korea,Life expectancy,65 years,Male,2016,18.4,
Korea,Life expectancy,65 years,Male,2017,18.6,
Korea,Life expectancy,65 years,Male,2018,18.7,
Korea,Life expectancy,65 years,Male,2019,19.1,
Korea,Life expectancy,65 years,Male,2020,19.2,
Korea,Life expectancy,65 years,Male,2021,19.3,
Korea,Life expectancy,65 years,Male,2022,18.6,
Korea,Life expectancy,65 years,Male,2023,19.2,
Korea,Life expectancy,65 years,Male,2024,19.5,
Türkiye,Life expectancy,65 years,Male,2015,16.1,
Türkiye,Life expectancy,65 years,Male,2016,16,
Türkiye,Life expectancy,65 years,Male,2017,16.2,
Türkiye,Life expectancy,65 years,Male,2018,16.3,
Türkiye,Life expectancy,65 years,Male,2019,15.9,
Türkiye,Life expectancy,65 years,Male,2020,15.4,
Türkiye,Life expectancy,65 years,Male,2021,15.3,
Türkiye,Life expectancy,65 years,Male,2022,15.7,
Türkiye,Life expectancy,65 years,Male,2023,16.3,
United Kingdom,Life expectancy,65 years,Male,2015,18.4,
United Kingdom,Life expectancy,65 years,Male,2016,18.5,
United Kingdom,Life expectancy,65 years,Male,2017,18.6,
United Kingdom,Life expectancy,65 years,Male,2018,18.6,
United Kingdom,Life expectancy,65 years,Male,2019,18.9,
United Kingdom,Life expectancy,65 years,Male,2020,17.9,
United Kingdom,Life expectancy,65 years,Male,2021,18.3,
United Kingdom,Life expectancy,65 years,Male,2022,18.6,
United Kingdom,Life expectancy,65 years,Male,2023,18.7,
United Kingdom,Life expectancy,65 years,Male,2024,18.9,
United Kingdom,Life expectancy,0 years,Total,2015,80.8,
United Kingdom,Life expectancy,0 years,Total,2016,81,
United Kingdom,Life expectancy,0 years,Total,2017,81.1,
United Kingdom,Life expectancy,0 years,Total,2018,81,
United Kingdom,Life expectancy,0 years,Total,2019,81.3,
United Kingdom,Life expectancy,0 years,Total,2020,80.3,
United Kingdom,Life expectancy,0 years,Total,2021,80.5,
United Kingdom,Life expectancy,0 years,Total,2022,80.9,
United Kingdom,Life expectancy,0 years,Total,2023,81,
United Kingdom,Life expectancy,0 years,Total,2024,81.3,
New Zealand,Life expectancy,0 years,Total,2015,81.5,
New Zealand,Life expectancy,0 years,Total,2016,81.6,
New Zealand,Life expectancy,0 years,Total,2017,81.7,
New Zealand,Life expectancy,0 years,Total,2018,81.7,
New Zealand,Life expectancy,0 years,Total,2019,81.7,
New Zealand,Life expectancy,0 years,Total,2020,81.7,
New Zealand,Life expectancy,0 years,Total,2021,81.8,
New Zealand,Life expectancy,0 years,Total,2022,81.8,
New Zealand,Life expectancy,0 years,Total,2023,81.8,
New Zealand,Life expectancy,0 years,Total,2024,82.1,
Japan,Life expectancy,0 years,Total,2015,83.9,
Japan,Life expectancy,0 years,Total,2016,84.1,
Japan,Life expectancy,0 years,Total,2017,84.2,
Japan,Life expectancy,0 years,Total,2018,84.3,
Japan,Life expectancy,0 years,Total,2019,84.4,
Japan,Life expectancy,0 years,Total,2020,84.6,
Japan,Life expectancy,0 years,Total,2021,84.5,
Japan,Life expectancy,0 years,Total,2022,84.1,
Japan,Life expectancy,0 years,Total,2023,84.1,
Japan,Life expectancy,0 years,Total,2024,84.1,
Denmark,Perceived health status,From 45 to 64 years,Male,2015,66.8,Good/very good health
Denmark,Perceived health status,From 45 to 64 years,Male,2016,67.6,Good/very good health
Denmark,Perceived health status,From 45 to 64 years,Male,2017,68.6,Good/very good health
Denmark,Perceived health status,From 45 to 64 years,Male,2018,68.7,Good/very good health
Denmark,Perceived health status,From 45 to 64 years,Male,2019,65.2,Good/very good health
Denmark,Perceived health status,From 45 to 64 years,Male,2020,65.6,Good/very good health
Denmark,Perceived health status,From 45 to 64 years,Male,2021,67.2,Good/very good health
Denmark,Perceived health status,From 45 to 64 years,Male,2022,64,Good/very good health
Denmark,Perceived health status,From 45 to 64 years,Male,2023,65.8,Good/very good health
Denmark,Perceived health status,From 45 to 64 years,Male,2024,66.5,Good/very good health
Denmark,Perceived health status,From 45 to 64 years,Male,2025,66.1,Good/very good health
Finland,Perceived health status,From 45 to 64 years,Male,2015,66.4,Good/very good health
Finland,Perceived health status,From 45 to 64 years,Male,2016,69.1,Good/very good health
Finland,Perceived health status,From 45 to 64 years,Male,2017,70.2,Good/very good health
Finland,Perceived health status,From 45 to 64 years,Male,2018,68.2,Good/very good health
Finland,Perceived health status,From 45 to 64 years,Male,2019,67.6,Good/very good health
Finland,Perceived health status,From 45 to 64 years,Male,2020,68.7,Good/very good health
Finland,Perceived health status,From 45 to 64 years,Male,2021,68.5,Good/very good health
Finland,Perceived health status,From 45 to 64 years,Male,2022,62.7,Good/very good health
Finland,Perceived health status,From 45 to 64 years,Male,2023,67.5,Good/very good health
Finland,Perceived health status,From 45 to 64 years,Male,2024,63.4,Good/very good health
Finland,Perceived health status,From 45 to 64 years,Male,2025,65.6,Good/very good health
France,Perceived health status,From 45 to 64 years,Male,2015,65.9,Good/very good health
France,Perceived health status,From 45 to 64 years,Male,2016,64.8,Good/very good health
France,Perceived health status,From 45 to 64 years,Male,2017,64.7,Good/very good health
France,Perceived health status,From 45 to 64 years,Male,2018,66,Good/very good health
France,Perceived health status,From 45 to 64 years,Male,2019,64.4,Good/very good health
France,Perceived health status,From 45 to 64 years,Male,2020,67.2,Good/very good health
France,Perceived health status,From 45 to 64 years,Male,2021,66.1,Good/very good health
France,Perceived health status,From 45 to 64 years,Male,2022,64.8,Good/very good health
France,Perceived health status,From 45 to 64 years,Male,2023,62.8,Good/very good health
France,Perceived health status,From 45 to 64 years,Male,2024,64,Good/very good health
France,Perceived health status,From 45 to 64 years,Male,2025,62.9,Good/very good health
Germany,Perceived health status,From 45 to 64 years,Male,2015,59.3,Good/very good health
Germany,Perceived health status,From 45 to 64 years,Male,2016,60.1,Good/very good health
Germany,Perceived health status,From 45 to 64 years,Male,2017,59.4,Good/very good health
Germany,Perceived health status,From 45 to 64 years,Male,2018,60.5,Good/very good health
Germany,Perceived health status,From 45 to 64 years,Male,2019,59.8,Good/very good health
Germany,Perceived health status,From 45 to 64 years,Male,2020,61.6,Good/very good health
Germany,Perceived health status,From 45 to 64 years,Male,2021,61.8,Good/very good health
Germany,Perceived health status,From 45 to 64 years,Male,2022,61.3,Good/very good health
Germany,Perceived health status,From 45 to 64 years,Male,2023,64.2,Good/very good health
Germany,Perceived health status,From 45 to 64 years,Male,2024,62.2,Good/very good health
Germany,Perceived health status,From 45 to 64 years,Male,2025,64.4,Good/very good health
Greece,Perceived health status,From 45 to 64 years,Male,2015,77.6,Good/very good health
Greece,Perceived health status,From 45 to 64 years,Male,2016,78.3,Good/very good health
Greece,Perceived health status,From 45 to 64 years,Male,2017,79.5,Good/very good health
Greece,Perceived health status,From 45 to 64 years,Male,2018,81.6,Good/very good health
Greece,Perceived health status,From 45 to 64 years,Male,2019,84.7,Good/very good health
Greece,Perceived health status,From 45 to 64 years,Male,2020,83.3,Good/very good health
Greece,Perceived health status,From 45 to 64 years,Male,2021,84.1,Good/very good health
Greece,Perceived health status,From 45 to 64 years,Male,2022,85.3,Good/very good health
Greece,Perceived health status,From 45 to 64 years,Male,2023,86.3,Good/very good health
Greece,Perceived health status,From 45 to 64 years,Male,2024,86.8,Good/very good health
Greece,Perceived health status,From 45 to 64 years,Male,2025,90.1,Good/very good health
Italy,Perceived health status,From 45 to 64 years,Male,2015,67.4,Good/very good health
Italy,Perceived health status,From 45 to 64 years,Male,2016,74.3,Good/very good health
Italy,Perceived health status,From 45 to 64 years,Male,2017,84,Good/very good health
Italy,Perceived health status,From 45 to 64 years,Male,2018,78.7,Good/very good health
Italy,Perceived health status,From 45 to 64 years,Male,2019,79.2,Good/very good health
Italy,Perceived health status,From 45 to 64 years,Male,2021,78,Good/very good health
Italy,Perceived health status,From 45 to 64 years,Male,2022,77.4,Good/very good health
Italy,Perceived health status,From 45 to 64 years,Male,2023,80.4,Good/very good health
Italy,Perceived health status,From 45 to 64 years,Male,2024,83.7,Good/very good health
Italy,Perceived health status,From 45 to 64 years,Male,2025,79.9,Good/very good health
Japan,Perceived health status,From 45 to 64 years,Male,2016,35,Good/very good health
Japan,Perceived health status,From 45 to 64 years,Male,2019,37.4,Good/very good health
Japan,Perceived health status,From 45 to 64 years,Male,2022,37.8,Good/very good health
Korea,Perceived health status,From 45 to 64 years,Male,2016,42.9,Good/very good health
Korea,Perceived health status,From 45 to 64 years,Male,2018,44.1,Good/very good health
Korea,Perceived health status,From 45 to 64 years,Male,2020,47.3,Good/very good health
Korea,Perceived health status,From 45 to 64 years,Male,2022,49.5,Good/very good health
Korea,Perceived health status,From 45 to 64 years,Male,2024,51.2,Good/very good health
Türkiye,Perceived health status,From 45 to 64 years,Male,2015,57.9,Good/very good health
Türkiye,Perceived health status,From 45 to 64 years,Male,2016,61.8,Good/very good health
Türkiye,Perceived health status,From 45 to 64 years,Male,2017,60.3,Good/very good health
Türkiye,Perceived health status,From 45 to 64 years,Male,2018,59.5,Good/very good health
Türkiye,Perceived health status,From 45 to 64 years,Male,2019,58.8,Good/very good health
Türkiye,Perceived health status,From 45 to 64 years,Male,2020,62.1,Good/very good health
Türkiye,Perceived health status,From 45 to 64 years,Male,2021,60.7,Good/very good health
Türkiye,Perceived health status,From 45 to 64 years,Male,2022,59.6,Good/very good health
Türkiye,Perceived health status,From 45 to 64 years,Male,2023,56.4,Good/very good health
Türkiye,Perceived health status,From 45 to 64 years,Male,2024,55.6,Good/very good health
Türkiye,Perceived health status,From 45 to 64 years,Male,2025,55.1,Good/very good health
United Kingdom,Perceived health status,From 45 to 64 years,Male,2015,66.3,Good/very good health
United Kingdom,Perceived health status,From 45 to 64 years,Male,2016,65.3,Good/very good health
United Kingdom,Perceived health status,From 45 to 64 years,Male,2017,73.8,Good/very good health
United Kingdom,Perceived health status,From 45 to 64 years,Male,2018,69.8,Good/very good health
United Kingdom,Perceived health status,From 45 to 64 years,Male,2021,73.2,Good/very good health
United Kingdom,Perceived health status,From 45 to 64 years,Male,2022,72,Good/very good health
United Kingdom,Perceived health status,From 45 to 64 years,Male,2023,71.2,Good/very good health
United Kingdom,Perceived health status,From 45 to 64 years,Male,2024,68.7,Good/very good health
Denmark,Perceived health status,From 45 to 64 years,Female,2015,62.7,Good/very good health
Denmark,Perceived health status,From 45 to 64 years,Female,2016,66.9,Good/very good health
Denmark,Perceived health status,From 45 to 64 years,Female,2017,63.9,Good/very good health
Denmark,Perceived health status,From 45 to 64 years,Female,2018,64.4,Good/very good health
Denmark,Perceived health status,From 45 to 64 years,Female,2019,61.1,Good/very good health
Denmark,Perceived health status,From 45 to 64 years,Female,2020,67.1,Good/very good health
Denmark,Perceived health status,From 45 to 64 years,Female,2021,64.8,Good/very good health
Denmark,Perceived health status,From 45 to 64 years,Female,2022,60.4,Good/very good health
Denmark,Perceived health status,From 45 to 64 years,Female,2023,57.5,Good/very good health
Denmark,Perceived health status,From 45 to 64 years,Female,2024,64.5,Good/very good health
Denmark,Perceived health status,From 45 to 64 years,Female,2025,65.6,Good/very good health
Finland,Perceived health status,From 45 to 64 years,Female,2015,69.2,Good/very good health
Finland,Perceived health status,From 45 to 64 years,Female,2016,69.9,Good/very good health
Finland,Perceived health status,From 45 to 64 years,Female,2017,69.5,Good/very good health
Finland,Perceived health status,From 45 to 64 years,Female,2018,66.4,Good/very good health
Finland,Perceived health status,From 45 to 64 years,Female,2019,67.9,Good/very good health
Finland,Perceived health status,From 45 to 64 years,Female,2020,68.7,Good/very good health
Finland,Perceived health status,From 45 to 64 years,Female,2021,68.5,Good/very good health
Finland,Perceived health status,From 45 to 64 years,Female,2022,63.6,Good/very good health
Finland,Perceived health status,From 45 to 64 years,Female,2023,66.6,Good/very good health
Finland,Perceived health status,From 45 to 64 years,Female,2024,70.6,Good/very good health
Finland,Perceived health status,From 45 to 64 years,Female,2025,70.7,Good/very good health
France,Perceived health status,From 45 to 64 years,Female,2015,61.4,Good/very good health
France,Perceived health status,From 45 to 64 years,Female,2016,62,Good/very good health
France,Perceived health status,From 45 to 64 years,Female,2017,63.4,Good/very good health
France,Perceived health status,From 45 to 64 years,Female,2018,62.2,Good/very good health
France,Perceived health status,From 45 to 64 years,Female,2019,61.4,Good/very good health
France,Perceived health status,From 45 to 64 years,Female,2020,64.6,Good/very good health
France,Perceived health status,From 45 to 64 years,Female,2021,62.7,Good/very good health
France,Perceived health status,From 45 to 64 years,Female,2022,59.1,Good/very good health
France,Perceived health status,From 45 to 64 years,Female,2023,59.2,Good/very good health
France,Perceived health status,From 45 to 64 years,Female,2024,60.1,Good/very good health
France,Perceived health status,From 45 to 64 years,Female,2025,58.5,Good/very good health
Germany,Perceived health status,From 45 to 64 years,Female,2015,58.4,Good/very good health
Germany,Perceived health status,From 45 to 64 years,Female,2016,58.4,Good/very good health
Germany,Perceived health status,From 45 to 64 years,Female,2017,57.9,Good/very good health
Germany,Perceived health status,From 45 to 64 years,Female,2018,59.8,Good/very good health
Germany,Perceived health status,From 45 to 64 years,Female,2019,59.7,Good/very good health
Germany,Perceived health status,From 45 to 64 years,Female,2020,60.8,Good/very good health
Germany,Perceived health status,From 45 to 64 years,Female,2021,60.2,Good/very good health
Germany,Perceived health status,From 45 to 64 years,Female,2022,60.5,Good/very good health
Germany,Perceived health status,From 45 to 64 years,Female,2023,61.7,Good/very good health
Germany,Perceived health status,From 45 to 64 years,Female,2024,60.2,Good/very good health
Germany,Perceived health status,From 45 to 64 years,Female,2025,62.4,Good/very good health
Greece,Perceived health status,From 45 to 64 years,Female,2015,75.7,Good/very good health
Greece,Perceived health status,From 45 to 64 years,Female,2016,75.3,Good/very good health
Greece,Perceived health status,From 45 to 64 years,Female,2017,76.3,Good/very good health
Greece,Perceived health status,From 45 to 64 years,Female,2018,79.7,Good/very good health
Greece,Perceived health status,From 45 to 64 years,Female,2019,83.9,Good/very good health
Greece,Perceived health status,From 45 to 64 years,Female,2020,83.9,Good/very good health
Greece,Perceived health status,From 45 to 64 years,Female,2021,84.1,Good/very good health
Greece,Perceived health status,From 45 to 64 years,Female,2022,84.4,Good/very good health
Greece,Perceived health status,From 45 to 64 years,Female,2023,84.3,Good/very good health
Greece,Perceived health status,From 45 to 64 years,Female,2024,84.1,Good/very good health
Greece,Perceived health status,From 45 to 64 years,Female,2025,87.1,Good/very good health
Italy,Perceived health status,From 45 to 64 years,Female,2015,65.1,Good/very good health
Italy,Perceived health status,From 45 to 64 years,Female,2016,71.3,Good/very good health
Italy,Perceived health status,From 45 to 64 years,Female,2017,80.5,Good/very good health
Italy,Perceived health status,From 45 to 64 years,Female,2018,76.8,Good/very good health
Italy,Perceived health status,From 45 to 64 years,Female,2019,76.1,Good/very good health
Italy,Perceived health status,From 45 to 64 years,Female,2021,76.1,Good/very good health
Italy,Perceived health status,From 45 to 64 years,Female,2022,76.4,Good/very good health
Italy,Perceived health status,From 45 to 64 years,Female,2023,79.5,Good/very good health
Italy,Perceived health status,From 45 to 64 years,Female,2024,82.1,Good/very good health
Italy,Perceived health status,From 45 to 64 years,Female,2025,79,Good/very good health
Japan,Perceived health status,From 45 to 64 years,Female,2016,32.9,Good/very good health
Japan,Perceived health status,From 45 to 64 years,Female,2019,35.3,Good/very good health
Japan,Perceived health status,From 45 to 64 years,Female,2022,36.8,Good/very good health
Korea,Perceived health status,From 45 to 64 years,Female,2016,36.9,Good/very good health
Korea,Perceived health status,From 45 to 64 years,Female,2018,39.8,Good/very good health
Korea,Perceived health status,From 45 to 64 years,Female,2020,40.3,Good/very good health
Korea,Perceived health status,From 45 to 64 years,Female,2022,45.1,Good/very good health
Korea,Perceived health status,From 45 to 64 years,Female,2024,46,Good/very good health
Türkiye,Perceived health status,From 45 to 64 years,Female,2015,40.8,Good/very good health
Türkiye,Perceived health status,From 45 to 64 years,Female,2016,46.1,Good/very good health
Türkiye,Perceived health status,From 45 to 64 years,Female,2017,44.1,Good/very good health
Türkiye,Perceived health status,From 45 to 64 years,Female,2018,44.3,Good/very good health
Türkiye,Perceived health status,From 45 to 64 years,Female,2019,42.7,Good/very good health
Türkiye,Perceived health status,From 45 to 64 years,Female,2020,47.9,Good/very good health
Türkiye,Perceived health status,From 45 to 64 years,Female,2021,46.1,Good/very good health
Türkiye,Perceived health status,From 45 to 64 years,Female,2022,45.5,Good/very good health
Türkiye,Perceived health status,From 45 to 64 years,Female,2023,43.2,Good/very good health
Türkiye,Perceived health status,From 45 to 64 years,Female,2024,42.4,Good/very good health
Türkiye,Perceived health status,From 45 to 64 years,Female,2025,41.9,Good/very good health
United Kingdom,Perceived health status,From 45 to 64 years,Female,2015,67,Good/very good health
United Kingdom,Perceived health status,From 45 to 64 years,Female,2016,65.2,Good/very good health
United Kingdom,Perceived health status,From 45 to 64 years,Female,2017,69.8,Good/very good health
United Kingdom,Perceived health status,From 45 to 64 years,Female,2018,70.1,Good/very good health
United Kingdom,Perceived health status,From 45 to 64 years,Female,2021,70.8,Good/very good health
United Kingdom,Perceived health status,From 45 to 64 years,Female,2022,69.2,Good/very good health
United Kingdom,Perceived health status,From 45 to 64 years,Female,2023,68.1,Good/very good health
United Kingdom,Perceived health status,From 45 to 64 years,Female,2024,70.4,Good/very good health
Denmark,Perceived health status,From 45 to 64 years,Total,2015,64.7,Good/very good health
Denmark,Perceived health status,From 45 to 64 years,Total,2016,67.2,Good/very good health
Denmark,Perceived health status,From 45 to 64 years,Total,2017,66.3,Good/very good health
Denmark,Perceived health status,From 45 to 64 years,Total,2018,66.6,Good/very good health
Denmark,Perceived health status,From 45 to 64 years,Total,2019,63.1,Good/very good health
Denmark,Perceived health status,From 45 to 64 years,Total,2020,66.3,Good/very good health
Denmark,Perceived health status,From 45 to 64 years,Total,2021,66,Good/very good health
Denmark,Perceived health status,From 45 to 64 years,Total,2022,62.2,Good/very good health
Denmark,Perceived health status,From 45 to 64 years,Total,2023,61.7,Good/very good health
Denmark,Perceived health status,From 45 to 64 years,Total,2024,65.5,Good/very good health
Denmark,Perceived health status,From 45 to 64 years,Total,2025,65.9,Good/very good health
Finland,Perceived health status,From 45 to 64 years,Total,2015,67.7,Good/very good health
Finland,Perceived health status,From 45 to 64 years,Total,2016,69.5,Good/very good health
Finland,Perceived health status,From 45 to 64 years,Total,2017,69.9,Good/very good health
Finland,Perceived health status,From 45 to 64 years,Total,2018,67.3,Good/very good health
Finland,Perceived health status,From 45 to 64 years,Total,2019,67.7,Good/very good health
Finland,Perceived health status,From 45 to 64 years,Total,2020,68.7,Good/very good health
Finland,Perceived health status,From 45 to 64 years,Total,2021,68.5,Good/very good health
Finland,Perceived health status,From 45 to 64 years,Total,2022,63.1,Good/very good health
Finland,Perceived health status,From 45 to 64 years,Total,2023,67.1,Good/very good health
Finland,Perceived health status,From 45 to 64 years,Total,2024,66.8,Good/very good health
Finland,Perceived health status,From 45 to 64 years,Total,2025,68,Good/very good health
France,Perceived health status,From 45 to 64 years,Total,2015,63.6,Good/very good health
France,Perceived health status,From 45 to 64 years,Total,2016,63.4,Good/very good health
France,Perceived health status,From 45 to 64 years,Total,2017,64.1,Good/very good health
France,Perceived health status,From 45 to 64 years,Total,2018,64.1,Good/very good health
France,Perceived health status,From 45 to 64 years,Total,2019,62.9,Good/very good health
France,Perceived health status,From 45 to 64 years,Total,2020,65.9,Good/very good health
France,Perceived health status,From 45 to 64 years,Total,2021,64.3,Good/very good health
France,Perceived health status,From 45 to 64 years,Total,2022,61.8,Good/very good health
France,Perceived health status,From 45 to 64 years,Total,2023,61,Good/very good health
France,Perceived health status,From 45 to 64 years,Total,2024,62,Good/very good health
France,Perceived health status,From 45 to 64 years,Total,2025,60.6,Good/very good health
Germany,Perceived health status,From 45 to 64 years,Total,2015,58.8,Good/very good health
Germany,Perceived health status,From 45 to 64 years,Total,2016,59.2,Good/very good health
Germany,Perceived health status,From 45 to 64 years,Total,2017,58.7,Good/very good health
Germany,Perceived health status,From 45 to 64 years,Total,2018,60.1,Good/very good health
Germany,Perceived health status,From 45 to 64 years,Total,2019,59.8,Good/very good health
Germany,Perceived health status,From 45 to 64 years,Total,2020,61.2,Good/very good health
Germany,Perceived health status,From 45 to 64 years,Total,2021,61,Good/very good health
Germany,Perceived health status,From 45 to 64 years,Total,2022,60.9,Good/very good health
Germany,Perceived health status,From 45 to 64 years,Total,2023,63,Good/very good health
Germany,Perceived health status,From 45 to 64 years,Total,2024,61.2,Good/very good health
Germany,Perceived health status,From 45 to 64 years,Total,2025,63.4,Good/very good health
Greece,Perceived health status,From 45 to 64 years,Total,2015,76.6,Good/very good health
Greece,Perceived health status,From 45 to 64 years,Total,2016,76.7,Good/very good health
Greece,Perceived health status,From 45 to 64 years,Total,2017,77.8,Good/very good health
Greece,Perceived health status,From 45 to 64 years,Total,2018,80.6,Good/very good health
Greece,Perceived health status,From 45 to 64 years,Total,2019,84.3,Good/very good health
Greece,Perceived health status,From 45 to 64 years,Total,2020,83.6,Good/very good health
Greece,Perceived health status,From 45 to 64 years,Total,2021,84.1,Good/very good health
Greece,Perceived health status,From 45 to 64 years,Total,2022,84.8,Good/very good health
Greece,Perceived health status,From 45 to 64 years,Total,2023,85.3,Good/very good health
Greece,Perceived health status,From 45 to 64 years,Total,2024,85.4,Good/very good health
Greece,Perceived health status,From 45 to 64 years,Total,2025,88.6,Good/very good health
Italy,Perceived health status,From 45 to 64 years,Total,2015,66.2,Good/very good health
Italy,Perceived health status,From 45 to 64 years,Total,2016,72.7,Good/very good health
Italy,Perceived health status,From 45 to 64 years,Total,2017,82.2,Good/very good health
Italy,Perceived health status,From 45 to 64 years,Total,2018,77.8,Good/very good health
Italy,Perceived health status,From 45 to 64 years,Total,2019,77.6,Good/very good health
Italy,Perceived health status,From 45 to 64 years,Total,2021,77,Good/very good health
Italy,Perceived health status,From 45 to 64 years,Total,2022,76.9,Good/very good health
Italy,Perceived health status,From 45 to 64 years,Total,2023,79.9,Good/very good health
Italy,Perceived health status,From 45 to 64 years,Total,2024,82.8,Good/very good health
Italy,Perceived health status,From 45 to 64 years,Total,2025,79.5,Good/very good health
Japan,Perceived health status,From 45 to 64 years,Total,2016,33.9,Good/very good health
Japan,Perceived health status,From 45 to 64 years,Total,2019,36.3,Good/very good health
Japan,Perceived health status,From 45 to 64 years,Total,2022,37.3,Good/very good health
Korea,Perceived health status,From 45 to 64 years,Total,2016,39.9,Good/very good health
Korea,Perceived health status,From 45 to 64 years,Total,2018,42,Good/very good health
Korea,Perceived health status,From 45 to 64 years,Total,2020,43.8,Good/very good health
Korea,Perceived health status,From 45 to 64 years,Total,2022,47.3,Good/very good health
Korea,Perceived health status,From 45 to 64 years,Total,2024,48.6,Good/very good health
Türkiye,Perceived health status,From 45 to 64 years,Total,2015,49.4,Good/very good health
Türkiye,Perceived health status,From 45 to 64 years,Total,2016,53.9,Good/very good health
Türkiye,Perceived health status,From 45 to 64 years,Total,2017,52.2,Good/very good health
Türkiye,Perceived health status,From 45 to 64 years,Total,2018,51.9,Good/very good health
Türkiye,Perceived health status,From 45 to 64 years,Total,2019,50.7,Good/very good health
Türkiye,Perceived health status,From 45 to 64 years,Total,2020,55,Good/very good health
Türkiye,Perceived health status,From 45 to 64 years,Total,2021,53.4,Good/very good health
Türkiye,Perceived health status,From 45 to 64 years,Total,2022,52.5,Good/very good health
Türkiye,Perceived health status,From 45 to 64 years,Total,2023,49.8,Good/very good health
Türkiye,Perceived health status,From 45 to 64 years,Total,2024,48.9,Good/very good health
Türkiye,Perceived health status,From 45 to 64 years,Total,2025,48.5,Good/very good health
United Kingdom,Perceived health status,From 45 to 64 years,Total,2015,66.7,Good/very good health
United Kingdom,Perceived health status,From 45 to 64 years,Total,2016,65.2,Good/very good health
United Kingdom,Perceived health status,From 45 to 64 years,Total,2017,71.8,Good/very good health
United Kingdom,Perceived health status,From 45 to 64 years,Total,2018,70,Good/very good health
United Kingdom,Perceived health status,From 45 to 64 years,Total,2021,71.9,Good/very good health
United Kingdom,Perceived health status,From 45 to 64 years,Total,2022,70.6,Good/very good health
United Kingdom,Perceived health status,From 45 to 64 years,Total,2023,69.6,Good/very good health
United Kingdom,Perceived health status,From 45 to 64 years,Total,2024,68.7,Good/very good health
Denmark,Perceived health status,From 15 to 24 years,Male,2015,87.1,Good/very good health
Denmark,Perceived health status,From 15 to 24 years,Male,2016,88.4,Good/very good health
Denmark,Perceived health status,From 15 to 24 years,Male,2017,85.1,Good/very good health
Denmark,Perceived health status,From 15 to 24 years,Male,2018,90,Good/very good health
Denmark,Perceived health status,From 15 to 24 years,Male,2019,87.6,Good/very good health
Denmark,Perceived health status,From 15 to 24 years,Male,2020,87.5,Good/very good health
Denmark,Perceived health status,From 15 to 24 years,Male,2021,84.2,Good/very good health
Denmark,Perceived health status,From 15 to 24 years,Male,2022,73.3,Good/very good health
Denmark,Perceived health status,From 15 to 24 years,Male,2023,77.6,Good/very good health
Denmark,Perceived health status,From 15 to 24 years,Male,2024,83.3,Good/very good health
Denmark,Perceived health status,From 15 to 24 years,Male,2025,86.1,Good/very good health
Finland,Perceived health status,From 15 to 24 years,Male,2015,86.7,Good/very good health
Finland,Perceived health status,From 15 to 24 years,Male,2016,91.9,Good/very good health
Finland,Perceived health status,From 15 to 24 years,Male,2017,87.4,Good/very good health
Finland,Perceived health status,From 15 to 24 years,Male,2018,86.9,Good/very good health
Finland,Perceived health status,From 15 to 24 years,Male,2019,86.5,Good/very good health
Finland,Perceived health status,From 15 to 24 years,Male,2020,85.8,Good/very good health
Finland,Perceived health status,From 15 to 24 years,Male,2021,88.9,Good/very good health
Finland,Perceived health status,From 15 to 24 years,Male,2022,85.5,Good/very good health
Finland,Perceived health status,From 15 to 24 years,Male,2023,87,Good/very good health
Finland,Perceived health status,From 15 to 24 years,Male,2024,80.7,Good/very good health
Finland,Perceived health status,From 15 to 24 years,Male,2025,86.5,Good/very good health
France,Perceived health status,From 15 to 24 years,Male,2015,91,Good/very good health
France,Perceived health status,From 15 to 24 years,Male,2016,90.8,Good/very good health
France,Perceived health status,From 15 to 24 years,Male,2017,92.6,Good/very good health
France,Perceived health status,From 15 to 24 years,Male,2018,90.7,Good/very good health
France,Perceived health status,From 15 to 24 years,Male,2019,91,Good/very good health
France,Perceived health status,From 15 to 24 years,Male,2020,94.8,Good/very good health
France,Perceived health status,From 15 to 24 years,Male,2021,92.9,Good/very good health
France,Perceived health status,From 15 to 24 years,Male,2022,91.3,Good/very good health
France,Perceived health status,From 15 to 24 years,Male,2023,91.5,Good/very good health
France,Perceived health status,From 15 to 24 years,Male,2024,92.4,Good/very good health
France,Perceived health status,From 15 to 24 years,Male,2025,90.2,Good/very good health
Germany,Perceived health status,From 15 to 24 years,Male,2015,91.8,Good/very good health
Germany,Perceived health status,From 15 to 24 years,Male,2016,92.7,Good/very good health
Germany,Perceived health status,From 15 to 24 years,Male,2017,92.8,Good/very good health
Germany,Perceived health status,From 15 to 24 years,Male,2018,89.6,Good/very good health
Germany,Perceived health status,From 15 to 24 years,Male,2019,92.5,Good/very good health
Germany,Perceived health status,From 15 to 24 years,Male,2020,92,Good/very good health
Germany,Perceived health status,From 15 to 24 years,Male,2021,90.4,Good/very good health
Germany,Perceived health status,From 15 to 24 years,Male,2022,90.8,Good/very good health
Germany,Perceived health status,From 15 to 24 years,Male,2023,90.6,Good/very good health
Germany,Perceived health status,From 15 to 24 years,Male,2024,89.6,Good/very good health
Germany,Perceived health status,From 15 to 24 years,Male,2025,89.4,Good/very good health
Greece,Perceived health status,From 15 to 24 years,Male,2015,98.7,Good/very good health
Greece,Perceived health status,From 15 to 24 years,Male,2016,98.1,Good/very good health
Greece,Perceived health status,From 15 to 24 years,Male,2017,97.8,Good/very good health
Greece,Perceived health status,From 15 to 24 years,Male,2018,97.7,Good/very good health
Greece,Perceived health status,From 15 to 24 years,Male,2019,98.6,Good/very good health
Greece,Perceived health status,From 15 to 24 years,Male,2020,97.3,Good/very good health
Greece,Perceived health status,From 15 to 24 years,Male,2021,98.1,Good/very good health
Greece,Perceived health status,From 15 to 24 years,Male,2022,98,Good/very good health
Greece,Perceived health status,From 15 to 24 years,Male,2023,97.7,Good/very good health
Greece,Perceived health status,From 15 to 24 years,Male,2024,98.7,Good/very good health
Greece,Perceived health status,From 15 to 24 years,Male,2025,98.7,Good/very good health
Italy,Perceived health status,From 15 to 24 years,Male,2015,96,Good/very good health
Italy,Perceived health status,From 15 to 24 years,Male,2016,95.6,Good/very good health
Italy,Perceived health status,From 15 to 24 years,Male,2017,98.5,Good/very good health
Italy,Perceived health status,From 15 to 24 years,Male,2018,97,Good/very good health
Italy,Perceived health status,From 15 to 24 years,Male,2019,93.9,Good/very good health
Italy,Perceived health status,From 15 to 24 years,Male,2021,94.9,Good/very good health
Italy,Perceived health status,From 15 to 24 years,Male,2022,95.5,Good/very good health
Italy,Perceived health status,From 15 to 24 years,Male,2023,96.2,Good/very good health
Italy,Perceived health status,From 15 to 24 years,Male,2024,97,Good/very good health
Italy,Perceived health status,From 15 to 24 years,Male,2025,96.5,Good/very good health
Japan,Perceived health status,From 15 to 24 years,Male,2016,56,Good/very good health
Japan,Perceived health status,From 15 to 24 years,Male,2019,58,Good/very good health
Japan,Perceived health status,From 15 to 24 years,Male,2022,63.3,Good/very good health
Korea,Perceived health status,From 15 to 24 years,Male,2016,72,Good/very good health
Korea,Perceived health status,From 15 to 24 years,Male,2018,74.1,Good/very good health
Korea,Perceived health status,From 15 to 24 years,Male,2020,77.9,Good/very good health
Korea,Perceived health status,From 15 to 24 years,Male,2022,77.2,Good/very good health
Korea,Perceived health status,From 15 to 24 years,Male,2024,79.8,Good/very good health
Türkiye,Perceived health status,From 15 to 24 years,Male,2015,91,Good/very good health
Türkiye,Perceived health status,From 15 to 24 years,Male,2016,92.1,Good/very good health
Türkiye,Perceived health status,From 15 to 24 years,Male,2017,92,Good/very good health
Türkiye,Perceived health status,From 15 to 24 years,Male,2018,91.6,Good/very good health
Türkiye,Perceived health status,From 15 to 24 years,Male,2019,91.5,Good/very good health
Türkiye,Perceived health status,From 15 to 24 years,Male,2020,92.7,Good/very good health
Türkiye,Perceived health status,From 15 to 24 years,Male,2021,91.6,Good/very good health
Türkiye,Perceived health status,From 15 to 24 years,Male,2022,91.2,Good/very good health
Türkiye,Perceived health status,From 15 to 24 years,Male,2023,91,Good/very good health
Türkiye,Perceived health status,From 15 to 24 years,Male,2024,90.3,Good/very good health
Türkiye,Perceived health status,From 15 to 24 years,Male,2025,89.7,Good/very good health
United Kingdom,Perceived health status,From 15 to 24 years,Male,2015,88.6,Good/very good health
United Kingdom,Perceived health status,From 15 to 24 years,Male,2016,87.1,Good/very good health
United Kingdom,Perceived health status,From 15 to 24 years,Male,2017,88.9,Good/very good health
United Kingdom,Perceived health status,From 15 to 24 years,Male,2018,88.9,Good/very good health
United Kingdom,Perceived health status,From 15 to 24 years,Male,2021,89.9,Good/very good health
United Kingdom,Perceived health status,From 15 to 24 years,Male,2022,89.9,Good/very good health
United Kingdom,Perceived health status,From 15 to 24 years,Male,2023,89.5,Good/very good health
United Kingdom,Perceived health status,From 15 to 24 years,Male,2024,86.2,Good/very good health
Denmark,Perceived health status,From 15 to 24 years,Female,2015,88.1,Good/very good health
Denmark,Perceived health status,From 15 to 24 years,Female,2016,82.1,Good/very good health
Denmark,Perceived health status,From 15 to 24 years,Female,2017,87.7,Good/very good health
Denmark,Perceived health status,From 15 to 24 years,Female,2018,78.1,Good/very good health
Denmark,Perceived health status,From 15 to 24 years,Female,2019,83.7,Good/very good health
Denmark,Perceived health status,From 15 to 24 years,Female,2020,84.5,Good/very good health
Denmark,Perceived health status,From 15 to 24 years,Female,2021,80.1,Good/very good health
Denmark,Perceived health status,From 15 to 24 years,Female,2022,69.3,Good/very good health
Denmark,Perceived health status,From 15 to 24 years,Female,2023,69.4,Good/very good health
Denmark,Perceived health status,From 15 to 24 years,Female,2024,76.4,Good/very good health
Denmark,Perceived health status,From 15 to 24 years,Female,2025,86.1,Good/very good health
Finland,Perceived health status,From 15 to 24 years,Female,2015,88.6,Good/very good health
Finland,Perceived health status,From 15 to 24 years,Female,2016,88.2,Good/very good health
Finland,Perceived health status,From 15 to 24 years,Female,2017,85.7,Good/very good health
Finland,Perceived health status,From 15 to 24 years,Female,2018,82.9,Good/very good health
Finland,Perceived health status,From 15 to 24 years,Female,2019,81.5,Good/very good health
Finland,Perceived health status,From 15 to 24 years,Female,2020,77.9,Good/very good health
Finland,Perceived health status,From 15 to 24 years,Female,2021,81.4,Good/very good health
Finland,Perceived health status,From 15 to 24 years,Female,2022,80,Good/very good health
Finland,Perceived health status,From 15 to 24 years,Female,2023,83.1,Good/very good health
Finland,Perceived health status,From 15 to 24 years,Female,2024,83.2,Good/very good health
Finland,Perceived health status,From 15 to 24 years,Female,2025,82,Good/very good health
France,Perceived health status,From 15 to 24 years,Female,2015,89.4,Good/very good health
France,Perceived health status,From 15 to 24 years,Female,2016,88.9,Good/very good health
France,Perceived health status,From 15 to 24 years,Female,2017,89.5,Good/very good health
France,Perceived health status,From 15 to 24 years,Female,2018,89.8,Good/very good health
France,Perceived health status,From 15 to 24 years,Female,2019,88.1,Good/very good health
France,Perceived health status,From 15 to 24 years,Female,2020,90.6,Good/very good health
France,Perceived health status,From 15 to 24 years,Female,2021,90.4,Good/very good health
France,Perceived health status,From 15 to 24 years,Female,2022,88.3,Good/very good health
France,Perceived health status,From 15 to 24 years,Female,2023,87,Good/very good health
France,Perceived health status,From 15 to 24 years,Female,2024,88,Good/very good health
France,Perceived health status,From 15 to 24 years,Female,2025,85.3,Good/very good health
Germany,Perceived health status,From 15 to 24 years,Female,2015,89.8,Good/very good health
Germany,Perceived health status,From 15 to 24 years,Female,2016,90.3,Good/very good health
Germany,Perceived health status,From 15 to 24 years,Female,2017,90.5,Good/very good health
Germany,Perceived health status,From 15 to 24 years,Female,2018,88.9,Good/very good health
Germany,Perceived health status,From 15 to 24 years,Female,2019,90.6,Good/very good health
Germany,Perceived health status,From 15 to 24 years,Female,2020,88.8,Good/very good health
Germany,Perceived health status,From 15 to 24 years,Female,2021,89.4,Good/very good health
Germany,Perceived health status,From 15 to 24 years,Female,2022,87.4,Good/very good health
Germany,Perceived health status,From 15 to 24 years,Female,2023,88.9,Good/very good health
Germany,Perceived health status,From 15 to 24 years,Female,2024,88.7,Good/very good health
Germany,Perceived health status,From 15 to 24 years,Female,2025,87.5,Good/very good health
Greece,Perceived health status,From 15 to 24 years,Female,2015,97.6,Good/very good health
Greece,Perceived health status,From 15 to 24 years,Female,2016,97.7,Good/very good health
Greece,Perceived health status,From 15 to 24 years,Female,2017,98.1,Good/very good health
Greece,Perceived health status,From 15 to 24 years,Female,2018,97.7,Good/very good health
Greece,Perceived health status,From 15 to 24 years,Female,2019,97.5,Good/very good health
Greece,Perceived health status,From 15 to 24 years,Female,2020,98.1,Good/very good health
Greece,Perceived health status,From 15 to 24 years,Female,2021,98,Good/very good health
Greece,Perceived health status,From 15 to 24 years,Female,2022,98,Good/very good health
Greece,Perceived health status,From 15 to 24 years,Female,2023,98.1,Good/very good health
Greece,Perceived health status,From 15 to 24 years,Female,2024,97.9,Good/very good health
Greece,Perceived health status,From 15 to 24 years,Female,2025,98.5,Good/very good health
Italy,Perceived health status,From 15 to 24 years,Female,2015,94.7,Good/very good health
Italy,Perceived health status,From 15 to 24 years,Female,2016,95.2,Good/very good health
Italy,Perceived health status,From 15 to 24 years,Female,2017,96.9,Good/very good health
Italy,Perceived health status,From 15 to 24 years,Female,2018,94.9,Good/very good health
Italy,Perceived health status,From 15 to 24 years,Female,2019,94.8,Good/very good health
Italy,Perceived health status,From 15 to 24 years,Female,2021,96,Good/very good health
Italy,Perceived health status,From 15 to 24 years,Female,2022,95.6,Good/very good health
Italy,Perceived health status,From 15 to 24 years,Female,2023,95.6,Good/very good health
Italy,Perceived health status,From 15 to 24 years,Female,2024,95.6,Good/very good health
Italy,Perceived health status,From 15 to 24 years,Female,2025,96.5,Good/very good health
Japan,Perceived health status,From 15 to 24 years,Female,2016,52.9,Good/very good health
Japan,Perceived health status,From 15 to 24 years,Female,2019,54.3,Good/very good health
Japan,Perceived health status,From 15 to 24 years,Female,2022,58,Good/very good health
Korea,Perceived health status,From 15 to 24 years,Female,2016,64.6,Good/very good health
Korea,Perceived health status,From 15 to 24 years,Female,2018,66.1,Good/very good health
Korea,Perceived health status,From 15 to 24 years,Female,2020,70.2,Good/very good health
Korea,Perceived health status,From 15 to 24 years,Female,2022,73.4,Good/very good health
Korea,Perceived health status,From 15 to 24 years,Female,2024,76.8,Good/very good health
Türkiye,Perceived health status,From 15 to 24 years,Female,2015,91.2,Good/very good health
Türkiye,Perceived health status,From 15 to 24 years,Female,2016,92.5,Good/very good health
Türkiye,Perceived health status,From 15 to 24 years,Female,2017,92.2,Good/very good health
Türkiye,Perceived health status,From 15 to 24 years,Female,2018,92,Good/very good health
Türkiye,Perceived health status,From 15 to 24 years,Female,2019,91.7,Good/very good health
Türkiye,Perceived health status,From 15 to 24 years,Female,2020,93.7,Good/very good health
Türkiye,Perceived health status,From 15 to 24 years,Female,2021,91.2,Good/very good health
Türkiye,Perceived health status,From 15 to 24 years,Female,2022,90,Good/very good health
Türkiye,Perceived health status,From 15 to 24 years,Female,2023,90.5,Good/very good health
Türkiye,Perceived health status,From 15 to 24 years,Female,2024,90.8,Good/very good health
Türkiye,Perceived health status,From 15 to 24 years,Female,2025,90.6,Good/very good health
United Kingdom,Perceived health status,From 15 to 24 years,Female,2015,86.8,Good/very good health
United Kingdom,Perceived health status,From 15 to 24 years,Female,2016,85.9,Good/very good health
United Kingdom,Perceived health status,From 15 to 24 years,Female,2017,88.3,Good/very good health
United Kingdom,Perceived health status,From 15 to 24 years,Female,2018,86,Good/very good health
United Kingdom,Perceived health status,From 15 to 24 years,Female,2021,86.5,Good/very good health
United Kingdom,Perceived health status,From 15 to 24 years,Female,2022,84.8,Good/very good health
United Kingdom,Perceived health status,From 15 to 24 years,Female,2023,85.2,Good/very good health
United Kingdom,Perceived health status,From 15 to 24 years,Female,2024,87.5,Good/very good health
Denmark,Perceived health status,From 15 to 24 years,Total,2015,87.6,Good/very good health
Denmark,Perceived health status,From 15 to 24 years,Total,2016,85.3,Good/very good health
Denmark,Perceived health status,From 15 to 24 years,Total,2017,86.4,Good/very good health
Denmark,Perceived health status,From 15 to 24 years,Total,2018,84,Good/very good health
Denmark,Perceived health status,From 15 to 24 years,Total,2019,85.6,Good/very good health
Denmark,Perceived health status,From 15 to 24 years,Total,2020,86,Good/very good health
Denmark,Perceived health status,From 15 to 24 years,Total,2021,82.1,Good/very good health
Denmark,Perceived health status,From 15 to 24 years,Total,2022,71.4,Good/very good health
Denmark,Perceived health status,From 15 to 24 years,Total,2023,74,Good/very good health
Denmark,Perceived health status,From 15 to 24 years,Total,2024,80,Good/very good health
Denmark,Perceived health status,From 15 to 24 years,Total,2025,86.1,Good/very good health
Finland,Perceived health status,From 15 to 24 years,Total,2015,87.7,Good/very good health
Finland,Perceived health status,From 15 to 24 years,Total,2016,89.9,Good/very good health
Finland,Perceived health status,From 15 to 24 years,Total,2017,86.5,Good/very good health
Finland,Perceived health status,From 15 to 24 years,Total,2018,84.8,Good/very good health
Finland,Perceived health status,From 15 to 24 years,Total,2019,83.8,Good/very good health
Finland,Perceived health status,From 15 to 24 years,Total,2020,81.3,Good/very good health
Finland,Perceived health status,From 15 to 24 years,Total,2021,85.1,Good/very good health
Finland,Perceived health status,From 15 to 24 years,Total,2022,82.6,Good/very good health
Finland,Perceived health status,From 15 to 24 years,Total,2023,85,Good/very good health
Finland,Perceived health status,From 15 to 24 years,Total,2024,82,Good/very good health
Finland,Perceived health status,From 15 to 24 years,Total,2025,84,Good/very good health
France,Perceived health status,From 15 to 24 years,Total,2015,90.2,Good/very good health
France,Perceived health status,From 15 to 24 years,Total,2016,89.8,Good/very good health
France,Perceived health status,From 15 to 24 years,Total,2017,91.1,Good/very good health
France,Perceived health status,From 15 to 24 years,Total,2018,90.3,Good/very good health
France,Perceived health status,From 15 to 24 years,Total,2019,89.5,Good/very good health
France,Perceived health status,From 15 to 24 years,Total,2020,92.8,Good/very good health
France,Perceived health status,From 15 to 24 years,Total,2021,91.7,Good/very good health
France,Perceived health status,From 15 to 24 years,Total,2022,89.8,Good/very good health
France,Perceived health status,From 15 to 24 years,Total,2023,89.3,Good/very good health
France,Perceived health status,From 15 to 24 years,Total,2024,90.2,Good/very good health
France,Perceived health status,From 15 to 24 years,Total,2025,87.8,Good/very good health
Germany,Perceived health status,From 15 to 24 years,Total,2015,91,Good/very good health
Germany,Perceived health status,From 15 to 24 years,Total,2016,91.6,Good/very good health
Germany,Perceived health status,From 15 to 24 years,Total,2017,91.8,Good/very good health
Germany,Perceived health status,From 15 to 24 years,Total,2018,89.3,Good/very good health
Germany,Perceived health status,From 15 to 24 years,Total,2019,91.6,Good/very good health
Germany,Perceived health status,From 15 to 24 years,Total,2020,90.4,Good/very good health
Germany,Perceived health status,From 15 to 24 years,Total,2021,89.9,Good/very good health
Germany,Perceived health status,From 15 to 24 years,Total,2022,89.1,Good/very good health
Germany,Perceived health status,From 15 to 24 years,Total,2023,89.8,Good/very good health
Germany,Perceived health status,From 15 to 24 years,Total,2024,89.2,Good/very good health
Germany,Perceived health status,From 15 to 24 years,Total,2025,88.5,Good/very good health
Greece,Perceived health status,From 15 to 24 years,Total,2015,98.2,Good/very good health
Greece,Perceived health status,From 15 to 24 years,Total,2016,97.9,Good/very good health
Greece,Perceived health status,From 15 to 24 years,Total,2017,98,Good/very good health
Greece,Perceived health status,From 15 to 24 years,Total,2018,97.7,Good/very good health
Greece,Perceived health status,From 15 to 24 years,Total,2019,98,Good/very good health
Greece,Perceived health status,From 15 to 24 years,Total,2020,97.7,Good/very good health
Greece,Perceived health status,From 15 to 24 years,Total,2021,98,Good/very good health
Greece,Perceived health status,From 15 to 24 years,Total,2022,98,Good/very good health
Greece,Perceived health status,From 15 to 24 years,Total,2023,97.9,Good/very good health
Greece,Perceived health status,From 15 to 24 years,Total,2024,98.3,Good/very good health
Greece,Perceived health status,From 15 to 24 years,Total,2025,98.6,Good/very good health
Italy,Perceived health status,From 15 to 24 years,Total,2015,95.4,Good/very good health
Italy,Perceived health status,From 15 to 24 years,Total,2016,95.4,Good/very good health
Italy,Perceived health status,From 15 to 24 years,Total,2017,97.7,Good/very good health
Italy,Perceived health status,From 15 to 24 years,Total,2018,96,Good/very good health
Italy,Perceived health status,From 15 to 24 years,Total,2019,94.3,Good/very good health
Italy,Perceived health status,From 15 to 24 years,Total,2021,95.5,Good/very good health
Italy,Perceived health status,From 15 to 24 years,Total,2022,95.6,Good/very good health
Italy,Perceived health status,From 15 to 24 years,Total,2023,96,Good/very good health
Italy,Perceived health status,From 15 to 24 years,Total,2024,96.3,Good/very good health
Italy,Perceived health status,From 15 to 24 years,Total,2025,96.5,Good/very good health
Japan,Perceived health status,From 15 to 24 years,Total,2016,54.5,Good/very good health
Japan,Perceived health status,From 15 to 24 years,Total,2019,56.2,Good/very good health
Japan,Perceived health status,From 15 to 24 years,Total,2022,60.7,Good/very good health
Korea,Perceived health status,From 15 to 24 years,Total,2016,68.3,Good/very good health
Korea,Perceived health status,From 15 to 24 years,Total,2018,70.1,Good/very good health
Korea,Perceived health status,From 15 to 24 years,Total,2020,74,Good/very good health
Korea,Perceived health status,From 15 to 24 years,Total,2022,75.4,Good/very good health
Korea,Perceived health status,From 15 to 24 years,Total,2024,78.3,Good/very good health
Türkiye,Perceived health status,From 15 to 24 years,Total,2015,91.1,Good/very good health
Türkiye,Perceived health status,From 15 to 24 years,Total,2016,92.3,Good/very good health
Türkiye,Perceived health status,From 15 to 24 years,Total,2017,92.1,Good/very good health
Türkiye,Perceived health status,From 15 to 24 years,Total,2018,91.8,Good/very good health
Türkiye,Perceived health status,From 15 to 24 years,Total,2019,91.6,Good/very good health
Türkiye,Perceived health status,From 15 to 24 years,Total,2020,93.2,Good/very good health
Türkiye,Perceived health status,From 15 to 24 years,Total,2021,91.4,Good/very good health
Türkiye,Perceived health status,From 15 to 24 years,Total,2022,90.6,Good/very good health
Türkiye,Perceived health status,From 15 to 24 years,Total,2023,90.8,Good/very good health
Türkiye,Perceived health status,From 15 to 24 years,Total,2024,90.5,Good/very good health
Türkiye,Perceived health status,From 15 to 24 years,Total,2025,90.1,Good/very good health
United Kingdom,Perceived health status,From 15 to 24 years,Total,2015,87.6,Good/very good health
United Kingdom,Perceived health status,From 15 to 24 years,Total,2016,86.4,Good/very good health
United Kingdom,Perceived health status,From 15 to 24 years,Total,2017,88.6,Good/very good health
United Kingdom,Perceived health status,From 15 to 24 years,Total,2018,87.5,Good/very good health
United Kingdom,Perceived health status,From 15 to 24 years,Total,2021,88.2,Good/very good health
United Kingdom,Perceived health status,From 15 to 24 years,Total,2022,87.4,Good/very good health
United Kingdom,Perceived health status,From 15 to 24 years,Total,2023,87.4,Good/very good health
United Kingdom,Perceived health status,From 15 to 24 years,Total,2024,86.2,Good/very good health
Denmark,Perceived health status,65 years or over,Female,2015,59.5,Good/very good health
Denmark,Perceived health status,65 years or over,Female,2016,55.5,Good/very good health
Denmark,Perceived health status,65 years or over,Female,2017,56.4,Good/very good health
Denmark,Perceived health status,65 years or over,Female,2018,54.8,Good/very good health
Denmark,Perceived health status,65 years or over,Female,2019,55.7,Good/very good health
Denmark,Perceived health status,65 years or over,Female,2020,57.1,Good/very good health
Denmark,Perceived health status,65 years or over,Female,2021,53,Good/very good health
Denmark,Perceived health status,65 years or over,Female,2022,53.6,Good/very good health
Denmark,Perceived health status,65 years or over,Female,2023,55.2,Good/very good health
Denmark,Perceived health status,65 years or over,Female,2024,56.2,Good/very good health
Denmark,Perceived health status,65 years or over,Female,2025,56.6,Good/very good health
Finland,Perceived health status,65 years or over,Female,2015,45.1,Good/very good health
Finland,Perceived health status,65 years or over,Female,2016,44.5,Good/very good health
Finland,Perceived health status,65 years or over,Female,2017,46.7,Good/very good health
Finland,Perceived health status,65 years or over,Female,2018,46,Good/very good health
Finland,Perceived health status,65 years or over,Female,2019,47.1,Good/very good health
Finland,Perceived health status,65 years or over,Female,2020,51.4,Good/very good health
Finland,Perceived health status,65 years or over,Female,2021,48.9,Good/very good health
Finland,Perceived health status,65 years or over,Female,2022,43.1,Good/very good health
Finland,Perceived health status,65 years or over,Female,2023,44.5,Good/very good health
Finland,Perceived health status,65 years or over,Female,2024,45.7,Good/very good health
Finland,Perceived health status,65 years or over,Female,2025,46.6,Good/very good health
France,Perceived health status,65 years or over,Female,2015,40.4,Good/very good health
France,Perceived health status,65 years or over,Female,2016,38.9,Good/very good health
France,Perceived health status,65 years or over,Female,2017,38.9,Good/very good health
France,Perceived health status,65 years or over,Female,2018,42.5,Good/very good health
France,Perceived health status,65 years or over,Female,2019,43.4,Good/very good health
France,Perceived health status,65 years or over,Female,2020,44.5,Good/very good health
France,Perceived health status,65 years or over,Female,2021,45.3,Good/very good health
France,Perceived health status,65 years or over,Female,2022,41.5,Good/very good health
France,Perceived health status,65 years or over,Female,2023,42.6,Good/very good health
France,Perceived health status,65 years or over,Female,2024,43.2,Good/very good health
France,Perceived health status,65 years or over,Female,2025,44.7,Good/very good health
Germany,Perceived health status,65 years or over,Female,2015,39.1,Good/very good health
Germany,Perceived health status,65 years or over,Female,2016,38.9,Good/very good health
Germany,Perceived health status,65 years or over,Female,2017,40.2,Good/very good health
Germany,Perceived health status,65 years or over,Female,2018,41.8,Good/very good health
Germany,Perceived health status,65 years or over,Female,2019,43.1,Good/very good health
Germany,Perceived health status,65 years or over,Female,2020,39,Good/very good health
Germany,Perceived health status,65 years or over,Female,2021,36,Good/very good health
Germany,Perceived health status,65 years or over,Female,2022,36.2,Good/very good health
Germany,Perceived health status,65 years or over,Female,2023,36.3,Good/very good health
Germany,Perceived health status,65 years or over,Female,2024,35.3,Good/very good health
Germany,Perceived health status,65 years or over,Female,2025,36.9,Good/very good health
Greece,Perceived health status,65 years or over,Female,2015,33.3,Good/very good health
Greece,Perceived health status,65 years or over,Female,2016,34,Good/very good health
Greece,Perceived health status,65 years or over,Female,2017,30.4,Good/very good health
Greece,Perceived health status,65 years or over,Female,2018,37.5,Good/very good health
Greece,Perceived health status,65 years or over,Female,2019,44.2,Good/very good health
Greece,Perceived health status,65 years or over,Female,2020,42.9,Good/very good health
Greece,Perceived health status,65 years or over,Female,2021,42.6,Good/very good health
Greece,Perceived health status,65 years or over,Female,2022,37.5,Good/very good health
Greece,Perceived health status,65 years or over,Female,2023,41.4,Good/very good health
Greece,Perceived health status,65 years or over,Female,2024,41.5,Good/very good health
Greece,Perceived health status,65 years or over,Female,2025,38.7,Good/very good health
Italy,Perceived health status,65 years or over,Female,2015,24.1,Good/very good health
Italy,Perceived health status,65 years or over,Female,2016,31.6,Good/very good health
Italy,Perceived health status,65 years or over,Female,2017,38.4,Good/very good health
Italy,Perceived health status,65 years or over,Female,2018,34.4,Good/very good health
Italy,Perceived health status,65 years or over,Female,2019,36,Good/very good health
Italy,Perceived health status,65 years or over,Female,2021,39.4,Good/very good health
Italy,Perceived health status,65 years or over,Female,2022,38.4,Good/very good health
Italy,Perceived health status,65 years or over,Female,2023,38.4,Good/very good health
Italy,Perceived health status,65 years or over,Female,2024,39.5,Good/very good health
Italy,Perceived health status,65 years or over,Female,2025,39.3,Good/very good health
Japan,Perceived health status,65 years or over,Female,2016,23.9,Good/very good health
Japan,Perceived health status,65 years or over,Female,2019,25.1,Good/very good health
Japan,Perceived health status,65 years or over,Female,2022,25.7,Good/very good health
Korea,Perceived health status,65 years or over,Female,2016,16.6,Good/very good health
Korea,Perceived health status,65 years or over,Female,2018,18.3,Good/very good health
Korea,Perceived health status,65 years or over,Female,2020,18.5,Good/very good health
Korea,Perceived health status,65 years or over,Female,2022,22.8,Good/very good health
Korea,Perceived health status,65 years or over,Female,2024,24.7,Good/very good health
Türkiye,Perceived health status,65 years or over,Female,2015,13.3,Good/very good health
Türkiye,Perceived health status,65 years or over,Female,2016,15.9,Good/very good health
Türkiye,Perceived health status,65 years or over,Female,2017,15.9,Good/very good health
Türkiye,Perceived health status,65 years or over,Female,2018,16.3,Good/very good health
Türkiye,Perceived health status,65 years or over,Female,2019,14,Good/very good health
Türkiye,Perceived health status,65 years or over,Female,2020,16.1,Good/very good health
Türkiye,Perceived health status,65 years or over,Female,2021,19.2,Good/very good health
Türkiye,Perceived health status,65 years or over,Female,2022,16.7,Good/very good health
Türkiye,Perceived health status,65 years or over,Female,2023,13,Good/very good health
Türkiye,Perceived health status,65 years or over,Female,2024,13,Good/very good health
Türkiye,Perceived health status,65 years or over,Female,2025,12.8,Good/very good health
United Kingdom,Perceived health status,65 years or over,Female,2015,53.5,Good/very good health
United Kingdom,Perceived health status,65 years or over,Female,2016,54.3,Good/very good health
United Kingdom,Perceived health status,65 years or over,Female,2017,58.3,Good/very good health
United Kingdom,Perceived health status,65 years or over,Female,2018,58.1,Good/very good health
United Kingdom,Perceived health status,65 years or over,Female,2021,59.5,Good/very good health
United Kingdom,Perceived health status,65 years or over,Female,2022,57.6,Good/very good health
United Kingdom,Perceived health status,65 years or over,Female,2023,57.6,Good/very good health
United Kingdom,Perceived health status,65 years or over,Female,2024,58.1,Good/very good health
Denmark,Perceived health status,65 years or over,Total,2015,59.6,Good/very good health
Denmark,Perceived health status,65 years or over,Total,2016,56.7,Good/very good health
Denmark,Perceived health status,65 years or over,Total,2017,57.4,Good/very good health
Denmark,Perceived health status,65 years or over,Total,2018,57.2,Good/very good health
Denmark,Perceived health status,65 years or over,Total,2019,57.2,Good/very good health
Denmark,Perceived health status,65 years or over,Total,2020,58.6,Good/very good health
Denmark,Perceived health status,65 years or over,Total,2021,53.8,Good/very good health
Denmark,Perceived health status,65 years or over,Total,2022,55.7,Good/very good health
Denmark,Perceived health status,65 years or over,Total,2023,56.1,Good/very good health
Denmark,Perceived health status,65 years or over,Total,2024,56.4,Good/very good health
Denmark,Perceived health status,65 years or over,Total,2025,55.9,Good/very good health
Finland,Perceived health status,65 years or over,Total,2015,47.3,Good/very good health
Finland,Perceived health status,65 years or over,Total,2016,46.9,Good/very good health
Finland,Perceived health status,65 years or over,Total,2017,48.6,Good/very good health
Finland,Perceived health status,65 years or over,Total,2018,47.4,Good/very good health
Finland,Perceived health status,65 years or over,Total,2019,47.6,Good/very good health
Finland,Perceived health status,65 years or over,Total,2020,51.2,Good/very good health
Finland,Perceived health status,65 years or over,Total,2021,49.9,Good/very good health
Finland,Perceived health status,65 years or over,Total,2022,44.3,Good/very good health
Finland,Perceived health status,65 years or over,Total,2023,46,Good/very good health
Finland,Perceived health status,65 years or over,Total,2024,48.3,Good/very good health
Finland,Perceived health status,65 years or over,Total,2025,48.2,Good/very good health
France,Perceived health status,65 years or over,Total,2015,41.9,Good/very good health
France,Perceived health status,65 years or over,Total,2016,39.5,Good/very good health
France,Perceived health status,65 years or over,Total,2017,40.6,Good/very good health
France,Perceived health status,65 years or over,Total,2018,43.4,Good/very good health
France,Perceived health status,65 years or over,Total,2019,44.6,Good/very good health
France,Perceived health status,65 years or over,Total,2020,44.5,Good/very good health
France,Perceived health status,65 years or over,Total,2021,45.2,Good/very good health
France,Perceived health status,65 years or over,Total,2022,41.3,Good/very good health
France,Perceived health status,65 years or over,Total,2023,43.1,Good/very good health
France,Perceived health status,65 years or over,Total,2024,44.3,Good/very good health
France,Perceived health status,65 years or over,Total,2025,44.4,Good/very good health
Germany,Perceived health status,65 years or over,Total,2015,40.9,Good/very good health
Germany,Perceived health status,65 years or over,Total,2016,40.4,Good/very good health
Germany,Perceived health status,65 years or over,Total,2017,41.8,Good/very good health
Germany,Perceived health status,65 years or over,Total,2018,42.6,Good/very good health
Germany,Perceived health status,65 years or over,Total,2019,42.3,Good/very good health
Germany,Perceived health status,65 years or over,Total,2020,40,Good/very good health
Germany,Perceived health status,65 years or over,Total,2021,38,Good/very good health
Germany,Perceived health status,65 years or over,Total,2022,37.5,Good/very good health
Germany,Perceived health status,65 years or over,Total,2023,37.9,Good/very good health
Germany,Perceived health status,65 years or over,Total,2024,36.6,Good/very good health
Germany,Perceived health status,65 years or over,Total,2025,37.6,Good/very good health
Greece,Perceived health status,65 years or over,Total,2015,37.4,Good/very good health
Greece,Perceived health status,65 years or over,Total,2016,36.9,Good/very good health
Greece,Perceived health status,65 years or over,Total,2017,34.2,Good/very good health
Greece,Perceived health status,65 years or over,Total,2018,40.5,Good/very good health
Greece,Perceived health status,65 years or over,Total,2019,47.6,Good/very good health
Greece,Perceived health status,65 years or over,Total,2020,45.8,Good/very good health
Greece,Perceived health status,65 years or over,Total,2021,45.4,Good/very good health
Greece,Perceived health status,65 years or over,Total,2022,40.6,Good/very good health
Greece,Perceived health status,65 years or over,Total,2023,44.9,Good/very good health
Greece,Perceived health status,65 years or over,Total,2024,45.1,Good/very good health
Greece,Perceived health status,65 years or over,Total,2025,41.3,Good/very good health
Italy,Perceived health status,65 years or over,Total,2015,27.7,Good/very good health
Italy,Perceived health status,65 years or over,Total,2016,35.7,Good/very good health
Italy,Perceived health status,65 years or over,Total,2017,41.9,Good/very good health
Italy,Perceived health status,65 years or over,Total,2018,38.4,Good/very good health
Italy,Perceived health status,65 years or over,Total,2019,39.8,Good/very good health
Italy,Perceived health status,65 years or over,Total,2021,43.1,Good/very good health
Italy,Perceived health status,65 years or over,Total,2022,41.7,Good/very good health
Italy,Perceived health status,65 years or over,Total,2023,42,Good/very good health
Italy,Perceived health status,65 years or over,Total,2024,42.7,Good/very good health
Italy,Perceived health status,65 years or over,Total,2025,42.1,Good/very good health
Japan,Perceived health status,65 years or over,Total,2016,25.2,Good/very good health
Japan,Perceived health status,65 years or over,Total,2019,26.2,Good/very good health
Japan,Perceived health status,65 years or over,Total,2022,26.6,Good/very good health
Korea,Perceived health status,65 years or over,Total,2016,22.3,Good/very good health
Korea,Perceived health status,65 years or over,Total,2018,22.8,Good/very good health
Korea,Perceived health status,65 years or over,Total,2020,24.3,Good/very good health
Korea,Perceived health status,65 years or over,Total,2022,27,Good/very good health
Korea,Perceived health status,65 years or over,Total,2024,29.7,Good/very good health
Türkiye,Perceived health status,65 years or over,Total,2015,18.9,Good/very good health
Türkiye,Perceived health status,65 years or over,Total,2016,21.9,Good/very good health
Türkiye,Perceived health status,65 years or over,Total,2017,22.4,Good/very good health
Türkiye,Perceived health status,65 years or over,Total,2018,21.9,Good/very good health
Türkiye,Perceived health status,65 years or over,Total,2019,20.9,Good/very good health
Türkiye,Perceived health status,65 years or over,Total,2020,22.7,Good/very good health
Türkiye,Perceived health status,65 years or over,Total,2021,25.6,Good/very good health
Türkiye,Perceived health status,65 years or over,Total,2022,23.3,Good/very good health
Türkiye,Perceived health status,65 years or over,Total,2023,19.4,Good/very good health
Türkiye,Perceived health status,65 years or over,Total,2024,18.7,Good/very good health
Türkiye,Perceived health status,65 years or over,Total,2025,17.9,Good/very good health
United Kingdom,Perceived health status,65 years or over,Total,2015,53.2,Good/very good health
United Kingdom,Perceived health status,65 years or over,Total,2016,53.7,Good/very good health
United Kingdom,Perceived health status,65 years or over,Total,2017,58.4,Good/very good health
United Kingdom,Perceived health status,65 years or over,Total,2018,57.6,Good/very good health
United Kingdom,Perceived health status,65 years or over,Total,2021,59.1,Good/very good health
United Kingdom,Perceived health status,65 years or over,Total,2022,57.7,Good/very good health
United Kingdom,Perceived health status,65 years or over,Total,2023,56.9,Good/very good health
United Kingdom,Perceived health status,65 years or over,Total,2024,57.9,Good/very good health
Denmark,Perceived health status,65 years or over,Male,2015,59.7,Good/very good health
Denmark,Perceived health status,65 years or over,Male,2016,58,Good/very good health
Denmark,Perceived health status,65 years or over,Male,2017,58.6,Good/very good health
Denmark,Perceived health status,65 years or over,Male,2018,60,Good/very good health
Denmark,Perceived health status,65 years or over,Male,2019,59,Good/very good health
Denmark,Perceived health status,65 years or over,Male,2020,60.5,Good/very good health
Denmark,Perceived health status,65 years or over,Male,2021,54.8,Good/very good health
Denmark,Perceived health status,65 years or over,Male,2022,58.3,Good/very good health
Denmark,Perceived health status,65 years or over,Male,2023,57.2,Good/very good health
Denmark,Perceived health status,65 years or over,Male,2024,56.5,Good/very good health
Denmark,Perceived health status,65 years or over,Male,2025,55.1,Good/very good health
Finland,Perceived health status,65 years or over,Male,2015,50.3,Good/very good health
Finland,Perceived health status,65 years or over,Male,2016,50.1,Good/very good health
Finland,Perceived health status,65 years or over,Male,2017,51.1,Good/very good health
Finland,Perceived health status,65 years or over,Male,2018,49.1,Good/very good health
Finland,Perceived health status,65 years or over,Male,2019,48.3,Good/very good health
Finland,Perceived health status,65 years or over,Male,2020,50.9,Good/very good health
Finland,Perceived health status,65 years or over,Male,2021,51.2,Good/very good health
Finland,Perceived health status,65 years or over,Male,2022,45.9,Good/very good health
Finland,Perceived health status,65 years or over,Male,2023,47.8,Good/very good health
Finland,Perceived health status,65 years or over,Male,2024,51.7,Good/very good health
Finland,Perceived health status,65 years or over,Male,2025,50.1,Good/very good health
France,Perceived health status,65 years or over,Male,2015,43.9,Good/very good health
France,Perceived health status,65 years or over,Male,2016,40.4,Good/very good health
France,Perceived health status,65 years or over,Male,2017,42.7,Good/very good health
France,Perceived health status,65 years or over,Male,2018,44.6,Good/very good health
France,Perceived health status,65 years or over,Male,2019,46.1,Good/very good health
France,Perceived health status,65 years or over,Male,2020,44.7,Good/very good health
France,Perceived health status,65 years or over,Male,2021,45.1,Good/very good health
France,Perceived health status,65 years or over,Male,2022,41,Good/very good health
France,Perceived health status,65 years or over,Male,2023,43.7,Good/very good health
France,Perceived health status,65 years or over,Male,2024,45.7,Good/very good health
France,Perceived health status,65 years or over,Male,2025,44.1,Good/very good health
Germany,Perceived health status,65 years or over,Male,2015,42.9,Good/very good health
Germany,Perceived health status,65 years or over,Male,2016,42.1,Good/very good health
Germany,Perceived health status,65 years or over,Male,2017,43.6,Good/very good health
Germany,Perceived health status,65 years or over,Male,2018,43.5,Good/very good health
Germany,Perceived health status,65 years or over,Male,2019,41.4,Good/very good health
Germany,Perceived health status,65 years or over,Male,2020,41.2,Good/very good health
Germany,Perceived health status,65 years or over,Male,2021,40.3,Good/very good health
Germany,Perceived health status,65 years or over,Male,2022,39.1,Good/very good health
Germany,Perceived health status,65 years or over,Male,2023,39.9,Good/very good health
Germany,Perceived health status,65 years or over,Male,2024,38.2,Good/very good health
Germany,Perceived health status,65 years or over,Male,2025,38.4,Good/very good health
Greece,Perceived health status,65 years or over,Male,2015,42.6,Good/very good health
Greece,Perceived health status,65 years or over,Male,2016,40.4,Good/very good health
Greece,Perceived health status,65 years or over,Male,2017,38.9,Good/very good health
Greece,Perceived health status,65 years or over,Male,2018,44.2,Good/very good health
Greece,Perceived health status,65 years or over,Male,2019,51.9,Good/very good health
Greece,Perceived health status,65 years or over,Male,2020,49.2,Good/very good health
Greece,Perceived health status,65 years or over,Male,2021,49,Good/very good health
Greece,Perceived health status,65 years or over,Male,2022,44.5,Good/very good health
Greece,Perceived health status,65 years or over,Male,2023,49.2,Good/very good health
Greece,Perceived health status,65 years or over,Male,2024,49.5,Good/very good health
Greece,Perceived health status,65 years or over,Male,2025,44.5,Good/very good health
Italy,Perceived health status,65 years or over,Male,2015,32.4,Good/very good health
Italy,Perceived health status,65 years or over,Male,2016,41.2,Good/very good health
Italy,Perceived health status,65 years or over,Male,2017,46.6,Good/very good health
Italy,Perceived health status,65 years or over,Male,2018,43.7,Good/very good health
Italy,Perceived health status,65 years or over,Male,2019,44.7,Good/very good health
Italy,Perceived health status,65 years or over,Male,2021,47.9,Good/very good health
Italy,Perceived health status,65 years or over,Male,2022,45.8,Good/very good health
Italy,Perceived health status,65 years or over,Male,2023,46.5,Good/very good health
Italy,Perceived health status,65 years or over,Male,2024,46.6,Good/very good health
Italy,Perceived health status,65 years or over,Male,2025,45.6,Good/very good health
Japan,Perceived health status,65 years or over,Male,2016,26.7,Good/very good health
Japan,Perceived health status,65 years or over,Male,2019,27.5,Good/very good health
Japan,Perceived health status,65 years or over,Male,2022,27.7,Good/very good health
Korea,Perceived health status,65 years or over,Male,2016,30.2,Good/very good health
Korea,Perceived health status,65 years or over,Male,2018,28.9,Good/very good health
Korea,Perceived health status,65 years or over,Male,2020,32,Good/very good health
Korea,Perceived health status,65 years or over,Male,2022,32.5,Good/very good health
Korea,Perceived health status,65 years or over,Male,2024,36,Good/very good health
Türkiye,Perceived health status,65 years or over,Male,2015,26.3,Good/very good health
Türkiye,Perceived health status,65 years or over,Male,2016,29.6,Good/very good health
Türkiye,Perceived health status,65 years or over,Male,2017,30.8,Good/very good health
Türkiye,Perceived health status,65 years or over,Male,2018,29,Good/very good health
Türkiye,Perceived health status,65 years or over,Male,2019,29.7,Good/very good health
Türkiye,Perceived health status,65 years or over,Male,2020,31,Good/very good health
Türkiye,Perceived health status,65 years or over,Male,2021,33.7,Good/very good health
Türkiye,Perceived health status,65 years or over,Male,2022,31.6,Good/very good health
Türkiye,Perceived health status,65 years or over,Male,2023,27.3,Good/very good health
Türkiye,Perceived health status,65 years or over,Male,2024,25.8,Good/very good health
Türkiye,Perceived health status,65 years or over,Male,2025,24.2,Good/very good health
United Kingdom,Perceived health status,65 years or over,Male,2015,52.8,Good/very good health
United Kingdom,Perceived health status,65 years or over,Male,2016,53.1,Good/very good health
United Kingdom,Perceived health status,65 years or over,Male,2017,58.6,Good/very good health
United Kingdom,Perceived health status,65 years or over,Male,2018,57,Good/very good health
United Kingdom,Perceived health status,65 years or over,Male,2021,58.7,Good/very good health
United Kingdom,Perceived health status,65 years or over,Male,2022,57.8,Good/very good health
United Kingdom,Perceived health status,65 years or over,Male,2023,56.2,Good/very good health
United Kingdom,Perceived health status,65 years or over,Male,2024,57.9,Good/very good health
Denmark,Perceived health status,From 25 to 44 years,Total,2015,81.1,Good/very good health
Finland,Perceived health status,From 25 to 44 years,Total,2015,84.1,Good/very good health
France,Perceived health status,From 25 to 44 years,Total,2015,81.2,Good/very good health
Germany,Perceived health status,From 25 to 44 years,Total,2015,81,Good/very good health
Greece,Perceived health status,From 25 to 44 years,Total,2015,93.4,Good/very good health
Italy,Perceived health status,From 25 to 44 years,Total,2015,87.2,Good/very good health
Japan,Perceived health status,From 25 to 44 years,Total,2016,42.6,Good/very good health
Japan,Perceived health status,From 25 to 44 years,Total,2019,43.8,Good/very good health
Japan,Perceived health status,From 25 to 44 years,Total,2022,46.1,Good/very good health
Korea,Perceived health status,From 25 to 44 years,Total,2016,54.4,Good/very good health
Korea,Perceived health status,From 25 to 44 years,Total,2018,58.5,Good/very good health
Korea,Perceived health status,From 25 to 44 years,Total,2020,61.1,Good/very good health
Korea,Perceived health status,From 25 to 44 years,Total,2022,64.9,Good/very good health
Korea,Perceived health status,From 25 to 44 years,Total,2024,65.3,Good/very good health
Türkiye,Perceived health status,From 25 to 44 years,Total,2015,77.8,Good/very good health
Türkiye,Perceived health status,From 25 to 44 years,Total,2016,81.1,Good/very good health
Türkiye,Perceived health status,From 25 to 44 years,Total,2017,81.5,Good/very good health
Türkiye,Perceived health status,From 25 to 44 years,Total,2018,80.1,Good/very good health
Türkiye,Perceived health status,From 25 to 44 years,Total,2019,79.5,Good/very good health
Türkiye,Perceived health status,From 25 to 44 years,Total,2020,83.2,Good/very good health
Türkiye,Perceived health status,From 25 to 44 years,Total,2021,80.8,Good/very good health
Türkiye,Perceived health status,From 25 to 44 years,Total,2022,80.3,Good/very good health
Türkiye,Perceived health status,From 25 to 44 years,Total,2023,79.8,Good/very good health
Türkiye,Perceived health status,From 25 to 44 years,Total,2024,80.4,Good/very good health
Türkiye,Perceived health status,From 25 to 44 years,Total,2025,79.2,Good/very good health
United Kingdom,Perceived health status,From 25 to 44 years,Total,2015,81,Good/very good health
United Kingdom,Perceived health status,From 25 to 44 years,Total,2021,83.5,Good/very good health
United Kingdom,Perceived health status,From 25 to 44 years,Total,2022,82.2,Good/very good health
United Kingdom,Perceived health status,From 25 to 44 years,Total,2023,81.5,Good/very good health
United Kingdom,Perceived health status,From 25 to 44 years,Total,2024,80.5,Good/very good health
Denmark,Perceived health status,From 25 to 44 years,Male,2015,83,Good/very good health
Finland,Perceived health status,From 25 to 44 years,Male,2015,82.5,Good/very good health
France,Perceived health status,From 25 to 44 years,Male,2015,81.9,Good/very good health
Germany,Perceived health status,From 25 to 44 years,Male,2015,81.4,Good/very good health
Greece,Perceived health status,From 25 to 44 years,Male,2015,94,Good/very good health
Italy,Perceived health status,From 25 to 44 years,Male,2015,87.7,Good/very good health
Japan,Perceived health status,From 25 to 44 years,Male,2016,43.3,Good/very good health
Japan,Perceived health status,From 25 to 44 years,Male,2019,44.3,Good/very good health
Japan,Perceived health status,From 25 to 44 years,Male,2022,46.6,Good/very good health
Korea,Perceived health status,From 25 to 44 years,Male,2016,56.4,Good/very good health
Korea,Perceived health status,From 25 to 44 years,Male,2018,59.3,Good/very good health
Korea,Perceived health status,From 25 to 44 years,Male,2020,62.9,Good/very good health
Korea,Perceived health status,From 25 to 44 years,Male,2022,66.2,Good/very good health
Korea,Perceived health status,From 25 to 44 years,Male,2024,66.3,Good/very good health
Türkiye,Perceived health status,From 25 to 44 years,Male,2015,79.8,Good/very good health
Türkiye,Perceived health status,From 25 to 44 years,Male,2016,83.1,Good/very good health
Türkiye,Perceived health status,From 25 to 44 years,Male,2017,83.7,Good/very good health
Türkiye,Perceived health status,From 25 to 44 years,Male,2018,82.3,Good/very good health
Türkiye,Perceived health status,From 25 to 44 years,Male,2019,81.6,Good/very good health
Türkiye,Perceived health status,From 25 to 44 years,Male,2020,84.9,Good/very good health
Türkiye,Perceived health status,From 25 to 44 years,Male,2021,82.5,Good/very good health
Türkiye,Perceived health status,From 25 to 44 years,Male,2022,82.1,Good/very good health
Türkiye,Perceived health status,From 25 to 44 years,Male,2023,82.1,Good/very good health
Türkiye,Perceived health status,From 25 to 44 years,Male,2024,82.9,Good/very good health
Türkiye,Perceived health status,From 25 to 44 years,Male,2025,81.9,Good/very good health
United Kingdom,Perceived health status,From 25 to 44 years,Male,2015,81.3,Good/very good health
United Kingdom,Perceived health status,From 25 to 44 years,Male,2021,84.9,Good/very good health
United Kingdom,Perceived health status,From 25 to 44 years,Male,2022,84.2,Good/very good health
United Kingdom,Perceived health status,From 25 to 44 years,Male,2023,83.2,Good/very good health
United Kingdom,Perceived health status,From 25 to 44 years,Male,2024,80.5,Good/very good health
Denmark,Perceived health status,From 25 to 44 years,Female,2015,79.3,Good/very good health
Finland,Perceived health status,From 25 to 44 years,Female,2015,86,Good/very good health
France,Perceived health status,From 25 to 44 years,Female,2015,80.5,Good/very good health
Germany,Perceived health status,From 25 to 44 years,Female,2015,80.6,Good/very good health
Greece,Perceived health status,From 25 to 44 years,Female,2015,92.8,Good/very good health
Italy,Perceived health status,From 25 to 44 years,Female,2015,86.7,Good/very good health
Japan,Perceived health status,From 25 to 44 years,Female,2016,41.9,Good/very good health
Japan,Perceived health status,From 25 to 44 years,Female,2019,43.3,Good/very good health
Japan,Perceived health status,From 25 to 44 years,Female,2022,45.7,Good/very good health
Korea,Perceived health status,From 25 to 44 years,Female,2016,52.3,Good/very good health
Korea,Perceived health status,From 25 to 44 years,Female,2018,57.7,Good/very good health
Korea,Perceived health status,From 25 to 44 years,Female,2020,59.1,Good/very good health
Korea,Perceived health status,From 25 to 44 years,Female,2022,63.5,Good/very good health
Korea,Perceived health status,From 25 to 44 years,Female,2024,64.2,Good/very good health
Türkiye,Perceived health status,From 25 to 44 years,Female,2015,75.7,Good/very good health
Türkiye,Perceived health status,From 25 to 44 years,Female,2016,79.1,Good/very good health
Türkiye,Perceived health status,From 25 to 44 years,Female,2017,79.3,Good/very good health
Türkiye,Perceived health status,From 25 to 44 years,Female,2018,78,Good/very good health
Türkiye,Perceived health status,From 25 to 44 years,Female,2019,77.4,Good/very good health
Türkiye,Perceived health status,From 25 to 44 years,Female,2020,81.6,Good/very good health
Türkiye,Perceived health status,From 25 to 44 years,Female,2021,79.1,Good/very good health
Türkiye,Perceived health status,From 25 to 44 years,Female,2022,78.5,Good/very good health
Türkiye,Perceived health status,From 25 to 44 years,Female,2023,77.4,Good/very good health
Türkiye,Perceived health status,From 25 to 44 years,Female,2024,77.9,Good/very good health
Türkiye,Perceived health status,From 25 to 44 years,Female,2025,76.5,Good/very good health
United Kingdom,Perceived health status,From 25 to 44 years,Female,2015,80.7,Good/very good health
United Kingdom,Perceived health status,From 25 to 44 years,Female,2021,82.1,Good/very good health
United Kingdom,Perceived health status,From 25 to 44 years,Female,2022,80.3,Good/very good health
United Kingdom,Perceived health status,From 25 to 44 years,Female,2023,83.2,Good/very good health
United Kingdom,Perceived health status,From 25 to 44 years,Female,2024,82.5,Good/very good health
Denmark,Perceived health status,15 years or over,Male,2015,73.1,Good/very good health
Denmark,Perceived health status,15 years or over,Male,2016,72.4,Good/very good health
Denmark,Perceived health status,15 years or over,Male,2017,73.1,Good/very good health
Denmark,Perceived health status,15 years or over,Male,2018,74.4,Good/very good health
Denmark,Perceived health status,15 years or over,Male,2019,72,Good/very good health
Denmark,Perceived health status,15 years or over,Male,2020,72.7,Good/very good health
Denmark,Perceived health status,15 years or over,Male,2021,70,Good/very good health
Denmark,Perceived health status,15 years or over,Male,2022,66.9,Good/very good health
Denmark,Perceived health status,15 years or over,Male,2023,66.6,Good/very good health
Denmark,Perceived health status,15 years or over,Male,2024,69.1,Good/very good health
Denmark,Perceived health status,15 years or over,Male,2025,69,Good/very good health
Finland,Perceived health status,15 years or over,Male,2015,70.3,Good/very good health
Finland,Perceived health status,15 years or over,Male,2016,71.7,Good/very good health
Finland,Perceived health status,15 years or over,Male,2017,71.7,Good/very good health
Finland,Perceived health status,15 years or over,Male,2018,70.5,Good/very good health
Finland,Perceived health status,15 years or over,Male,2019,69,Good/very good health
Finland,Perceived health status,15 years or over,Male,2020,70.6,Good/very good health
Finland,Perceived health status,15 years or over,Male,2021,72,Good/very good health
Finland,Perceived health status,15 years or over,Male,2022,65.9,Good/very good health
Finland,Perceived health status,15 years or over,Male,2023,67.7,Good/very good health
Finland,Perceived health status,15 years or over,Male,2024,67,Good/very good health
Finland,Perceived health status,15 years or over,Male,2025,67.9,Good/very good health
France,Perceived health status,15 years or over,Male,2015,70.2,Good/very good health
France,Perceived health status,15 years or over,Male,2016,68.3,Good/very good health
France,Perceived health status,15 years or over,Male,2017,69.2,Good/very good health
France,Perceived health status,15 years or over,Male,2018,69.7,Good/very good health
France,Perceived health status,15 years or over,Male,2019,68.5,Good/very good health
France,Perceived health status,15 years or over,Male,2020,70,Good/very good health
France,Perceived health status,15 years or over,Male,2021,69.9,Good/very good health
France,Perceived health status,15 years or over,Male,2022,67.3,Good/very good health
France,Perceived health status,15 years or over,Male,2023,67.4,Good/very good health
France,Perceived health status,15 years or over,Male,2024,69,Good/very good health
France,Perceived health status,15 years or over,Male,2025,67.6,Good/very good health
Germany,Perceived health status,15 years or over,Male,2015,66,Good/very good health
Germany,Perceived health status,15 years or over,Male,2016,66.8,Good/very good health
Germany,Perceived health status,15 years or over,Male,2017,67.1,Good/very good health
Germany,Perceived health status,15 years or over,Male,2018,66.7,Good/very good health
Germany,Perceived health status,15 years or over,Male,2019,66.4,Good/very good health
Germany,Perceived health status,15 years or over,Male,2020,65.3,Good/very good health
Germany,Perceived health status,15 years or over,Male,2021,65,Good/very good health
Germany,Perceived health status,15 years or over,Male,2022,65.8,Good/very good health
Germany,Perceived health status,15 years or over,Male,2023,67.6,Good/very good health
Germany,Perceived health status,15 years or over,Male,2024,66.5,Good/very good health
Germany,Perceived health status,15 years or over,Male,2025,67.1,Good/very good health
Greece,Perceived health status,15 years or over,Male,2015,77.2,Good/very good health
Greece,Perceived health status,15 years or over,Male,2016,76.6,Good/very good health
Greece,Perceived health status,15 years or over,Male,2017,76.8,Good/very good health
Greece,Perceived health status,15 years or over,Male,2018,78.4,Good/very good health
Greece,Perceived health status,15 years or over,Male,2019,81.2,Good/very good health
Greece,Perceived health status,15 years or over,Male,2020,80,Good/very good health
Greece,Perceived health status,15 years or over,Male,2021,80,Good/very good health
Greece,Perceived health status,15 years or over,Male,2022,79.2,Good/very good health
Greece,Perceived health status,15 years or over,Male,2023,80.4,Good/very good health
Greece,Perceived health status,15 years or over,Male,2024,81,Good/very good health
Greece,Perceived health status,15 years or over,Male,2025,80.9,Good/very good health
Italy,Perceived health status,15 years or over,Male,2015,68.9,Good/very good health
Italy,Perceived health status,15 years or over,Male,2016,74.3,Good/very good health
Italy,Perceived health status,15 years or over,Male,2017,80.1,Good/very good health
Italy,Perceived health status,15 years or over,Male,2018,76.3,Good/very good health
Italy,Perceived health status,15 years or over,Male,2019,76,Good/very good health
Italy,Perceived health status,15 years or over,Male,2021,76.2,Good/very good health
Italy,Perceived health status,15 years or over,Male,2022,75.3,Good/very good health
Italy,Perceived health status,15 years or over,Male,2023,76.3,Good/very good health
Italy,Perceived health status,15 years or over,Male,2024,78.1,Good/very good health
Italy,Perceived health status,15 years or over,Male,2025,76.1,Good/very good health
Japan,Perceived health status,15 years or over,Male,2016,37,Good/very good health
Japan,Perceived health status,15 years or over,Male,2019,38,Good/very good health
Japan,Perceived health status,15 years or over,Male,2022,38.4,Good/very good health
Korea,Perceived health status,15 years or over,Male,2016,50.4,Good/very good health
Korea,Perceived health status,15 years or over,Male,2018,51.3,Good/very good health
Korea,Perceived health status,15 years or over,Male,2020,54,Good/very good health
Korea,Perceived health status,15 years or over,Male,2022,55.7,Good/very good health
Korea,Perceived health status,15 years or over,Male,2024,56.5,Good/very good health
Türkiye,Perceived health status,15 years or over,Male,2015,71,Good/very good health
Türkiye,Perceived health status,15 years or over,Male,2016,73.9,Good/very good health
Türkiye,Perceived health status,15 years or over,Male,2017,73.5,Good/very good health
Türkiye,Perceived health status,15 years or over,Male,2018,72.1,Good/very good health
Türkiye,Perceived health status,15 years or over,Male,2019,71.7,Good/very good health
Türkiye,Perceived health status,15 years or over,Male,2020,73.7,Good/very good health
Türkiye,Perceived health status,15 years or over,Male,2021,72.3,Good/very good health
Türkiye,Perceived health status,15 years or over,Male,2022,71.4,Good/very good health
Türkiye,Perceived health status,15 years or over,Male,2023,69.6,Good/very good health
Türkiye,Perceived health status,15 years or over,Male,2024,69.1,Good/very good health
Türkiye,Perceived health status,15 years or over,Male,2025,67.8,Good/very good health
United Kingdom,Perceived health status,15 years or over,Male,2015,69.8,Good/very good health
United Kingdom,Perceived health status,15 years or over,Male,2016,69,Good/very good health
United Kingdom,Perceived health status,15 years or over,Male,2017,76.3,Good/very good health
United Kingdom,Perceived health status,15 years or over,Male,2018,74,Good/very good health
United Kingdom,Perceived health status,15 years or over,Male,2021,76.6,Good/very good health
United Kingdom,Perceived health status,15 years or over,Male,2022,75.8,Good/very good health
United Kingdom,Perceived health status,15 years or over,Male,2023,74.9,Good/very good health
United Kingdom,Perceived health status,15 years or over,Male,2024,72.7,Good/very good health
Denmark,Perceived health status,15 years or over,Total,2015,71.6,Good/very good health
Denmark,Perceived health status,15 years or over,Total,2016,71.3,Good/very good health
Denmark,Perceived health status,15 years or over,Total,2017,71.2,Good/very good health
Denmark,Perceived health status,15 years or over,Total,2018,71.1,Good/very good health
Denmark,Perceived health status,15 years or over,Total,2019,69.6,Good/very good health
Denmark,Perceived health status,15 years or over,Total,2020,71.2,Good/very good health
Denmark,Perceived health status,15 years or over,Total,2021,68.6,Good/very good health
Denmark,Perceived health status,15 years or over,Total,2022,64.8,Good/very good health
Denmark,Perceived health status,15 years or over,Total,2023,64.4,Good/very good health
Denmark,Perceived health status,15 years or over,Total,2024,68.1,Good/very good health
Denmark,Perceived health status,15 years or over,Total,2025,68.8,Good/very good health
Finland,Perceived health status,15 years or over,Total,2015,69.8,Good/very good health
Finland,Perceived health status,15 years or over,Total,2016,70.2,Good/very good health
Finland,Perceived health status,15 years or over,Total,2017,70.1,Good/very good health
Finland,Perceived health status,15 years or over,Total,2018,68.8,Good/very good health
Finland,Perceived health status,15 years or over,Total,2019,68.4,Good/very good health
Finland,Perceived health status,15 years or over,Total,2020,69.9,Good/very good health
Finland,Perceived health status,15 years or over,Total,2021,70.1,Good/very good health
Finland,Perceived health status,15 years or over,Total,2022,64.3,Good/very good health
Finland,Perceived health status,15 years or over,Total,2023,66.1,Good/very good health
Finland,Perceived health status,15 years or over,Total,2024,66.5,Good/very good health
Finland,Perceived health status,15 years or over,Total,2025,67.1,Good/very good health
France,Perceived health status,15 years or over,Total,2015,67.8,Good/very good health
France,Perceived health status,15 years or over,Total,2016,66.3,Good/very good health
France,Perceived health status,15 years or over,Total,2017,67.4,Good/very good health
France,Perceived health status,15 years or over,Total,2018,67.5,Good/very good health
France,Perceived health status,15 years or over,Total,2019,66.6,Good/very good health
France,Perceived health status,15 years or over,Total,2020,68.3,Good/very good health
France,Perceived health status,15 years or over,Total,2021,67.8,Good/very good health
France,Perceived health status,15 years or over,Total,2022,65.1,Good/very good health
France,Perceived health status,15 years or over,Total,2023,64.8,Good/very good health
France,Perceived health status,15 years or over,Total,2024,66.2,Good/very good health
France,Perceived health status,15 years or over,Total,2025,64.8,Good/very good health
Germany,Perceived health status,15 years or over,Total,2015,64.5,Good/very good health
Germany,Perceived health status,15 years or over,Total,2016,65.2,Good/very good health
Germany,Perceived health status,15 years or over,Total,2017,65.4,Good/very good health
Germany,Perceived health status,15 years or over,Total,2018,65.5,Good/very good health
Germany,Perceived health status,15 years or over,Total,2019,65.5,Good/very good health
Germany,Perceived health status,15 years or over,Total,2020,63.8,Good/very good health
Germany,Perceived health status,15 years or over,Total,2021,63,Good/very good health
Germany,Perceived health status,15 years or over,Total,2022,64.1,Good/very good health
Germany,Perceived health status,15 years or over,Total,2023,65.5,Good/very good health
Germany,Perceived health status,15 years or over,Total,2024,64.6,Good/very good health
Germany,Perceived health status,15 years or over,Total,2025,65.4,Good/very good health
Greece,Perceived health status,15 years or over,Total,2015,74.4,Good/very good health
Greece,Perceived health status,15 years or over,Total,2016,73.9,Good/very good health
Greece,Perceived health status,15 years or over,Total,2017,74,Good/very good health
Greece,Perceived health status,15 years or over,Total,2018,76.2,Good/very good health
Greece,Perceived health status,15 years or over,Total,2019,79.1,Good/very good health
Greece,Perceived health status,15 years or over,Total,2020,78.4,Good/very good health
Greece,Perceived health status,15 years or over,Total,2021,78.2,Good/very good health
Greece,Perceived health status,15 years or over,Total,2022,77.1,Good/very good health
Greece,Perceived health status,15 years or over,Total,2023,78.2,Good/very good health
Greece,Perceived health status,15 years or over,Total,2024,78.2,Good/very good health
Greece,Perceived health status,15 years or over,Total,2025,78.3,Good/very good health
Italy,Perceived health status,15 years or over,Total,2015,65.6,Good/very good health
Italy,Perceived health status,15 years or over,Total,2016,70.9,Good/very good health
Italy,Perceived health status,15 years or over,Total,2017,77,Good/very good health
Italy,Perceived health status,15 years or over,Total,2018,73.3,Good/very good health
Italy,Perceived health status,15 years or over,Total,2019,72.8,Good/very good health
Italy,Perceived health status,15 years or over,Total,2021,73.5,Good/very good health
Italy,Perceived health status,15 years or over,Total,2022,72.9,Good/very good health
Italy,Perceived health status,15 years or over,Total,2023,73.8,Good/very good health
Italy,Perceived health status,15 years or over,Total,2024,75.4,Good/very good health
Italy,Perceived health status,15 years or over,Total,2025,73.6,Good/very good health
Japan,Perceived health status,15 years or over,Total,2016,35.5,Good/very good health
Japan,Perceived health status,15 years or over,Total,2019,36.6,Good/very good health
Japan,Perceived health status,15 years or over,Total,2022,37.1,Good/very good health
Korea,Perceived health status,15 years or over,Total,2016,46.3,Good/very good health
Korea,Perceived health status,15 years or over,Total,2018,48.1,Good/very good health
Korea,Perceived health status,15 years or over,Total,2020,49.6,Good/very good health
Korea,Perceived health status,15 years or over,Total,2022,52.4,Good/very good health
Korea,Perceived health status,15 years or over,Total,2024,53.1,Good/very good health
Türkiye,Perceived health status,15 years or over,Total,2015,66.4,Good/very good health
Türkiye,Perceived health status,15 years or over,Total,2016,69.4,Good/very good health
Türkiye,Perceived health status,15 years or over,Total,2017,68.8,Good/very good health
Türkiye,Perceived health status,15 years or over,Total,2018,67.6,Good/very good health
Türkiye,Perceived health status,15 years or over,Total,2019,66.9,Good/very good health
Türkiye,Perceived health status,15 years or over,Total,2020,69.4,Good/very good health
Türkiye,Perceived health status,15 years or over,Total,2021,67.8,Good/very good health
Türkiye,Perceived health status,15 years or over,Total,2022,66.7,Good/very good health
Türkiye,Perceived health status,15 years or over,Total,2023,64.9,Good/very good health
Türkiye,Perceived health status,15 years or over,Total,2024,64.4,Good/very good health
Türkiye,Perceived health status,15 years or over,Total,2025,63.1,Good/very good health
United Kingdom,Perceived health status,15 years or over,Total,2015,69.8,Good/very good health
United Kingdom,Perceived health status,15 years or over,Total,2016,69,Good/very good health
United Kingdom,Perceived health status,15 years or over,Total,2017,74.8,Good/very good health
United Kingdom,Perceived health status,15 years or over,Total,2018,73.2,Good/very good health
United Kingdom,Perceived health status,15 years or over,Total,2021,75.3,Good/very good health
United Kingdom,Perceived health status,15 years or over,Total,2022,74,Good/very good health
United Kingdom,Perceived health status,15 years or over,Total,2023,73.4,Good/very good health
United Kingdom,Perceived health status,15 years or over,Total,2024,72.7,Good/very good health
Denmark,Perceived health status,15 years or over,Female,2015,70.1,Good/very good health
Denmark,Perceived health status,15 years or over,Female,2016,70.2,Good/very good health
Denmark,Perceived health status,15 years or over,Female,2017,69.3,Good/very good health
Denmark,Perceived health status,15 years or over,Female,2018,67.9,Good/very good health
Denmark,Perceived health status,15 years or over,Female,2019,67.3,Good/very good health
Denmark,Perceived health status,15 years or over,Female,2020,69.8,Good/very good health
Denmark,Perceived health status,15 years or over,Female,2021,67.1,Good/very good health
Denmark,Perceived health status,15 years or over,Female,2022,62.7,Good/very good health
Denmark,Perceived health status,15 years or over,Female,2023,62.4,Good/very good health
Denmark,Perceived health status,15 years or over,Female,2024,67.1,Good/very good health
Denmark,Perceived health status,15 years or over,Female,2025,68.5,Good/very good health
Finland,Perceived health status,15 years or over,Female,2015,69.3,Good/very good health
Finland,Perceived health status,15 years or over,Female,2016,68.7,Good/very good health
Finland,Perceived health status,15 years or over,Female,2017,68.5,Good/very good health
Finland,Perceived health status,15 years or over,Female,2018,67.1,Good/very good health
Finland,Perceived health status,15 years or over,Female,2019,67.9,Good/very good health
Finland,Perceived health status,15 years or over,Female,2020,69.2,Good/very good health
Finland,Perceived health status,15 years or over,Female,2021,68.3,Good/very good health
Finland,Perceived health status,15 years or over,Female,2022,62.7,Good/very good health
Finland,Perceived health status,15 years or over,Female,2023,64.5,Good/very good health
Finland,Perceived health status,15 years or over,Female,2024,65.9,Good/very good health
Finland,Perceived health status,15 years or over,Female,2025,66.3,Good/very good health
France,Perceived health status,15 years or over,Female,2015,65.6,Good/very good health
France,Perceived health status,15 years or over,Female,2016,64.5,Good/very good health
France,Perceived health status,15 years or over,Female,2017,65.7,Good/very good health
France,Perceived health status,15 years or over,Female,2018,65.5,Good/very good health
France,Perceived health status,15 years or over,Female,2019,64.9,Good/very good health
France,Perceived health status,15 years or over,Female,2020,66.8,Good/very good health
France,Perceived health status,15 years or over,Female,2021,65.9,Good/very good health
France,Perceived health status,15 years or over,Female,2022,63.2,Good/very good health
France,Perceived health status,15 years or over,Female,2023,62.5,Good/very good health
France,Perceived health status,15 years or over,Female,2024,63.6,Good/very good health
France,Perceived health status,15 years or over,Female,2025,62.2,Good/very good health
Germany,Perceived health status,15 years or over,Female,2015,63.1,Good/very good health
Germany,Perceived health status,15 years or over,Female,2016,63.5,Good/very good health
Germany,Perceived health status,15 years or over,Female,2017,63.8,Good/very good health
Germany,Perceived health status,15 years or over,Female,2018,64.3,Good/very good health
Germany,Perceived health status,15 years or over,Female,2019,64.6,Good/very good health
Germany,Perceived health status,15 years or over,Female,2020,62.4,Good/very good health
Germany,Perceived health status,15 years or over,Female,2021,61,Good/very good health
Germany,Perceived health status,15 years or over,Female,2022,62.5,Good/very good health
Germany,Perceived health status,15 years or over,Female,2023,63.5,Good/very good health
Germany,Perceived health status,15 years or over,Female,2024,62.9,Good/very good health
Germany,Perceived health status,15 years or over,Female,2025,63.7,Good/very good health
Greece,Perceived health status,15 years or over,Female,2015,71.8,Good/very good health
Greece,Perceived health status,15 years or over,Female,2016,71.4,Good/very good health
Greece,Perceived health status,15 years or over,Female,2017,71.4,Good/very good health
Greece,Perceived health status,15 years or over,Female,2018,74.2,Good/very good health
Greece,Perceived health status,15 years or over,Female,2019,77.2,Good/very good health
Greece,Perceived health status,15 years or over,Female,2020,76.9,Good/very good health
Greece,Perceived health status,15 years or over,Female,2021,76.4,Good/very good health
Greece,Perceived health status,15 years or over,Female,2022,75.1,Good/very good health
Greece,Perceived health status,15 years or over,Female,2023,76,Good/very good health
Greece,Perceived health status,15 years or over,Female,2024,75.5,Good/very good health
Greece,Perceived health status,15 years or over,Female,2025,75.9,Good/very good health
Italy,Perceived health status,15 years or over,Female,2015,62.6,Good/very good health
Italy,Perceived health status,15 years or over,Female,2016,67.7,Good/very good health
Italy,Perceived health status,15 years or over,Female,2017,74.1,Good/very good health
Italy,Perceived health status,15 years or over,Female,2018,70.5,Good/very good health
Italy,Perceived health status,15 years or over,Female,2019,69.9,Good/very good health
Italy,Perceived health status,15 years or over,Female,2021,71,Good/very good health
Italy,Perceived health status,15 years or over,Female,2022,70.6,Good/very good health
Italy,Perceived health status,15 years or over,Female,2023,71.5,Good/very good health
Italy,Perceived health status,15 years or over,Female,2024,73,Good/very good health
Italy,Perceived health status,15 years or over,Female,2025,71.3,Good/very good health
Japan,Perceived health status,15 years or over,Female,2016,34.1,Good/very good health
Japan,Perceived health status,15 years or over,Female,2019,35.3,Good/very good health
Japan,Perceived health status,15 years or over,Female,2022,36,Good/very good health
Korea,Perceived health status,15 years or over,Female,2016,42.3,Good/very good health
Korea,Perceived health status,15 years or over,Female,2018,44.9,Good/very good health
Korea,Perceived health status,15 years or over,Female,2020,45.3,Good/very good health
Korea,Perceived health status,15 years or over,Female,2022,49.2,Good/very good health
Korea,Perceived health status,15 years or over,Female,2024,49.7,Good/very good health
Türkiye,Perceived health status,15 years or over,Female,2015,61.9,Good/very good health
Türkiye,Perceived health status,15 years or over,Female,2016,65,Good/very good health
Türkiye,Perceived health status,15 years or over,Female,2017,64.1,Good/very good health
Türkiye,Perceived health status,15 years or over,Female,2018,63.2,Good/very good health
Türkiye,Perceived health status,15 years or over,Female,2019,62.2,Good/very good health
Türkiye,Perceived health status,15 years or over,Female,2020,65.1,Good/very good health
Türkiye,Perceived health status,15 years or over,Female,2021,63.4,Good/very good health
Türkiye,Perceived health status,15 years or over,Female,2022,62.2,Good/very good health
Türkiye,Perceived health status,15 years or over,Female,2023,60.3,Good/very good health
Türkiye,Perceived health status,15 years or over,Female,2024,59.8,Good/very good health
Türkiye,Perceived health status,15 years or over,Female,2025,58.5,Good/very good health
United Kingdom,Perceived health status,15 years or over,Female,2015,69.8,Good/very good health
United Kingdom,Perceived health status,15 years or over,Female,2016,68.9,Good/very good health
United Kingdom,Perceived health status,15 years or over,Female,2017,73.4,Good/very good health
United Kingdom,Perceived health status,15 years or over,Female,2018,72.4,Good/very good health
United Kingdom,Perceived health status,15 years or over,Female,2021,75.3,Good/very good health
United Kingdom,Perceived health status,15 years or over,Female,2022,72,Good/very good health
United Kingdom,Perceived health status,15 years or over,Female,2023,73.4,Good/very good health
United Kingdom,Perceived health status,15 years or over,Female,2024,74.4,Good/very good health
Denmark,Perceived health status,15 years or over,Male,2015,20.6,"Fair (not good, not bad) health"
Denmark,Perceived health status,15 years or over,Male,2016,20.5,"Fair (not good, not bad) health"
Denmark,Perceived health status,15 years or over,Male,2017,19.7,"Fair (not good, not bad) health"
Denmark,Perceived health status,15 years or over,Male,2018,19.4,"Fair (not good, not bad) health"
Denmark,Perceived health status,15 years or over,Male,2019,20.7,"Fair (not good, not bad) health"
Denmark,Perceived health status,15 years or over,Male,2020,20.8,"Fair (not good, not bad) health"
Denmark,Perceived health status,15 years or over,Male,2021,23.1,"Fair (not good, not bad) health"
Denmark,Perceived health status,15 years or over,Male,2022,25.3,"Fair (not good, not bad) health"
Denmark,Perceived health status,15 years or over,Male,2023,24.7,"Fair (not good, not bad) health"
Denmark,Perceived health status,15 years or over,Male,2024,23.8,"Fair (not good, not bad) health"
Denmark,Perceived health status,15 years or over,Male,2025,23.6,"Fair (not good, not bad) health"
Finland,Perceived health status,15 years or over,Male,2015,24.1,"Fair (not good, not bad) health"
Finland,Perceived health status,15 years or over,Male,2016,22.8,"Fair (not good, not bad) health"
Finland,Perceived health status,15 years or over,Male,2017,23,"Fair (not good, not bad) health"
Finland,Perceived health status,15 years or over,Male,2018,23.9,"Fair (not good, not bad) health"
Finland,Perceived health status,15 years or over,Male,2019,25.6,"Fair (not good, not bad) health"
Finland,Perceived health status,15 years or over,Male,2020,24.5,"Fair (not good, not bad) health"
Finland,Perceived health status,15 years or over,Male,2021,22,"Fair (not good, not bad) health"
Finland,Perceived health status,15 years or over,Male,2022,27.7,"Fair (not good, not bad) health"
Finland,Perceived health status,15 years or over,Male,2023,26.4,"Fair (not good, not bad) health"
Finland,Perceived health status,15 years or over,Male,2024,27.3,"Fair (not good, not bad) health"
Finland,Perceived health status,15 years or over,Male,2025,26.1,"Fair (not good, not bad) health"
France,Perceived health status,15 years or over,Male,2015,22.7,"Fair (not good, not bad) health"
France,Perceived health status,15 years or over,Male,2016,24.5,"Fair (not good, not bad) health"
France,Perceived health status,15 years or over,Male,2017,23.1,"Fair (not good, not bad) health"
France,Perceived health status,15 years or over,Male,2018,22.4,"Fair (not good, not bad) health"
France,Perceived health status,15 years or over,Male,2019,23.1,"Fair (not good, not bad) health"
France,Perceived health status,15 years or over,Male,2020,21.2,"Fair (not good, not bad) health"
France,Perceived health status,15 years or over,Male,2021,21.9,"Fair (not good, not bad) health"
France,Perceived health status,15 years or over,Male,2022,23.7,"Fair (not good, not bad) health"
France,Perceived health status,15 years or over,Male,2023,22.6,"Fair (not good, not bad) health"
France,Perceived health status,15 years or over,Male,2024,22.1,"Fair (not good, not bad) health"
France,Perceived health status,15 years or over,Male,2025,23.3,"Fair (not good, not bad) health"
Germany,Perceived health status,15 years or over,Male,2015,25.5,"Fair (not good, not bad) health"
Germany,Perceived health status,15 years or over,Male,2016,25.2,"Fair (not good, not bad) health"
Germany,Perceived health status,15 years or over,Male,2017,24.7,"Fair (not good, not bad) health"
Germany,Perceived health status,15 years or over,Male,2018,25.3,"Fair (not good, not bad) health"
Germany,Perceived health status,15 years or over,Male,2019,25.3,"Fair (not good, not bad) health"
Germany,Perceived health status,15 years or over,Male,2020,22.7,"Fair (not good, not bad) health"
Germany,Perceived health status,15 years or over,Male,2021,23.2,"Fair (not good, not bad) health"
Germany,Perceived health status,15 years or over,Male,2022,23,"Fair (not good, not bad) health"
Germany,Perceived health status,15 years or over,Male,2023,22.7,"Fair (not good, not bad) health"
Germany,Perceived health status,15 years or over,Male,2024,23.3,"Fair (not good, not bad) health"
Germany,Perceived health status,15 years or over,Male,2025,22.7,"Fair (not good, not bad) health"
Greece,Perceived health status,15 years or over,Male,2015,13.8,"Fair (not good, not bad) health"
Greece,Perceived health status,15 years or over,Male,2016,14.2,"Fair (not good, not bad) health"
Greece,Perceived health status,15 years or over,Male,2017,14,"Fair (not good, not bad) health"
Greece,Perceived health status,15 years or over,Male,2018,13.4,"Fair (not good, not bad) health"
Greece,Perceived health status,15 years or over,Male,2019,12.8,"Fair (not good, not bad) health"
Greece,Perceived health status,15 years or over,Male,2020,13.9,"Fair (not good, not bad) health"
Greece,Perceived health status,15 years or over,Male,2021,13.8,"Fair (not good, not bad) health"
Greece,Perceived health status,15 years or over,Male,2022,14.3,"Fair (not good, not bad) health"
Greece,Perceived health status,15 years or over,Male,2023,13.6,"Fair (not good, not bad) health"
Greece,Perceived health status,15 years or over,Male,2024,13,"Fair (not good, not bad) health"
Greece,Perceived health status,15 years or over,Male,2025,12.8,"Fair (not good, not bad) health"
Italy,Perceived health status,15 years or over,Male,2015,20.6,"Fair (not good, not bad) health"
Italy,Perceived health status,15 years or over,Male,2016,19.5,"Fair (not good, not bad) health"
Italy,Perceived health status,15 years or over,Male,2017,15.3,"Fair (not good, not bad) health"
Italy,Perceived health status,15 years or over,Male,2018,18.1,"Fair (not good, not bad) health"
Italy,Perceived health status,15 years or over,Male,2019,18.3,"Fair (not good, not bad) health"
Italy,Perceived health status,15 years or over,Male,2021,16.7,"Fair (not good, not bad) health"
Italy,Perceived health status,15 years or over,Male,2022,19.3,"Fair (not good, not bad) health"
Italy,Perceived health status,15 years or over,Male,2023,18.5,"Fair (not good, not bad) health"
Italy,Perceived health status,15 years or over,Male,2024,17.1,"Fair (not good, not bad) health"
Italy,Perceived health status,15 years or over,Male,2025,18,"Fair (not good, not bad) health"
Japan,Perceived health status,15 years or over,Male,2016,48.9,"Fair (not good, not bad) health"
Japan,Perceived health status,15 years or over,Male,2019,48.4,"Fair (not good, not bad) health"
Japan,Perceived health status,15 years or over,Male,2022,47.7,"Fair (not good, not bad) health"
Korea,Perceived health status,15 years or over,Male,2016,37.2,"Fair (not good, not bad) health"
Korea,Perceived health status,15 years or over,Male,2018,36.3,"Fair (not good, not bad) health"
Korea,Perceived health status,15 years or over,Male,2020,34.6,"Fair (not good, not bad) health"
Korea,Perceived health status,15 years or over,Male,2022,34,"Fair (not good, not bad) health"
Korea,Perceived health status,15 years or over,Male,2024,34.2,"Fair (not good, not bad) health"
Türkiye,Perceived health status,15 years or over,Male,2015,19.3,"Fair (not good, not bad) health"
Türkiye,Perceived health status,15 years or over,Male,2016,18.7,"Fair (not good, not bad) health"
Türkiye,Perceived health status,15 years or over,Male,2017,18.8,"Fair (not good, not bad) health"
Türkiye,Perceived health status,15 years or over,Male,2018,19.8,"Fair (not good, not bad) health"
Türkiye,Perceived health status,15 years or over,Male,2019,20,"Fair (not good, not bad) health"
Türkiye,Perceived health status,15 years or over,Male,2020,19.1,"Fair (not good, not bad) health"
Türkiye,Perceived health status,15 years or over,Male,2021,20.8,"Fair (not good, not bad) health"
Türkiye,Perceived health status,15 years or over,Male,2022,21.8,"Fair (not good, not bad) health"
Türkiye,Perceived health status,15 years or over,Male,2023,23.5,"Fair (not good, not bad) health"
Türkiye,Perceived health status,15 years or over,Male,2024,24.5,"Fair (not good, not bad) health"
Türkiye,Perceived health status,15 years or over,Male,2025,26,"Fair (not good, not bad) health"
United Kingdom,Perceived health status,15 years or over,Male,2015,21.7,"Fair (not good, not bad) health"
United Kingdom,Perceived health status,15 years or over,Male,2016,22.5,"Fair (not good, not bad) health"
United Kingdom,Perceived health status,15 years or over,Male,2017,17.3,"Fair (not good, not bad) health"
United Kingdom,Perceived health status,15 years or over,Male,2018,19,"Fair (not good, not bad) health"
United Kingdom,Perceived health status,15 years or over,Male,2021,16.7,"Fair (not good, not bad) health"
United Kingdom,Perceived health status,15 years or over,Male,2022,17.1,"Fair (not good, not bad) health"
United Kingdom,Perceived health status,15 years or over,Male,2023,17.6,"Fair (not good, not bad) health"
United Kingdom,Perceived health status,15 years or over,Male,2024,18,"Fair (not good, not bad) health"
Denmark,Perceived health status,15 years or over,Total,2015,20.8,"Fair (not good, not bad) health"
Denmark,Perceived health status,15 years or over,Total,2016,21.1,"Fair (not good, not bad) health"
Denmark,Perceived health status,15 years or over,Total,2017,21,"Fair (not good, not bad) health"
Denmark,Perceived health status,15 years or over,Total,2018,21.4,"Fair (not good, not bad) health"
Denmark,Perceived health status,15 years or over,Total,2019,22.1,"Fair (not good, not bad) health"
Denmark,Perceived health status,15 years or over,Total,2020,21.3,"Fair (not good, not bad) health"
Denmark,Perceived health status,15 years or over,Total,2021,23.8,"Fair (not good, not bad) health"
Denmark,Perceived health status,15 years or over,Total,2022,27.2,"Fair (not good, not bad) health"
Denmark,Perceived health status,15 years or over,Total,2023,26,"Fair (not good, not bad) health"
Denmark,Perceived health status,15 years or over,Total,2024,24.2,"Fair (not good, not bad) health"
Denmark,Perceived health status,15 years or over,Total,2025,23.2,"Fair (not good, not bad) health"
Finland,Perceived health status,15 years or over,Total,2015,24.4,"Fair (not good, not bad) health"
Finland,Perceived health status,15 years or over,Total,2016,23.9,"Fair (not good, not bad) health"
Finland,Perceived health status,15 years or over,Total,2017,24.4,"Fair (not good, not bad) health"
Finland,Perceived health status,15 years or over,Total,2018,25.5,"Fair (not good, not bad) health"
Finland,Perceived health status,15 years or over,Total,2019,26,"Fair (not good, not bad) health"
Finland,Perceived health status,15 years or over,Total,2020,24.5,"Fair (not good, not bad) health"
Finland,Perceived health status,15 years or over,Total,2021,23.8,"Fair (not good, not bad) health"
Finland,Perceived health status,15 years or over,Total,2022,28.6,"Fair (not good, not bad) health"
Finland,Perceived health status,15 years or over,Total,2023,27.7,"Fair (not good, not bad) health"
Finland,Perceived health status,15 years or over,Total,2024,27.4,"Fair (not good, not bad) health"
Finland,Perceived health status,15 years or over,Total,2025,26.7,"Fair (not good, not bad) health"
France,Perceived health status,15 years or over,Total,2015,24.4,"Fair (not good, not bad) health"
France,Perceived health status,15 years or over,Total,2016,25.6,"Fair (not good, not bad) health"
France,Perceived health status,15 years or over,Total,2017,24.3,"Fair (not good, not bad) health"
France,Perceived health status,15 years or over,Total,2018,24.1,"Fair (not good, not bad) health"
France,Perceived health status,15 years or over,Total,2019,24.5,"Fair (not good, not bad) health"
France,Perceived health status,15 years or over,Total,2020,22.6,"Fair (not good, not bad) health"
France,Perceived health status,15 years or over,Total,2021,23.3,"Fair (not good, not bad) health"
France,Perceived health status,15 years or over,Total,2022,24.9,"Fair (not good, not bad) health"
France,Perceived health status,15 years or over,Total,2023,24.4,"Fair (not good, not bad) health"
France,Perceived health status,15 years or over,Total,2024,24.1,"Fair (not good, not bad) health"
France,Perceived health status,15 years or over,Total,2025,25,"Fair (not good, not bad) health"
Germany,Perceived health status,15 years or over,Total,2015,27.1,"Fair (not good, not bad) health"
Germany,Perceived health status,15 years or over,Total,2016,26.5,"Fair (not good, not bad) health"
Germany,Perceived health status,15 years or over,Total,2017,26.1,"Fair (not good, not bad) health"
Germany,Perceived health status,15 years or over,Total,2018,26.1,"Fair (not good, not bad) health"
Germany,Perceived health status,15 years or over,Total,2019,25.9,"Fair (not good, not bad) health"
Germany,Perceived health status,15 years or over,Total,2020,23.9,"Fair (not good, not bad) health"
Germany,Perceived health status,15 years or over,Total,2021,24.6,"Fair (not good, not bad) health"
Germany,Perceived health status,15 years or over,Total,2022,24.3,"Fair (not good, not bad) health"
Germany,Perceived health status,15 years or over,Total,2023,24,"Fair (not good, not bad) health"
Germany,Perceived health status,15 years or over,Total,2024,24.5,"Fair (not good, not bad) health"
Germany,Perceived health status,15 years or over,Total,2025,23.8,"Fair (not good, not bad) health"
Greece,Perceived health status,15 years or over,Total,2015,15.6,"Fair (not good, not bad) health"
Greece,Perceived health status,15 years or over,Total,2016,15.7,"Fair (not good, not bad) health"
Greece,Perceived health status,15 years or over,Total,2017,15.6,"Fair (not good, not bad) health"
Greece,Perceived health status,15 years or over,Total,2018,14.5,"Fair (not good, not bad) health"
Greece,Perceived health status,15 years or over,Total,2019,14.2,"Fair (not good, not bad) health"
Greece,Perceived health status,15 years or over,Total,2020,14.9,"Fair (not good, not bad) health"
Greece,Perceived health status,15 years or over,Total,2021,15.4,"Fair (not good, not bad) health"
Greece,Perceived health status,15 years or over,Total,2022,15.5,"Fair (not good, not bad) health"
Greece,Perceived health status,15 years or over,Total,2023,15,"Fair (not good, not bad) health"
Greece,Perceived health status,15 years or over,Total,2024,14.9,"Fair (not good, not bad) health"
Greece,Perceived health status,15 years or over,Total,2025,14.6,"Fair (not good, not bad) health"
Italy,Perceived health status,15 years or over,Total,2015,22,"Fair (not good, not bad) health"
Italy,Perceived health status,15 years or over,Total,2016,21.4,"Fair (not good, not bad) health"
Italy,Perceived health status,15 years or over,Total,2017,17.2,"Fair (not good, not bad) health"
Italy,Perceived health status,15 years or over,Total,2018,19.9,"Fair (not good, not bad) health"
Italy,Perceived health status,15 years or over,Total,2019,20.2,"Fair (not good, not bad) health"
Italy,Perceived health status,15 years or over,Total,2021,18.4,"Fair (not good, not bad) health"
Italy,Perceived health status,15 years or over,Total,2022,20.4,"Fair (not good, not bad) health"
Italy,Perceived health status,15 years or over,Total,2023,20,"Fair (not good, not bad) health"
Italy,Perceived health status,15 years or over,Total,2024,18.7,"Fair (not good, not bad) health"
Italy,Perceived health status,15 years or over,Total,2025,19.4,"Fair (not good, not bad) health"
Japan,Perceived health status,15 years or over,Total,2016,49.2,"Fair (not good, not bad) health"
Japan,Perceived health status,15 years or over,Total,2019,48.7,"Fair (not good, not bad) health"
Japan,Perceived health status,15 years or over,Total,2022,48.3,"Fair (not good, not bad) health"
Korea,Perceived health status,15 years or over,Total,2016,38.3,"Fair (not good, not bad) health"
Korea,Perceived health status,15 years or over,Total,2018,36.6,"Fair (not good, not bad) health"
Korea,Perceived health status,15 years or over,Total,2020,36.5,"Fair (not good, not bad) health"
Korea,Perceived health status,15 years or over,Total,2022,35.3,"Fair (not good, not bad) health"
Korea,Perceived health status,15 years or over,Total,2024,35.6,"Fair (not good, not bad) health"
Türkiye,Perceived health status,15 years or over,Total,2015,21.6,"Fair (not good, not bad) health"
Türkiye,Perceived health status,15 years or over,Total,2016,21.3,"Fair (not good, not bad) health"
Türkiye,Perceived health status,15 years or over,Total,2017,21.8,"Fair (not good, not bad) health"
Türkiye,Perceived health status,15 years or over,Total,2018,22.5,"Fair (not good, not bad) health"
Türkiye,Perceived health status,15 years or over,Total,2019,22.7,"Fair (not good, not bad) health"
Türkiye,Perceived health status,15 years or over,Total,2020,22.2,"Fair (not good, not bad) health"
Türkiye,Perceived health status,15 years or over,Total,2021,23.8,"Fair (not good, not bad) health"
Türkiye,Perceived health status,15 years or over,Total,2022,25,"Fair (not good, not bad) health"
Türkiye,Perceived health status,15 years or over,Total,2023,27,"Fair (not good, not bad) health"
Türkiye,Perceived health status,15 years or over,Total,2024,28.5,"Fair (not good, not bad) health"
Türkiye,Perceived health status,15 years or over,Total,2025,29.7,"Fair (not good, not bad) health"
United Kingdom,Perceived health status,15 years or over,Total,2015,21.6,"Fair (not good, not bad) health"
United Kingdom,Perceived health status,15 years or over,Total,2016,22.2,"Fair (not good, not bad) health"
United Kingdom,Perceived health status,15 years or over,Total,2017,18.1,"Fair (not good, not bad) health"
United Kingdom,Perceived health status,15 years or over,Total,2018,19.4,"Fair (not good, not bad) health"
United Kingdom,Perceived health status,15 years or over,Total,2021,17.4,"Fair (not good, not bad) health"
United Kingdom,Perceived health status,15 years or over,Total,2022,18,"Fair (not good, not bad) health"
United Kingdom,Perceived health status,15 years or over,Total,2023,18.3,"Fair (not good, not bad) health"
United Kingdom,Perceived health status,15 years or over,Total,2024,18.8,"Fair (not good, not bad) health"
Denmark,Perceived health status,15 years or over,Female,2015,21.1,"Fair (not good, not bad) health"
Denmark,Perceived health status,15 years or over,Female,2016,21.7,"Fair (not good, not bad) health"
Denmark,Perceived health status,15 years or over,Female,2017,22.2,"Fair (not good, not bad) health"
Denmark,Perceived health status,15 years or over,Female,2018,23.3,"Fair (not good, not bad) health"
Denmark,Perceived health status,15 years or over,Female,2019,23.5,"Fair (not good, not bad) health"
Denmark,Perceived health status,15 years or over,Female,2020,21.8,"Fair (not good, not bad) health"
Denmark,Perceived health status,15 years or over,Female,2021,24.5,"Fair (not good, not bad) health"
Denmark,Perceived health status,15 years or over,Female,2022,29.1,"Fair (not good, not bad) health"
Denmark,Perceived health status,15 years or over,Female,2023,27.2,"Fair (not good, not bad) health"
Denmark,Perceived health status,15 years or over,Female,2024,24.5,"Fair (not good, not bad) health"
Denmark,Perceived health status,15 years or over,Female,2025,22.7,"Fair (not good, not bad) health"
Finland,Perceived health status,15 years or over,Female,2015,24.7,"Fair (not good, not bad) health"
Finland,Perceived health status,15 years or over,Female,2016,24.9,"Fair (not good, not bad) health"
Finland,Perceived health status,15 years or over,Female,2017,25.6,"Fair (not good, not bad) health"
Finland,Perceived health status,15 years or over,Female,2018,27.1,"Fair (not good, not bad) health"
Finland,Perceived health status,15 years or over,Female,2019,26.4,"Fair (not good, not bad) health"
Finland,Perceived health status,15 years or over,Female,2020,24.5,"Fair (not good, not bad) health"
Finland,Perceived health status,15 years or over,Female,2021,25.5,"Fair (not good, not bad) health"
Finland,Perceived health status,15 years or over,Female,2022,29.5,"Fair (not good, not bad) health"
Finland,Perceived health status,15 years or over,Female,2023,28.9,"Fair (not good, not bad) health"
Finland,Perceived health status,15 years or over,Female,2024,27.5,"Fair (not good, not bad) health"
Finland,Perceived health status,15 years or over,Female,2025,27.2,"Fair (not good, not bad) health"
France,Perceived health status,15 years or over,Female,2015,26.1,"Fair (not good, not bad) health"
France,Perceived health status,15 years or over,Female,2016,26.5,"Fair (not good, not bad) health"
France,Perceived health status,15 years or over,Female,2017,25.4,"Fair (not good, not bad) health"
France,Perceived health status,15 years or over,Female,2018,25.6,"Fair (not good, not bad) health"
France,Perceived health status,15 years or over,Female,2019,25.8,"Fair (not good, not bad) health"
France,Perceived health status,15 years or over,Female,2020,23.9,"Fair (not good, not bad) health"
France,Perceived health status,15 years or over,Female,2021,24.6,"Fair (not good, not bad) health"
France,Perceived health status,15 years or over,Female,2022,25.9,"Fair (not good, not bad) health"
France,Perceived health status,15 years or over,Female,2023,26.1,"Fair (not good, not bad) health"
France,Perceived health status,15 years or over,Female,2024,25.8,"Fair (not good, not bad) health"
France,Perceived health status,15 years or over,Female,2025,26.6,"Fair (not good, not bad) health"
Germany,Perceived health status,15 years or over,Female,2015,28.7,"Fair (not good, not bad) health"
Germany,Perceived health status,15 years or over,Female,2016,27.9,"Fair (not good, not bad) health"
Germany,Perceived health status,15 years or over,Female,2017,27.5,"Fair (not good, not bad) health"
Germany,Perceived health status,15 years or over,Female,2018,26.9,"Fair (not good, not bad) health"
Germany,Perceived health status,15 years or over,Female,2019,26.6,"Fair (not good, not bad) health"
Germany,Perceived health status,15 years or over,Female,2020,25,"Fair (not good, not bad) health"
Germany,Perceived health status,15 years or over,Female,2021,26,"Fair (not good, not bad) health"
Germany,Perceived health status,15 years or over,Female,2022,25.5,"Fair (not good, not bad) health"
Germany,Perceived health status,15 years or over,Female,2023,25.2,"Fair (not good, not bad) health"
Germany,Perceived health status,15 years or over,Female,2024,25.6,"Fair (not good, not bad) health"
Germany,Perceived health status,15 years or over,Female,2025,24.9,"Fair (not good, not bad) health"
Greece,Perceived health status,15 years or over,Female,2015,17.4,"Fair (not good, not bad) health"
Greece,Perceived health status,15 years or over,Female,2016,17.1,"Fair (not good, not bad) health"
Greece,Perceived health status,15 years or over,Female,2017,17.1,"Fair (not good, not bad) health"
Greece,Perceived health status,15 years or over,Female,2018,15.6,"Fair (not good, not bad) health"
Greece,Perceived health status,15 years or over,Female,2019,15.6,"Fair (not good, not bad) health"
Greece,Perceived health status,15 years or over,Female,2020,15.8,"Fair (not good, not bad) health"
Greece,Perceived health status,15 years or over,Female,2021,16.8,"Fair (not good, not bad) health"
Greece,Perceived health status,15 years or over,Female,2022,16.6,"Fair (not good, not bad) health"
Greece,Perceived health status,15 years or over,Female,2023,16.3,"Fair (not good, not bad) health"
Greece,Perceived health status,15 years or over,Female,2024,16.6,"Fair (not good, not bad) health"
Greece,Perceived health status,15 years or over,Female,2025,16.3,"Fair (not good, not bad) health"
Italy,Perceived health status,15 years or over,Female,2015,23.3,"Fair (not good, not bad) health"
Italy,Perceived health status,15 years or over,Female,2016,23.1,"Fair (not good, not bad) health"
Italy,Perceived health status,15 years or over,Female,2017,19,"Fair (not good, not bad) health"
Italy,Perceived health status,15 years or over,Female,2018,21.6,"Fair (not good, not bad) health"
Italy,Perceived health status,15 years or over,Female,2019,21.9,"Fair (not good, not bad) health"
Italy,Perceived health status,15 years or over,Female,2021,20.1,"Fair (not good, not bad) health"
Italy,Perceived health status,15 years or over,Female,2022,21.6,"Fair (not good, not bad) health"
Italy,Perceived health status,15 years or over,Female,2023,21.5,"Fair (not good, not bad) health"
Italy,Perceived health status,15 years or over,Female,2024,20.2,"Fair (not good, not bad) health"
Italy,Perceived health status,15 years or over,Female,2025,20.7,"Fair (not good, not bad) health"
Japan,Perceived health status,15 years or over,Female,2016,49.5,"Fair (not good, not bad) health"
Japan,Perceived health status,15 years or over,Female,2019,49,"Fair (not good, not bad) health"
Japan,Perceived health status,15 years or over,Female,2022,48.7,"Fair (not good, not bad) health"
Korea,Perceived health status,15 years or over,Female,2016,39.3,"Fair (not good, not bad) health"
Korea,Perceived health status,15 years or over,Female,2018,36.9,"Fair (not good, not bad) health"
Korea,Perceived health status,15 years or over,Female,2020,38.4,"Fair (not good, not bad) health"
Korea,Perceived health status,15 years or over,Female,2022,36.6,"Fair (not good, not bad) health"
Korea,Perceived health status,15 years or over,Female,2024,36.9,"Fair (not good, not bad) health"
Türkiye,Perceived health status,15 years or over,Female,2015,23.9,"Fair (not good, not bad) health"
Türkiye,Perceived health status,15 years or over,Female,2016,23.9,"Fair (not good, not bad) health"
Türkiye,Perceived health status,15 years or over,Female,2017,24.8,"Fair (not good, not bad) health"
Türkiye,Perceived health status,15 years or over,Female,2018,25,"Fair (not good, not bad) health"
Türkiye,Perceived health status,15 years or over,Female,2019,25.3,"Fair (not good, not bad) health"
Türkiye,Perceived health status,15 years or over,Female,2020,25.1,"Fair (not good, not bad) health"
Türkiye,Perceived health status,15 years or over,Female,2021,26.7,"Fair (not good, not bad) health"
Türkiye,Perceived health status,15 years or over,Female,2022,28.2,"Fair (not good, not bad) health"
Türkiye,Perceived health status,15 years or over,Female,2023,30.5,"Fair (not good, not bad) health"
Türkiye,Perceived health status,15 years or over,Female,2024,32.4,"Fair (not good, not bad) health"
Türkiye,Perceived health status,15 years or over,Female,2025,33.3,"Fair (not good, not bad) health"
United Kingdom,Perceived health status,15 years or over,Female,2015,21.5,"Fair (not good, not bad) health"
United Kingdom,Perceived health status,15 years or over,Female,2016,21.9,"Fair (not good, not bad) health"
United Kingdom,Perceived health status,15 years or over,Female,2017,18.9,"Fair (not good, not bad) health"
United Kingdom,Perceived health status,15 years or over,Female,2018,19.7,"Fair (not good, not bad) health"
United Kingdom,Perceived health status,15 years or over,Female,2021,18.1,"Fair (not good, not bad) health"
United Kingdom,Perceived health status,15 years or over,Female,2022,18.9,"Fair (not good, not bad) health"
United Kingdom,Perceived health status,15 years or over,Female,2023,18.9,"Fair (not good, not bad) health"
United Kingdom,Perceived health status,15 years or over,Female,2024,19.5,"Fair (not good, not bad) health"
Denmark,Perceived health status,15 years or over,Female,2015,8.8,Bad/very bad health
Denmark,Perceived health status,15 years or over,Female,2016,8.1,Bad/very bad health
Denmark,Perceived health status,15 years or over,Female,2017,8.5,Bad/very bad health
Denmark,Perceived health status,15 years or over,Female,2018,8.8,Bad/very bad health
Denmark,Perceived health status,15 years or over,Female,2019,9.2,Bad/very bad health
Denmark,Perceived health status,15 years or over,Female,2020,8.5,Bad/very bad health
Denmark,Perceived health status,15 years or over,Female,2021,8.4,Bad/very bad health
Denmark,Perceived health status,15 years or over,Female,2022,8.2,Bad/very bad health
Denmark,Perceived health status,15 years or over,Female,2023,10.4,Bad/very bad health
Denmark,Perceived health status,15 years or over,Female,2024,8.3,Bad/very bad health
Denmark,Perceived health status,15 years or over,Female,2025,8.8,Bad/very bad health
Finland,Perceived health status,15 years or over,Female,2015,5.9,Bad/very bad health
Finland,Perceived health status,15 years or over,Female,2016,6.4,Bad/very bad health
Finland,Perceived health status,15 years or over,Female,2017,5.9,Bad/very bad health
Finland,Perceived health status,15 years or over,Female,2018,5.8,Bad/very bad health
Finland,Perceived health status,15 years or over,Female,2019,5.7,Bad/very bad health
Finland,Perceived health status,15 years or over,Female,2020,6.3,Bad/very bad health
Finland,Perceived health status,15 years or over,Female,2021,6.2,Bad/very bad health
Finland,Perceived health status,15 years or over,Female,2022,7.7,Bad/very bad health
Finland,Perceived health status,15 years or over,Female,2023,6.6,Bad/very bad health
Finland,Perceived health status,15 years or over,Female,2024,6.6,Bad/very bad health
Finland,Perceived health status,15 years or over,Female,2025,6.4,Bad/very bad health
France,Perceived health status,15 years or over,Female,2015,8.4,Bad/very bad health
France,Perceived health status,15 years or over,Female,2016,9,Bad/very bad health
France,Perceived health status,15 years or over,Female,2017,8.9,Bad/very bad health
France,Perceived health status,15 years or over,Female,2018,8.8,Bad/very bad health
France,Perceived health status,15 years or over,Female,2019,9.3,Bad/very bad health
France,Perceived health status,15 years or over,Female,2020,9.3,Bad/very bad health
France,Perceived health status,15 years or over,Female,2021,9.5,Bad/very bad health
France,Perceived health status,15 years or over,Female,2022,10.9,Bad/very bad health
France,Perceived health status,15 years or over,Female,2023,11.4,Bad/very bad health
France,Perceived health status,15 years or over,Female,2024,10.5,Bad/very bad health
France,Perceived health status,15 years or over,Female,2025,11.2,Bad/very bad health
Germany,Perceived health status,15 years or over,Female,2015,8.2,Bad/very bad health
Germany,Perceived health status,15 years or over,Female,2016,8.6,Bad/very bad health
Germany,Perceived health status,15 years or over,Female,2017,8.7,Bad/very bad health
Germany,Perceived health status,15 years or over,Female,2018,8.8,Bad/very bad health
Germany,Perceived health status,15 years or over,Female,2019,8.8,Bad/very bad health
Germany,Perceived health status,15 years or over,Female,2020,12.6,Bad/very bad health
Germany,Perceived health status,15 years or over,Female,2021,13,Bad/very bad health
Germany,Perceived health status,15 years or over,Female,2022,12,Bad/very bad health
Germany,Perceived health status,15 years or over,Female,2023,11.3,Bad/very bad health
Germany,Perceived health status,15 years or over,Female,2024,11.6,Bad/very bad health
Germany,Perceived health status,15 years or over,Female,2025,11.3,Bad/very bad health
Greece,Perceived health status,15 years or over,Female,2015,10.9,Bad/very bad health
Greece,Perceived health status,15 years or over,Female,2016,11.4,Bad/very bad health
Greece,Perceived health status,15 years or over,Female,2017,11.5,Bad/very bad health
Greece,Perceived health status,15 years or over,Female,2018,10.2,Bad/very bad health
Greece,Perceived health status,15 years or over,Female,2019,7.2,Bad/very bad health
Greece,Perceived health status,15 years or over,Female,2020,7.4,Bad/very bad health
Greece,Perceived health status,15 years or over,Female,2021,6.8,Bad/very bad health
Greece,Perceived health status,15 years or over,Female,2022,8.3,Bad/very bad health
Greece,Perceived health status,15 years or over,Female,2023,7.7,Bad/very bad health
Greece,Perceived health status,15 years or over,Female,2024,7.9,Bad/very bad health
Greece,Perceived health status,15 years or over,Female,2025,7.7,Bad/very bad health
Italy,Perceived health status,15 years or over,Female,2015,14.2,Bad/very bad health
Italy,Perceived health status,15 years or over,Female,2016,9.2,Bad/very bad health
Italy,Perceived health status,15 years or over,Female,2017,6.9,Bad/very bad health
Italy,Perceived health status,15 years or over,Female,2018,7.9,Bad/very bad health
Italy,Perceived health status,15 years or over,Female,2019,8.2,Bad/very bad health
Italy,Perceived health status,15 years or over,Female,2021,9,Bad/very bad health
Italy,Perceived health status,15 years or over,Female,2022,7.8,Bad/very bad health
Italy,Perceived health status,15 years or over,Female,2023,7,Bad/very bad health
Italy,Perceived health status,15 years or over,Female,2024,6.8,Bad/very bad health
Italy,Perceived health status,15 years or over,Female,2025,8.1,Bad/very bad health
Japan,Perceived health status,15 years or over,Female,2016,15.2,Bad/very bad health
Japan,Perceived health status,15 years or over,Female,2019,14.6,Bad/very bad health
Japan,Perceived health status,15 years or over,Female,2022,14.1,Bad/very bad health
Korea,Perceived health status,15 years or over,Female,2016,18.4,Bad/very bad health
Korea,Perceived health status,15 years or over,Female,2018,18.2,Bad/very bad health
Korea,Perceived health status,15 years or over,Female,2020,16.2,Bad/very bad health
Korea,Perceived health status,15 years or over,Female,2022,14.3,Bad/very bad health
Korea,Perceived health status,15 years or over,Female,2024,13.3,Bad/very bad health
Türkiye,Perceived health status,15 years or over,Female,2015,14.3,Bad/very bad health
Türkiye,Perceived health status,15 years or over,Female,2016,11.1,Bad/very bad health
Türkiye,Perceived health status,15 years or over,Female,2017,11.1,Bad/very bad health
Türkiye,Perceived health status,15 years or over,Female,2018,11.8,Bad/very bad health
Türkiye,Perceived health status,15 years or over,Female,2019,12.5,Bad/very bad health
Türkiye,Perceived health status,15 years or over,Female,2020,9.8,Bad/very bad health
Türkiye,Perceived health status,15 years or over,Female,2021,10,Bad/very bad health
Türkiye,Perceived health status,15 years or over,Female,2022,9.6,Bad/very bad health
Türkiye,Perceived health status,15 years or over,Female,2023,9.2,Bad/very bad health
Türkiye,Perceived health status,15 years or over,Female,2024,7.8,Bad/very bad health
Türkiye,Perceived health status,15 years or over,Female,2025,8.2,Bad/very bad health
United Kingdom,Perceived health status,15 years or over,Female,2015,8.8,Bad/very bad health
United Kingdom,Perceived health status,15 years or over,Female,2016,9.2,Bad/very bad health
United Kingdom,Perceived health status,15 years or over,Female,2017,7.7,Bad/very bad health
United Kingdom,Perceived health status,15 years or over,Female,2018,7.9,Bad/very bad health
United Kingdom,Perceived health status,15 years or over,Female,2021,7.9,Bad/very bad health
United Kingdom,Perceived health status,15 years or over,Female,2022,8.8,Bad/very bad health
United Kingdom,Perceived health status,15 years or over,Female,2023,9.2,Bad/very bad health
United Kingdom,Perceived health status,15 years or over,Female,2024,9.5,Bad/very bad health
Denmark,Perceived health status,15 years or over,Total,2015,7.6,Bad/very bad health
Denmark,Perceived health status,15 years or over,Total,2016,7.6,Bad/very bad health
Denmark,Perceived health status,15 years or over,Total,2017,7.9,Bad/very bad health
Denmark,Perceived health status,15 years or over,Total,2018,7.5,Bad/very bad health
Denmark,Perceived health status,15 years or over,Total,2019,8.3,Bad/very bad health
Denmark,Perceived health status,15 years or over,Total,2020,7.5,Bad/very bad health
Denmark,Perceived health status,15 years or over,Total,2021,7.7,Bad/very bad health
Denmark,Perceived health status,15 years or over,Total,2022,8,Bad/very bad health
Denmark,Perceived health status,15 years or over,Total,2023,9.6,Bad/very bad health
Denmark,Perceived health status,15 years or over,Total,2024,7.7,Bad/very bad health
Denmark,Perceived health status,15 years or over,Total,2025,8.1,Bad/very bad health
Finland,Perceived health status,15 years or over,Total,2015,5.8,Bad/very bad health
Finland,Perceived health status,15 years or over,Total,2016,6,Bad/very bad health
Finland,Perceived health status,15 years or over,Total,2017,5.6,Bad/very bad health
Finland,Perceived health status,15 years or over,Total,2018,5.7,Bad/very bad health
Finland,Perceived health status,15 years or over,Total,2019,5.6,Bad/very bad health
Finland,Perceived health status,15 years or over,Total,2020,5.6,Bad/very bad health
Finland,Perceived health status,15 years or over,Total,2021,6.2,Bad/very bad health
Finland,Perceived health status,15 years or over,Total,2022,7.1,Bad/very bad health
Finland,Perceived health status,15 years or over,Total,2023,6.2,Bad/very bad health
Finland,Perceived health status,15 years or over,Total,2024,6.1,Bad/very bad health
Finland,Perceived health status,15 years or over,Total,2025,6.2,Bad/very bad health
France,Perceived health status,15 years or over,Total,2015,7.8,Bad/very bad health
France,Perceived health status,15 years or over,Total,2016,8.1,Bad/very bad health
France,Perceived health status,15 years or over,Total,2017,8.3,Bad/very bad health
France,Perceived health status,15 years or over,Total,2018,8.4,Bad/very bad health
France,Perceived health status,15 years or over,Total,2019,8.9,Bad/very bad health
France,Perceived health status,15 years or over,Total,2020,9.1,Bad/very bad health
France,Perceived health status,15 years or over,Total,2021,8.9,Bad/very bad health
France,Perceived health status,15 years or over,Total,2022,10,Bad/very bad health
France,Perceived health status,15 years or over,Total,2023,10.7,Bad/very bad health
France,Perceived health status,15 years or over,Total,2024,9.7,Bad/very bad health
France,Perceived health status,15 years or over,Total,2025,10.2,Bad/very bad health
Germany,Perceived health status,15 years or over,Total,2015,8.3,Bad/very bad health
Germany,Perceived health status,15 years or over,Total,2016,8.3,Bad/very bad health
Germany,Perceived health status,15 years or over,Total,2017,8.4,Bad/very bad health
Germany,Perceived health status,15 years or over,Total,2018,8.4,Bad/very bad health
Germany,Perceived health status,15 years or over,Total,2019,8.5,Bad/very bad health
Germany,Perceived health status,15 years or over,Total,2020,12.3,Bad/very bad health
Germany,Perceived health status,15 years or over,Total,2021,12.4,Bad/very bad health
Germany,Perceived health status,15 years or over,Total,2022,11.6,Bad/very bad health
Germany,Perceived health status,15 years or over,Total,2023,10.5,Bad/very bad health
Germany,Perceived health status,15 years or over,Total,2024,10.9,Bad/very bad health
Germany,Perceived health status,15 years or over,Total,2025,10.8,Bad/very bad health
Greece,Perceived health status,15 years or over,Total,2015,10,Bad/very bad health
Greece,Perceived health status,15 years or over,Total,2016,10.4,Bad/very bad health
Greece,Perceived health status,15 years or over,Total,2017,10.4,Bad/very bad health
Greece,Perceived health status,15 years or over,Total,2018,9.3,Bad/very bad health
Greece,Perceived health status,15 years or over,Total,2019,6.6,Bad/very bad health
Greece,Perceived health status,15 years or over,Total,2020,6.8,Bad/very bad health
Greece,Perceived health status,15 years or over,Total,2021,6.5,Bad/very bad health
Greece,Perceived health status,15 years or over,Total,2022,7.5,Bad/very bad health
Greece,Perceived health status,15 years or over,Total,2023,6.8,Bad/very bad health
Greece,Perceived health status,15 years or over,Total,2024,7,Bad/very bad health
Greece,Perceived health status,15 years or over,Total,2025,7,Bad/very bad health
Italy,Perceived health status,15 years or over,Total,2015,12.4,Bad/very bad health
Italy,Perceived health status,15 years or over,Total,2016,7.7,Bad/very bad health
Italy,Perceived health status,15 years or over,Total,2017,5.8,Bad/very bad health
Italy,Perceived health status,15 years or over,Total,2018,6.8,Bad/very bad health
Italy,Perceived health status,15 years or over,Total,2019,7,Bad/very bad health
Italy,Perceived health status,15 years or over,Total,2021,8.1,Bad/very bad health
Italy,Perceived health status,15 years or over,Total,2022,6.7,Bad/very bad health
Italy,Perceived health status,15 years or over,Total,2023,6.1,Bad/very bad health
Italy,Perceived health status,15 years or over,Total,2024,5.9,Bad/very bad health
Italy,Perceived health status,15 years or over,Total,2025,7,Bad/very bad health
Japan,Perceived health status,15 years or over,Total,2016,14.1,Bad/very bad health
Japan,Perceived health status,15 years or over,Total,2019,13.6,Bad/very bad health
Japan,Perceived health status,15 years or over,Total,2022,13.5,Bad/very bad health
Korea,Perceived health status,15 years or over,Total,2016,15.4,Bad/very bad health
Korea,Perceived health status,15 years or over,Total,2018,15.4,Bad/very bad health
Korea,Perceived health status,15 years or over,Total,2020,13.8,Bad/very bad health
Korea,Perceived health status,15 years or over,Total,2022,12.3,Bad/very bad health
Korea,Perceived health status,15 years or over,Total,2024,11.3,Bad/very bad health
Türkiye,Perceived health status,15 years or over,Total,2015,12,Bad/very bad health
Türkiye,Perceived health status,15 years or over,Total,2016,9.3,Bad/very bad health
Türkiye,Perceived health status,15 years or over,Total,2017,9.4,Bad/very bad health
Türkiye,Perceived health status,15 years or over,Total,2018,9.9,Bad/very bad health
Türkiye,Perceived health status,15 years or over,Total,2019,10.4,Bad/very bad health
Türkiye,Perceived health status,15 years or over,Total,2020,8.5,Bad/very bad health
Türkiye,Perceived health status,15 years or over,Total,2021,8.4,Bad/very bad health
Türkiye,Perceived health status,15 years or over,Total,2022,8.3,Bad/very bad health
Türkiye,Perceived health status,15 years or over,Total,2023,8.1,Bad/very bad health
Türkiye,Perceived health status,15 years or over,Total,2024,7.1,Bad/very bad health
Türkiye,Perceived health status,15 years or over,Total,2025,7.2,Bad/very bad health
United Kingdom,Perceived health status,15 years or over,Total,2015,8.7,Bad/very bad health
United Kingdom,Perceived health status,15 years or over,Total,2016,8.9,Bad/very bad health
United Kingdom,Perceived health status,15 years or over,Total,2017,7.1,Bad/very bad health
United Kingdom,Perceived health status,15 years or over,Total,2018,7.5,Bad/very bad health
United Kingdom,Perceived health status,15 years or over,Total,2021,7.3,Bad/very bad health
United Kingdom,Perceived health status,15 years or over,Total,2022,8,Bad/very bad health
United Kingdom,Perceived health status,15 years or over,Total,2023,8.3,Bad/very bad health
United Kingdom,Perceived health status,15 years or over,Total,2024,8.6,Bad/very bad health
Denmark,Perceived health status,15 years or over,Male,2015,6.3,Bad/very bad health
Denmark,Perceived health status,15 years or over,Male,2016,7.1,Bad/very bad health
Denmark,Perceived health status,15 years or over,Male,2017,7.2,Bad/very bad health
Denmark,Perceived health status,15 years or over,Male,2018,6.2,Bad/very bad health
Denmark,Perceived health status,15 years or over,Male,2019,7.3,Bad/very bad health
Denmark,Perceived health status,15 years or over,Male,2020,6.5,Bad/very bad health
Denmark,Perceived health status,15 years or over,Male,2021,6.9,Bad/very bad health
Denmark,Perceived health status,15 years or over,Male,2022,7.8,Bad/very bad health
Denmark,Perceived health status,15 years or over,Male,2023,8.8,Bad/very bad health
Denmark,Perceived health status,15 years or over,Male,2024,7.1,Bad/very bad health
Denmark,Perceived health status,15 years or over,Male,2025,7.4,Bad/very bad health
Finland,Perceived health status,15 years or over,Male,2015,5.6,Bad/very bad health
Finland,Perceived health status,15 years or over,Male,2016,5.5,Bad/very bad health
Finland,Perceived health status,15 years or over,Male,2017,5.2,Bad/very bad health
Finland,Perceived health status,15 years or over,Male,2018,5.6,Bad/very bad health
Finland,Perceived health status,15 years or over,Male,2019,5.4,Bad/very bad health
Finland,Perceived health status,15 years or over,Male,2020,4.8,Bad/very bad health
Finland,Perceived health status,15 years or over,Male,2021,6.1,Bad/very bad health
Finland,Perceived health status,15 years or over,Male,2022,6.4,Bad/very bad health
Finland,Perceived health status,15 years or over,Male,2023,5.8,Bad/very bad health
Finland,Perceived health status,15 years or over,Male,2024,5.7,Bad/very bad health
Finland,Perceived health status,15 years or over,Male,2025,6,Bad/very bad health
France,Perceived health status,15 years or over,Male,2015,7.1,Bad/very bad health
France,Perceived health status,15 years or over,Male,2016,7.3,Bad/very bad health
France,Perceived health status,15 years or over,Male,2017,7.7,Bad/very bad health
France,Perceived health status,15 years or over,Male,2018,7.8,Bad/very bad health
France,Perceived health status,15 years or over,Male,2019,8.4,Bad/very bad health
France,Perceived health status,15 years or over,Male,2020,8.8,Bad/very bad health
France,Perceived health status,15 years or over,Male,2021,8.2,Bad/very bad health
France,Perceived health status,15 years or over,Male,2022,9.1,Bad/very bad health
France,Perceived health status,15 years or over,Male,2023,10,Bad/very bad health
France,Perceived health status,15 years or over,Male,2024,8.9,Bad/very bad health
France,Perceived health status,15 years or over,Male,2025,9.1,Bad/very bad health
Germany,Perceived health status,15 years or over,Male,2015,8.4,Bad/very bad health
Germany,Perceived health status,15 years or over,Male,2016,8,Bad/very bad health
Germany,Perceived health status,15 years or over,Male,2017,8.2,Bad/very bad health
Germany,Perceived health status,15 years or over,Male,2018,8,Bad/very bad health
Germany,Perceived health status,15 years or over,Male,2019,8.3,Bad/very bad health
Germany,Perceived health status,15 years or over,Male,2020,11.9,Bad/very bad health
Germany,Perceived health status,15 years or over,Male,2021,11.8,Bad/very bad health
Germany,Perceived health status,15 years or over,Male,2022,11.2,Bad/very bad health
Germany,Perceived health status,15 years or over,Male,2023,9.7,Bad/very bad health
Germany,Perceived health status,15 years or over,Male,2024,10.2,Bad/very bad health
Germany,Perceived health status,15 years or over,Male,2025,10.2,Bad/very bad health
Greece,Perceived health status,15 years or over,Male,2015,9,Bad/very bad health
Greece,Perceived health status,15 years or over,Male,2016,9.3,Bad/very bad health
Greece,Perceived health status,15 years or over,Male,2017,9.3,Bad/very bad health
Greece,Perceived health status,15 years or over,Male,2018,8.2,Bad/very bad health
Greece,Perceived health status,15 years or over,Male,2019,6,Bad/very bad health
Greece,Perceived health status,15 years or over,Male,2020,6.1,Bad/very bad health
Greece,Perceived health status,15 years or over,Male,2021,6.1,Bad/very bad health
Greece,Perceived health status,15 years or over,Male,2022,6.6,Bad/very bad health
Greece,Perceived health status,15 years or over,Male,2023,5.9,Bad/very bad health
Greece,Perceived health status,15 years or over,Male,2024,6,Bad/very bad health
Greece,Perceived health status,15 years or over,Male,2025,6.3,Bad/very bad health
Italy,Perceived health status,15 years or over,Male,2015,10.5,Bad/very bad health
Italy,Perceived health status,15 years or over,Male,2016,6.1,Bad/very bad health
Italy,Perceived health status,15 years or over,Male,2017,4.6,Bad/very bad health
Italy,Perceived health status,15 years or over,Male,2018,5.5,Bad/very bad health
Italy,Perceived health status,15 years or over,Male,2019,5.7,Bad/very bad health
Italy,Perceived health status,15 years or over,Male,2021,7.1,Bad/very bad health
Italy,Perceived health status,15 years or over,Male,2022,5.5,Bad/very bad health
Italy,Perceived health status,15 years or over,Male,2023,5.2,Bad/very bad health
Italy,Perceived health status,15 years or over,Male,2024,4.8,Bad/very bad health
Italy,Perceived health status,15 years or over,Male,2025,5.9,Bad/very bad health
Japan,Perceived health status,15 years or over,Male,2016,13,Bad/very bad health
Japan,Perceived health status,15 years or over,Male,2019,12.5,Bad/very bad health
Japan,Perceived health status,15 years or over,Male,2022,12.9,Bad/very bad health
Korea,Perceived health status,15 years or over,Male,2016,12.4,Bad/very bad health
Korea,Perceived health status,15 years or over,Male,2018,12.5,Bad/very bad health
Korea,Perceived health status,15 years or over,Male,2020,11.4,Bad/very bad health
Korea,Perceived health status,15 years or over,Male,2022,10.2,Bad/very bad health
Korea,Perceived health status,15 years or over,Male,2024,9.3,Bad/very bad health
Türkiye,Perceived health status,15 years or over,Male,2015,9.8,Bad/very bad health
Türkiye,Perceived health status,15 years or over,Male,2016,7.5,Bad/very bad health
Türkiye,Perceived health status,15 years or over,Male,2017,7.7,Bad/very bad health
Türkiye,Perceived health status,15 years or over,Male,2018,8,Bad/very bad health
Türkiye,Perceived health status,15 years or over,Male,2019,8.4,Bad/very bad health
Türkiye,Perceived health status,15 years or over,Male,2020,7.1,Bad/very bad health
Türkiye,Perceived health status,15 years or over,Male,2021,6.9,Bad/very bad health
Türkiye,Perceived health status,15 years or over,Male,2022,6.8,Bad/very bad health
Türkiye,Perceived health status,15 years or over,Male,2023,6.9,Bad/very bad health
Türkiye,Perceived health status,15 years or over,Male,2024,6.4,Bad/very bad health
Türkiye,Perceived health status,15 years or over,Male,2025,6.3,Bad/very bad health
United Kingdom,Perceived health status,15 years or over,Male,2015,8.5,Bad/very bad health
United Kingdom,Perceived health status,15 years or over,Male,2016,8.5,Bad/very bad health
United Kingdom,Perceived health status,15 years or over,Male,2017,6.5,Bad/very bad health
United Kingdom,Perceived health status,15 years or over,Male,2018,7,Bad/very bad health
United Kingdom,Perceived health status,15 years or over,Male,2021,6.7,Bad/very bad health
United Kingdom,Perceived health status,15 years or over,Male,2022,7.1,Bad/very bad health
United Kingdom,Perceived health status,15 years or over,Male,2023,7.5,Bad/very bad health
United Kingdom,Perceived health status,15 years or over,Male,2024,7.6,Bad/very bad health
Australia,Perceived health status,15 years or over,Male,2017,11.5,"Fair (not good, not bad) health"
Australia,Perceived health status,15 years or over,Total,2017,11,"Fair (not good, not bad) health"
Australia,Perceived health status,15 years or over,Male,2017,3.6,Bad/very bad health
Australia,Perceived health status,15 years or over,Female,2017,10.5,"Fair (not good, not bad) health"
Australia,Perceived health status,15 years or over,Total,2017,3.7,Bad/very bad health
Australia,Perceived health status,15 years or over,Female,2017,3.9,Bad/very bad health
Australia,Perceived health status,15 years or over,Female,2022,3.9,Bad/very bad health
Australia,Perceived health status,15 years or over,Total,2022,3.8,Bad/very bad health
Australia,Perceived health status,15 years or over,Female,2022,11.7,"Fair (not good, not bad) health"
Australia,Perceived health status,15 years or over,Male,2022,3.5,Bad/very bad health
Australia,Perceived health status,15 years or over,Total,2022,11.3,"Fair (not good, not bad) health"
Australia,Perceived health status,15 years or over,Male,2022,10.8,"Fair (not good, not bad) health"
United Kingdom,Perceived health status,15 years or over,Total,2019,19.7,"Fair (not good, not bad) health"
United Kingdom,Perceived health status,15 years or over,Male,2019,18.8,"Fair (not good, not bad) health"
United Kingdom,Perceived health status,15 years or over,Female,2019,7.9,Bad/very bad health
United Kingdom,Perceived health status,15 years or over,Female,2019,20.5,"Fair (not good, not bad) health"
United Kingdom,Perceived health status,15 years or over,Male,2019,6.9,Bad/very bad health
United Kingdom,Perceived health status,15 years or over,Total,2019,7.4,Bad/very bad health
United Kingdom,Perceived health status,15 years or over,Total,2020,6.6,Bad/very bad health
United Kingdom,Perceived health status,15 years or over,Male,2020,6.2,Bad/very bad health
United Kingdom,Perceived health status,15 years or over,Female,2020,16.9,"Fair (not good, not bad) health"
United Kingdom,Perceived health status,15 years or over,Female,2020,7.1,Bad/very bad health
United Kingdom,Perceived health status,15 years or over,Male,2020,15.6,"Fair (not good, not bad) health"
United Kingdom,Perceived health status,15 years or over,Total,2020,16.3,"Fair (not good, not bad) health"
New Zealand,Perceived health status,15 years or over,Female,2015,2.4,Bad/very bad health
New Zealand,Perceived health status,15 years or over,Total,2015,8.7,"Fair (not good, not bad) health"
New Zealand,Perceived health status,15 years or over,Total,2015,2.4,Bad/very bad health
New Zealand,Perceived health status,15 years or over,Male,2015,2.4,Bad/very bad health
New Zealand,Perceived health status,15 years or over,Female,2015,8.9,"Fair (not good, not bad) health"
New Zealand,Perceived health status,15 years or over,Male,2015,8.5,"Fair (not good, not bad) health"
New Zealand,Perceived health status,15 years or over,Male,2016,10.1,"Fair (not good, not bad) health"
New Zealand,Perceived health status,15 years or over,Female,2016,9.6,"Fair (not good, not bad) health"
New Zealand,Perceived health status,15 years or over,Male,2016,2,Bad/very bad health
New Zealand,Perceived health status,15 years or over,Total,2016,2.5,Bad/very bad health
New Zealand,Perceived health status,15 years or over,Total,2016,9.8,"Fair (not good, not bad) health"
New Zealand,Perceived health status,15 years or over,Female,2016,2.9,Bad/very bad health
New Zealand,Perceived health status,15 years or over,Female,2017,2.5,Bad/very bad health
New Zealand,Perceived health status,15 years or over,Total,2017,9.5,"Fair (not good, not bad) health"
New Zealand,Perceived health status,15 years or over,Total,2017,2.3,Bad/very bad health
New Zealand,Perceived health status,15 years or over,Male,2017,2.2,Bad/very bad health
New Zealand,Perceived health status,15 years or over,Female,2017,9.2,"Fair (not good, not bad) health"
New Zealand,Perceived health status,15 years or over,Male,2017,9.7,"Fair (not good, not bad) health"
New Zealand,Perceived health status,15 years or over,Male,2018,9.9,"Fair (not good, not bad) health"
New Zealand,Perceived health status,15 years or over,Total,2018,2.4,Bad/very bad health
New Zealand,Perceived health status,15 years or over,Total,2018,10.1,"Fair (not good, not bad) health"
New Zealand,Perceived health status,15 years or over,Female,2018,10.3,"Fair (not good, not bad) health"
New Zealand,Perceived health status,15 years or over,Male,2018,2.2,Bad/very bad health
New Zealand,Perceived health status,15 years or over,Female,2018,2.7,Bad/very bad health
New Zealand,Perceived health status,15 years or over,Female,2019,3.2,Bad/very bad health
New Zealand,Perceived health status,15 years or over,Total,2019,11.2,"Fair (not good, not bad) health"
New Zealand,Perceived health status,15 years or over,Total,2019,2.7,Bad/very bad health
New Zealand,Perceived health status,15 years or over,Male,2019,2.1,Bad/very bad health
New Zealand,Perceived health status,15 years or over,Female,2019,11.7,"Fair (not good, not bad) health"
New Zealand,Perceived health status,15 years or over,Male,2019,10.7,"Fair (not good, not bad) health"
New Zealand,Perceived health status,15 years or over,Male,2020,11.3,"Fair (not good, not bad) health"
New Zealand,Perceived health status,15 years or over,Female,2020,9.9,"Fair (not good, not bad) health"
New Zealand,Perceived health status,15 years or over,Male,2020,2.3,Bad/very bad health
New Zealand,Perceived health status,15 years or over,Total,2020,2.4,Bad/very bad health
New Zealand,Perceived health status,15 years or over,Total,2020,10.6,"Fair (not good, not bad) health"
New Zealand,Perceived health status,15 years or over,Female,2020,2.5,Bad/very bad health
New Zealand,Perceived health status,15 years or over,Female,2021,2.2,Bad/very bad health
New Zealand,Perceived health status,15 years or over,Total,2021,10,"Fair (not good, not bad) health"
New Zealand,Perceived health status,15 years or over,Total,2021,2.1,Bad/very bad health
New Zealand,Perceived health status,15 years or over,Male,2021,2,Bad/very bad health
New Zealand,Perceived health status,15 years or over,Female,2021,10.3,"Fair (not good, not bad) health"
New Zealand,Perceived health status,15 years or over,Male,2021,9.6,"Fair (not good, not bad) health"
New Zealand,Perceived health status,15 years or over,Male,2022,9.9,"Fair (not good, not bad) health"
New Zealand,Perceived health status,15 years or over,Female,2022,10,"Fair (not good, not bad) health"
New Zealand,Perceived health status,15 years or over,Male,2022,1.9,Bad/very bad health
New Zealand,Perceived health status,15 years or over,Total,2022,2.1,Bad/very bad health
New Zealand,Perceived health status,15 years or over,Total,2022,10,"Fair (not good, not bad) health"
New Zealand,Perceived health status,15 years or over,Female,2022,2.3,Bad/very bad health
New Zealand,Perceived health status,15 years or over,Female,2023,3.1,Bad/very bad health
New Zealand,Perceived health status,15 years or over,Total,2023,10.9,"Fair (not good, not bad) health"
New Zealand,Perceived health status,15 years or over,Total,2023,3,Bad/very bad health
New Zealand,Perceived health status,15 years or over,Male,2023,2.9,Bad/very bad health
New Zealand,Perceived health status,15 years or over,Female,2023,11.7,"Fair (not good, not bad) health"
New Zealand,Perceived health status,15 years or over,Male,2023,10,"Fair (not good, not bad) health"
New Zealand,Perceived health status,15 years or over,Male,2024,10.5,"Fair (not good, not bad) health"
New Zealand,Perceived health status,15 years or over,Female,2024,12.7,"Fair (not good, not bad) health"
New Zealand,Perceived health status,15 years or over,Male,2024,2.5,Bad/very bad health
New Zealand,Perceived health status,15 years or over,Total,2024,2.8,Bad/very bad health
New Zealand,Perceived health status,15 years or over,Total,2024,11.7,"Fair (not good, not bad) health"
New Zealand,Perceived health status,15 years or over,Female,2024,3,Bad/very bad health
New Zealand,Perceived health status,15 years or over,Female,2025,2.3,Bad/very bad health
New Zealand,Perceived health status,15 years or over,Total,2025,11.4,"Fair (not good, not bad) health"
New Zealand,Perceived health status,15 years or over,Total,2025,2,Bad/very bad health
New Zealand,Perceived health status,15 years or over,Male,2025,1.8,Bad/very bad health
New Zealand,Perceived health status,15 years or over,Female,2025,11.3,"Fair (not good, not bad) health"
New Zealand,Perceived health status,15 years or over,Male,2025,11.4,"Fair (not good, not bad) health"
Canada,Perceived health status,15 years or over,Total,2015,8,"Fair (not good, not bad) health"
Canada,Perceived health status,15 years or over,Female,2015,8.4,"Fair (not good, not bad) health"
Canada,Perceived health status,15 years or over,Male,2015,7.5,"Fair (not good, not bad) health"
Canada,Perceived health status,15 years or over,Total,2015,3.1,Bad/very bad health
Canada,Perceived health status,15 years or over,Female,2015,3,Bad/very bad health
Canada,Perceived health status,15 years or over,Male,2015,3.1,Bad/very bad health
Canada,Perceived health status,15 years or over,Total,2023,11.2,"Fair (not good, not bad) health"
Canada,Perceived health status,15 years or over,Female,2023,11.7,"Fair (not good, not bad) health"
Canada,Perceived health status,15 years or over,Male,2023,10.7,"Fair (not good, not bad) health"
Canada,Perceived health status,15 years or over,Total,2023,3.2,Bad/very bad health
Canada,Perceived health status,15 years or over,Female,2023,3.4,Bad/very bad health
Canada,Perceived health status,15 years or over,Male,2023,3,Bad/very bad health
Canada,Perceived health status,15 years or over,Male,2016,2.8,Bad/very bad health
Canada,Perceived health status,15 years or over,Female,2016,3.3,Bad/very bad health
Canada,Perceived health status,15 years or over,Total,2016,3.1,Bad/very bad health
Canada,Perceived health status,15 years or over,Male,2016,8.1,"Fair (not good, not bad) health"
Canada,Perceived health status,15 years or over,Female,2016,8.9,"Fair (not good, not bad) health"
Canada,Perceived health status,15 years or over,Total,2016,8.5,"Fair (not good, not bad) health"
Canada,Perceived health status,15 years or over,Total,2017,8.3,"Fair (not good, not bad) health"
Canada,Perceived health status,15 years or over,Female,2017,8.8,"Fair (not good, not bad) health"
Canada,Perceived health status,15 years or over,Male,2017,7.9,"Fair (not good, not bad) health"
Canada,Perceived health status,15 years or over,Total,2017,3.2,Bad/very bad health
Canada,Perceived health status,15 years or over,Female,2017,3.3,Bad/very bad health
Canada,Perceived health status,15 years or over,Male,2017,3.1,Bad/very bad health
Canada,Perceived health status,15 years or over,Male,2018,2.6,Bad/very bad health
Canada,Perceived health status,15 years or over,Female,2018,3.2,Bad/very bad health
Canada,Perceived health status,15 years or over,Total,2018,2.9,Bad/very bad health
Canada,Perceived health status,15 years or over,Male,2018,8.4,"Fair (not good, not bad) health"
Canada,Perceived health status,15 years or over,Female,2018,8.6,"Fair (not good, not bad) health"
Canada,Perceived health status,15 years or over,Total,2018,8.5,"Fair (not good, not bad) health"
Canada,Perceived health status,15 years or over,Total,2019,8.3,"Fair (not good, not bad) health"
Canada,Perceived health status,15 years or over,Female,2019,8.9,"Fair (not good, not bad) health"
Canada,Perceived health status,15 years or over,Male,2019,7.8,"Fair (not good, not bad) health"
Canada,Perceived health status,15 years or over,Total,2019,2.8,Bad/very bad health
Canada,Perceived health status,15 years or over,Female,2019,2.9,Bad/very bad health
Canada,Perceived health status,15 years or over,Male,2019,2.7,Bad/very bad health
Canada,Perceived health status,15 years or over,Male,2020,2.7,Bad/very bad health
Canada,Perceived health status,15 years or over,Female,2020,2.9,Bad/very bad health
Canada,Perceived health status,15 years or over,Total,2020,2.8,Bad/very bad health
Canada,Perceived health status,15 years or over,Male,2020,8,"Fair (not good, not bad) health"
Canada,Perceived health status,15 years or over,Female,2020,8.3,"Fair (not good, not bad) health"
Canada,Perceived health status,15 years or over,Total,2020,8.2,"Fair (not good, not bad) health"
Canada,Perceived health status,15 years or over,Total,2021,8.9,"Fair (not good, not bad) health"
Canada,Perceived health status,15 years or over,Female,2021,9.1,"Fair (not good, not bad) health"
Canada,Perceived health status,15 years or over,Male,2021,8.6,"Fair (not good, not bad) health"
Canada,Perceived health status,15 years or over,Total,2021,2.8,Bad/very bad health
Canada,Perceived health status,15 years or over,Female,2021,2.8,Bad/very bad health
Canada,Perceived health status,15 years or over,Male,2021,2.9,Bad/very bad health
Canada,Perceived health status,15 years or over,Male,2022,3.6,Bad/very bad health
Canada,Perceived health status,15 years or over,Female,2022,3.5,Bad/very bad health
Canada,Perceived health status,15 years or over,Total,2022,3.6,Bad/very bad health
Canada,Perceived health status,15 years or over,Male,2022,9.7,"Fair (not good, not bad) health"
Canada,Perceived health status,15 years or over,Female,2022,11.5,"Fair (not good, not bad) health"
Canada,Perceived health status,15 years or over,Total,2022,10.6,"Fair (not good, not bad) health"
Canada,Perceived health status,15 years or over,Total,2024,11.8,"Fair (not good, not bad) health"
Canada,Perceived health status,15 years or over,Female,2024,3.3,Bad/very bad health
Canada,Perceived health status,15 years or over,Female,2024,12,"Fair (not good, not bad) health"
Canada,Perceived health status,15 years or over,Male,2024,3.1,Bad/very bad health
Canada,Perceived health status,15 years or over,Total,2024,3.2,Bad/very bad health
Canada,Perceived health status,15 years or over,Male,2024,11.5,"Fair (not good, not bad) health"
Canada,Perceived health status,From 15 to 24 years,Total,2015,94.6,Good/very good health
Canada,Perceived health status,From 15 to 24 years,Female,2015,94.7,Good/very good health
Canada,Perceived health status,15 years or over,Female,2015,88.6,Good/very good health
Canada,Perceived health status,From 15 to 24 years,Male,2015,94.5,Good/very good health
Canada,Perceived health status,15 years or over,Male,2015,89.4,Good/very good health
Canada,Perceived health status,65 years or over,Male,2015,80.1,Good/very good health
Canada,Perceived health status,From 45 to 64 years,Male,2015,87.8,Good/very good health
Canada,Perceived health status,From 25 to 44 years,Total,2015,93.2,Good/very good health
Canada,Perceived health status,65 years or over,Female,2015,78.6,Good/very good health
Canada,Perceived health status,65 years or over,Total,2015,79.3,Good/very good health
Canada,Perceived health status,From 25 to 44 years,Male,2015,93.5,Good/very good health
Canada,Perceived health status,From 25 to 44 years,Female,2015,92.9,Good/very good health
Canada,Perceived health status,From 45 to 64 years,Female,2015,87.9,Good/very good health
Canada,Perceived health status,15 years or over,Total,2015,89,Good/very good health
Canada,Perceived health status,From 45 to 64 years,Total,2015,87.8,Good/very good health
Canada,Perceived health status,From 15 to 24 years,Total,2023,91.6,Good/very good health
Canada,Perceived health status,From 15 to 24 years,Female,2023,91.3,Good/very good health
Canada,Perceived health status,From 15 to 24 years,Male,2023,91.8,Good/very good health
Canada,Perceived health status,15 years or over,Female,2023,84.9,Good/very good health
Canada,Perceived health status,15 years or over,Male,2023,86.3,Good/very good health
Canada,Perceived health status,From 45 to 64 years,Male,2023,86.3,Good/very good health
Canada,Perceived health status,65 years or over,Male,2023,76.9,Good/very good health
Canada,Perceived health status,From 25 to 44 years,Total,2023,89.7,Good/very good health
Canada,Perceived health status,65 years or over,Female,2023,79.1,Good/very good health
Canada,Perceived health status,65 years or over,Total,2023,78.1,Good/very good health
Canada,Perceived health status,From 25 to 44 years,Male,2023,90.6,Good/very good health
Canada,Perceived health status,From 25 to 44 years,Female,2023,88.8,Good/very good health
Canada,Perceived health status,From 45 to 64 years,Female,2023,83.3,Good/very good health
Canada,Perceived health status,15 years or over,Total,2023,85.6,Good/very good health
Canada,Perceived health status,From 45 to 64 years,Total,2023,84.8,Good/very good health
United Kingdom,Perceived health status,From 15 to 24 years,Female,2019,85.9,Good/very good health
United Kingdom,Perceived health status,65 years or over,Total,2019,56.3,Good/very good health
United Kingdom,Perceived health status,From 25 to 44 years,Female,2019,80.9,Good/very good health
United Kingdom,Perceived health status,15 years or over,Female,2019,71.6,Good/very good health
United Kingdom,Perceived health status,65 years or over,Female,2019,57.1,Good/very good health
United Kingdom,Perceived health status,From 25 to 44 years,Male,2019,84.7,Good/very good health
United Kingdom,Perceived health status,From 15 to 24 years,Male,2019,89.6,Good/very good health
United Kingdom,Perceived health status,From 25 to 44 years,Total,2019,82.8,Good/very good health
United Kingdom,Perceived health status,From 45 to 64 years,Female,2019,67.8,Good/very good health
United Kingdom,Perceived health status,From 15 to 24 years,Total,2019,87.8,Good/very good health
United Kingdom,Perceived health status,15 years or over,Male,2019,74.3,Good/very good health
United Kingdom,Perceived health status,From 45 to 64 years,Male,2019,70.3,Good/very good health
United Kingdom,Perceived health status,From 45 to 64 years,Total,2019,69,Good/very good health
United Kingdom,Perceived health status,65 years or over,Male,2019,55.4,Good/very good health
United Kingdom,Perceived health status,15 years or over,Total,2019,72.9,Good/very good health
United Kingdom,Perceived health status,15 years or over,Total,2020,77.1,Good/very good health
United Kingdom,Perceived health status,15 years or over,Male,2020,78.2,Good/very good health
United Kingdom,Perceived health status,15 years or over,Female,2020,77.1,Good/very good health
United Kingdom,Perceived health status,65 years or over,Male,2020,60.9,Good/very good health
United Kingdom,Perceived health status,From 45 to 64 years,Total,2020,73.7,Good/very good health
United Kingdom,Perceived health status,From 45 to 64 years,Male,2020,74.6,Good/very good health
United Kingdom,Perceived health status,From 15 to 24 years,Total,2020,88.9,Good/very good health
United Kingdom,Perceived health status,From 45 to 64 years,Female,2020,72.7,Good/very good health
United Kingdom,Perceived health status,From 25 to 44 years,Total,2020,85.2,Good/very good health
United Kingdom,Perceived health status,From 15 to 24 years,Male,2020,89.9,Good/very good health
United Kingdom,Perceived health status,From 25 to 44 years,Male,2020,86.7,Good/very good health
United Kingdom,Perceived health status,65 years or over,Female,2020,62.1,Good/very good health
United Kingdom,Perceived health status,From 25 to 44 years,Female,2020,83.8,Good/very good health
United Kingdom,Perceived health status,65 years or over,Total,2020,61.5,Good/very good health
United Kingdom,Perceived health status,From 15 to 24 years,Female,2020,87.8,Good/very good health
Australia,Perceived health status,From 25 to 44 years,Female,2017,91.2,Good/very good health
Australia,Perceived health status,15 years or over,Female,2017,85.6,Good/very good health
Australia,Perceived health status,From 15 to 24 years,Male,2017,92.1,Good/very good health
Australia,Perceived health status,15 years or over,Male,2017,84.8,Good/very good health
Australia,Perceived health status,From 45 to 64 years,Total,2017,82.6,Good/very good health
Australia,Perceived health status,From 45 to 64 years,Female,2017,83.4,Good/very good health
Australia,Perceived health status,65 years or over,Total,2017,74,Good/very good health
Australia,Perceived health status,From 45 to 64 years,Male,2017,82,Good/very good health
Australia,Perceived health status,65 years or over,Male,2017,73.7,Good/very good health
Australia,Perceived health status,65 years or over,Female,2017,73.8,Good/very good health
Australia,Perceived health status,From 25 to 44 years,Male,2017,89.6,Good/very good health
Australia,Perceived health status,From 25 to 44 years,Total,2017,90.4,Good/very good health
Australia,Perceived health status,From 15 to 24 years,Total,2017,91.9,Good/very good health
Australia,Perceived health status,15 years or over,Total,2017,85.2,Good/very good health
Australia,Perceived health status,From 15 to 24 years,Female,2017,92.5,Good/very good health
Australia,Perceived health status,From 15 to 24 years,Female,2022,92.3,Good/very good health
Australia,Perceived health status,15 years or over,Total,2022,85,Good/very good health
Australia,Perceived health status,From 15 to 24 years,Total,2022,92.8,Good/very good health
Australia,Perceived health status,From 25 to 44 years,Total,2022,90.3,Good/very good health
Australia,Perceived health status,From 25 to 44 years,Male,2022,91.8,Good/very good health
Australia,Perceived health status,65 years or over,Female,2022,74.2,Good/very good health
Australia,Perceived health status,65 years or over,Male,2022,73.8,Good/very good health
Australia,Perceived health status,From 45 to 64 years,Male,2022,82.1,Good/very good health
Australia,Perceived health status,65 years or over,Total,2022,73.8,Good/very good health
Australia,Perceived health status,From 45 to 64 years,Female,2022,82.8,Good/very good health
Australia,Perceived health status,From 45 to 64 years,Total,2022,82.5,Good/very good health
Australia,Perceived health status,15 years or over,Male,2022,85.6,Good/very good health
Australia,Perceived health status,From 15 to 24 years,Male,2022,93.7,Good/very good health
Australia,Perceived health status,15 years or over,Female,2022,84.5,Good/very good health
Australia,Perceived health status,From 25 to 44 years,Female,2022,89.1,Good/very good health
New Zealand,Perceived health status,From 45 to 64 years,Male,2015,87,Good/very good health
New Zealand,Perceived health status,15 years or over,Male,2015,89.1,Good/very good health
New Zealand,Perceived health status,65 years or over,Male,2015,85.8,Good/very good health
New Zealand,Perceived health status,From 15 to 24 years,Male,2015,93.2,Good/very good health
New Zealand,Perceived health status,From 25 to 44 years,Male,2015,90.6,Good/very good health
New Zealand,Perceived health status,65 years or over,Male,2016,86.2,Good/very good health
New Zealand,Perceived health status,From 25 to 44 years,Male,2016,88.8,Good/very good health
New Zealand,Perceived health status,From 15 to 24 years,Male,2016,91.5,Good/very good health
New Zealand,Perceived health status,15 years or over,Male,2016,87.9,Good/very good health
New Zealand,Perceived health status,From 45 to 64 years,Male,2016,85.9,Good/very good health
New Zealand,Perceived health status,From 45 to 64 years,Male,2017,86.3,Good/very good health
New Zealand,Perceived health status,65 years or over,Male,2017,85.3,Good/very good health
New Zealand,Perceived health status,From 15 to 24 years,Male,2017,91.5,Good/very good health
New Zealand,Perceived health status,From 25 to 44 years,Male,2017,89.1,Good/very good health
New Zealand,Perceived health status,15 years or over,Male,2017,88,Good/very good health
New Zealand,Perceived health status,From 25 to 44 years,Male,2018,88.1,Good/very good health
New Zealand,Perceived health status,From 15 to 24 years,Male,2018,91.6,Good/very good health
New Zealand,Perceived health status,65 years or over,Male,2018,86,Good/very good health
New Zealand,Perceived health status,15 years or over,Male,2018,87.9,Good/very good health
New Zealand,Perceived health status,From 45 to 64 years,Male,2018,86.9,Good/very good health
New Zealand,Perceived health status,From 45 to 64 years,Male,2019,85.8,Good/very good health
New Zealand,Perceived health status,15 years or over,Male,2019,87.2,Good/very good health
New Zealand,Perceived health status,65 years or over,Male,2019,86.3,Good/very good health
New Zealand,Perceived health status,From 15 to 24 years,Male,2019,88.6,Good/very good health
New Zealand,Perceived health status,From 25 to 44 years,Male,2019,88.2,Good/very good health
New Zealand,Perceived health status,From 25 to 44 years,Male,2020,87.3,Good/very good health
New Zealand,Perceived health status,From 15 to 24 years,Male,2020,90.9,Good/very good health
New Zealand,Perceived health status,65 years or over,Male,2020,85.4,Good/very good health
New Zealand,Perceived health status,15 years or over,Male,2020,86.5,Good/very good health
New Zealand,Perceived health status,From 45 to 64 years,Male,2020,83.7,Good/very good health
New Zealand,Perceived health status,From 45 to 64 years,Male,2021,86.8,Good/very good health
New Zealand,Perceived health status,15 years or over,Male,2021,88.4,Good/very good health
New Zealand,Perceived health status,65 years or over,Male,2021,86.9,Good/very good health
New Zealand,Perceived health status,From 15 to 24 years,Male,2021,93.1,Good/very good health
New Zealand,Perceived health status,From 25 to 44 years,Male,2021,88.5,Good/very good health
New Zealand,Perceived health status,From 25 to 44 years,Male,2022,89.1,Good/very good health
New Zealand,Perceived health status,From 15 to 24 years,Male,2022,93.2,Good/very good health
New Zealand,Perceived health status,65 years or over,Male,2022,85.8,Good/very good health
New Zealand,Perceived health status,15 years or over,Male,2022,88.2,Good/very good health
New Zealand,Perceived health status,From 45 to 64 years,Male,2022,86.2,Good/very good health
New Zealand,Perceived health status,From 45 to 64 years,Male,2023,85,Good/very good health
New Zealand,Perceived health status,15 years or over,Male,2023,87.1,Good/very good health
New Zealand,Perceived health status,65 years or over,Male,2023,82.6,Good/very good health
New Zealand,Perceived health status,From 15 to 24 years,Male,2023,91.3,Good/very good health
New Zealand,Perceived health status,From 25 to 44 years,Male,2023,89.5,Good/very good health
New Zealand,Perceived health status,From 25 to 44 years,Male,2024,87.2,Good/very good health
New Zealand,Perceived health status,From 15 to 24 years,Male,2024,93.7,Good/very good health
New Zealand,Perceived health status,65 years or over,Male,2024,83.9,Good/very good health
New Zealand,Perceived health status,15 years or over,Male,2024,87,Good/very good health
New Zealand,Perceived health status,From 45 to 64 years,Male,2024,84.9,Good/very good health
New Zealand,Perceived health status,From 45 to 64 years,Male,2025,82.8,Good/very good health
New Zealand,Perceived health status,15 years or over,Male,2025,86.8,Good/very good health
New Zealand,Perceived health status,65 years or over,Male,2025,84.6,Good/very good health
New Zealand,Perceived health status,From 15 to 24 years,Male,2025,92.9,Good/very good health
New Zealand,Perceived health status,From 25 to 44 years,Male,2025,88.5,Good/very good health
New Zealand,Perceived health status,65 years or over,Total,2015,85.4,Good/very good health
New Zealand,Perceived health status,From 45 to 64 years,Total,2015,87.6,Good/very good health
New Zealand,Perceived health status,From 15 to 24 years,Total,2015,92.3,Good/very good health
New Zealand,Perceived health status,15 years or over,Total,2015,88.9,Good/very good health
New Zealand,Perceived health status,From 25 to 44 years,Total,2015,90.2,Good/very good health
New Zealand,Perceived health status,From 15 to 24 years,Total,2016,90.1,Good/very good health
New Zealand,Perceived health status,From 45 to 64 years,Total,2016,86.7,Good/very good health
New Zealand,Perceived health status,From 25 to 44 years,Total,2016,87.9,Good/very good health
New Zealand,Perceived health status,15 years or over,Total,2016,87.7,Good/very good health
New Zealand,Perceived health status,65 years or over,Total,2016,86.8,Good/very good health
New Zealand,Perceived health status,65 years or over,Total,2017,86.7,Good/very good health
New Zealand,Perceived health status,From 45 to 64 years,Total,2017,87.2,Good/very good health
New Zealand,Perceived health status,From 15 to 24 years,Total,2017,89.5,Good/very good health
New Zealand,Perceived health status,From 25 to 44 years,Total,2017,89.3,Good/very good health
New Zealand,Perceived health status,15 years or over,Total,2017,88.2,Good/very good health
New Zealand,Perceived health status,From 25 to 44 years,Total,2018,87.4,Good/very good health
New Zealand,Perceived health status,15 years or over,Total,2018,87.5,Good/very good health
New Zealand,Perceived health status,From 15 to 24 years,Total,2018,90,Good/very good health
New Zealand,Perceived health status,From 45 to 64 years,Total,2018,86.8,Good/very good health
New Zealand,Perceived health status,65 years or over,Total,2018,86.6,Good/very good health
New Zealand,Perceived health status,65 years or over,Total,2019,87,Good/very good health
New Zealand,Perceived health status,From 45 to 64 years,Total,2019,84.8,Good/very good health
New Zealand,Perceived health status,From 15 to 24 years,Total,2019,85.5,Good/very good health
New Zealand,Perceived health status,15 years or over,Total,2019,86.1,Good/very good health
New Zealand,Perceived health status,From 25 to 44 years,Total,2019,87.2,Good/very good health
New Zealand,Perceived health status,From 25 to 44 years,Total,2020,87.3,Good/very good health
New Zealand,Perceived health status,15 years or over,Total,2020,87,Good/very good health
New Zealand,Perceived health status,From 15 to 24 years,Total,2020,90.4,Good/very good health
New Zealand,Perceived health status,From 45 to 64 years,Total,2020,85.2,Good/very good health
New Zealand,Perceived health status,65 years or over,Total,2020,86.8,Good/very good health
New Zealand,Perceived health status,65 years or over,Total,2021,87.1,Good/very good health
New Zealand,Perceived health status,From 45 to 64 years,Total,2021,85.4,Good/very good health
New Zealand,Perceived health status,From 15 to 24 years,Total,2021,91.9,Good/very good health
New Zealand,Perceived health status,15 years or over,Total,2021,87.9,Good/very good health
New Zealand,Perceived health status,From 25 to 44 years,Total,2021,88.8,Good/very good health
New Zealand,Perceived health status,From 25 to 44 years,Total,2022,88.4,Good/very good health
New Zealand,Perceived health status,15 years or over,Total,2022,88,Good/very good health
New Zealand,Perceived health status,From 15 to 24 years,Total,2022,91.2,Good/very good health
New Zealand,Perceived health status,From 45 to 64 years,Total,2022,86.3,Good/very good health
New Zealand,Perceived health status,65 years or over,Total,2022,87.1,Good/very good health
New Zealand,Perceived health status,65 years or over,Total,2023,83.5,Good/very good health
New Zealand,Perceived health status,From 45 to 64 years,Total,2023,84.2,Good/very good health
New Zealand,Perceived health status,From 15 to 24 years,Total,2023,90.1,Good/very good health
New Zealand,Perceived health status,15 years or over,Total,2023,86.1,Good/very good health
New Zealand,Perceived health status,From 25 to 44 years,Total,2023,87.6,Good/very good health
New Zealand,Perceived health status,From 25 to 44 years,Total,2024,85.8,Good/very good health
New Zealand,Perceived health status,15 years or over,Total,2024,85.4,Good/very good health
New Zealand,Perceived health status,From 15 to 24 years,Total,2024,90.5,Good/very good health
New Zealand,Perceived health status,From 45 to 64 years,Total,2024,82.9,Good/very good health
New Zealand,Perceived health status,65 years or over,Total,2024,84.7,Good/very good health
New Zealand,Perceived health status,65 years or over,Total,2025,86.1,Good/very good health
New Zealand,Perceived health status,From 45 to 64 years,Total,2025,83.2,Good/very good health
New Zealand,Perceived health status,From 15 to 24 years,Total,2025,91.4,Good/very good health
New Zealand,Perceived health status,15 years or over,Total,2025,86.6,Good/very good health
New Zealand,Perceived health status,From 25 to 44 years,Total,2025,87.5,Good/very good health
New Zealand,Perceived health status,From 45 to 64 years,Female,2015,88.1,Good/very good health
New Zealand,Perceived health status,15 years or over,Female,2015,88.7,Good/very good health
New Zealand,Perceived health status,65 years or over,Female,2015,85.1,Good/very good health
New Zealand,Perceived health status,From 25 to 44 years,Female,2015,89.8,Good/very good health
New Zealand,Perceived health status,From 15 to 24 years,Female,2015,91.5,Good/very good health
New Zealand,Perceived health status,From 45 to 64 years,Female,2016,87.4,Good/very good health
New Zealand,Perceived health status,65 years or over,Female,2016,87.4,Good/very good health
New Zealand,Perceived health status,From 15 to 24 years,Female,2016,88.5,Good/very good health
New Zealand,Perceived health status,From 25 to 44 years,Female,2016,87.1,Good/very good health
New Zealand,Perceived health status,15 years or over,Female,2016,87.5,Good/very good health
New Zealand,Perceived health status,From 45 to 64 years,Female,2017,88,Good/very good health
New Zealand,Perceived health status,15 years or over,Female,2017,88.4,Good/very good health
New Zealand,Perceived health status,65 years or over,Female,2017,87.9,Good/very good health
New Zealand,Perceived health status,From 25 to 44 years,Female,2017,89.4,Good/very good health
New Zealand,Perceived health status,From 15 to 24 years,Female,2017,87.3,Good/very good health
New Zealand,Perceived health status,From 15 to 24 years,Female,2018,88.2,Good/very good health
New Zealand,Perceived health status,From 25 to 44 years,Female,2018,86.8,Good/very good health
New Zealand,Perceived health status,65 years or over,Female,2018,87.1,Good/very good health
New Zealand,Perceived health status,15 years or over,Female,2018,87,Good/very good health
New Zealand,Perceived health status,From 45 to 64 years,Female,2018,86.7,Good/very good health
New Zealand,Perceived health status,From 45 to 64 years,Female,2019,84,Good/very good health
New Zealand,Perceived health status,15 years or over,Female,2019,85.1,Good/very good health
New Zealand,Perceived health status,65 years or over,Female,2019,87.6,Good/very good health
New Zealand,Perceived health status,From 25 to 44 years,Female,2019,86.2,Good/very good health
New Zealand,Perceived health status,From 15 to 24 years,Female,2019,82.2,Good/very good health
New Zealand,Perceived health status,15 years or over,Female,2020,87.6,Good/very good health
New Zealand,Perceived health status,From 15 to 24 years,Female,2020,89.8,Good/very good health
New Zealand,Perceived health status,From 25 to 44 years,Female,2020,87.4,Good/very good health
New Zealand,Perceived health status,65 years or over,Female,2020,88,Good/very good health
New Zealand,Perceived health status,From 45 to 64 years,Female,2020,86.5,Good/very good health
New Zealand,Perceived health status,From 45 to 64 years,Female,2021,84.1,Good/very good health
New Zealand,Perceived health status,65 years or over,Female,2021,87.3,Good/very good health
New Zealand,Perceived health status,15 years or over,Female,2021,87.5,Good/very good health
New Zealand,Perceived health status,From 25 to 44 years,Female,2021,89.2,Good/very good health
New Zealand,Perceived health status,From 15 to 24 years,Female,2021,90.6,Good/very good health
New Zealand,Perceived health status,From 15 to 24 years,Female,2022,89,Good/very good health
New Zealand,Perceived health status,From 25 to 44 years,Female,2022,87.8,Good/very good health
New Zealand,Perceived health status,15 years or over,Female,2022,87.7,Good/very good health
New Zealand,Perceived health status,65 years or over,Female,2022,88.3,Good/very good health
New Zealand,Perceived health status,From 45 to 64 years,Female,2022,86.5,Good/very good health
New Zealand,Perceived health status,From 45 to 64 years,Female,2023,83.5,Good/very good health
New Zealand,Perceived health status,65 years or over,Female,2023,84.3,Good/very good health
New Zealand,Perceived health status,15 years or over,Female,2023,85.2,Good/very good health
New Zealand,Perceived health status,From 25 to 44 years,Female,2023,85.7,Good/very good health
New Zealand,Perceived health status,From 15 to 24 years,Female,2023,88.8,Good/very good health
New Zealand,Perceived health status,From 15 to 24 years,Female,2024,88.1,Good/very good health
New Zealand,Perceived health status,From 25 to 44 years,Female,2024,84.5,Good/very good health
New Zealand,Perceived health status,15 years or over,Female,2024,84.2,Good/very good health
New Zealand,Perceived health status,65 years or over,Female,2024,85.3,Good/very good health
New Zealand,Perceived health status,From 45 to 64 years,Female,2024,81.3,Good/very good health
New Zealand,Perceived health status,From 45 to 64 years,Female,2025,83.6,Good/very good health
New Zealand,Perceived health status,65 years or over,Female,2025,87.4,Good/very good health
New Zealand,Perceived health status,15 years or over,Female,2025,86.5,Good/very good health
New Zealand,Perceived health status,From 25 to 44 years,Female,2025,86.7,Good/very good health
New Zealand,Perceived health status,From 15 to 24 years,Female,2025,90.3,Good/very good health
Canada,Perceived health status,From 45 to 64 years,Female,2016,85.9,Good/very good health
Canada,Perceived health status,From 25 to 44 years,Female,2016,92.4,Good/very good health
Canada,Perceived health status,65 years or over,Female,2016,79.2,Good/very good health
Canada,Perceived health status,15 years or over,Female,2016,87.8,Good/very good health
Canada,Perceived health status,From 15 to 24 years,Female,2016,94.4,Good/very good health
Canada,Perceived health status,From 15 to 24 years,Female,2017,94.8,Good/very good health
Canada,Perceived health status,15 years or over,Female,2017,87.9,Good/very good health
Canada,Perceived health status,65 years or over,Female,2017,80.3,Good/very good health
Canada,Perceived health status,From 25 to 44 years,Female,2017,92.8,Good/very good health
Canada,Perceived health status,From 45 to 64 years,Female,2017,85.2,Good/very good health
Canada,Perceived health status,From 45 to 64 years,Female,2018,87,Good/very good health
Canada,Perceived health status,From 25 to 44 years,Female,2018,92.5,Good/very good health
Canada,Perceived health status,65 years or over,Female,2018,80.4,Good/very good health
Canada,Perceived health status,15 years or over,Female,2018,88.2,Good/very good health
Canada,Perceived health status,From 15 to 24 years,Female,2018,93,Good/very good health
Canada,Perceived health status,From 15 to 24 years,Female,2019,92.4,Good/very good health
Canada,Perceived health status,15 years or over,Female,2019,88.2,Good/very good health
Canada,Perceived health status,65 years or over,Female,2019,80,Good/very good health
Canada,Perceived health status,From 25 to 44 years,Female,2019,92.5,Good/very good health
Canada,Perceived health status,From 45 to 64 years,Female,2019,87.6,Good/very good health
Canada,Perceived health status,From 45 to 64 years,Female,2020,87.4,Good/very good health
Canada,Perceived health status,From 25 to 44 years,Female,2020,93.2,Good/very good health
Canada,Perceived health status,65 years or over,Female,2020,82.2,Good/very good health
Canada,Perceived health status,15 years or over,Female,2020,88.8,Good/very good health
Canada,Perceived health status,From 15 to 24 years,Female,2020,92.9,Good/very good health
Canada,Perceived health status,15 years or over,Female,2021,88.1,Good/very good health
Canada,Perceived health status,65 years or over,Female,2021,81.6,Good/very good health
Canada,Perceived health status,From 25 to 44 years,Female,2021,91.8,Good/very good health
Canada,Perceived health status,From 15 to 24 years,Female,2021,92.9,Good/very good health
Canada,Perceived health status,From 45 to 64 years,Female,2021,86.9,Good/very good health
Canada,Perceived health status,From 45 to 64 years,Female,2022,83.8,Good/very good health
Canada,Perceived health status,From 25 to 44 years,Female,2022,88.5,Good/very good health
Canada,Perceived health status,65 years or over,Female,2022,78.9,Good/very good health
Canada,Perceived health status,15 years or over,Female,2022,84.9,Good/very good health
Canada,Perceived health status,From 15 to 24 years,Female,2022,89.4,Good/very good health
Canada,Perceived health status,From 45 to 64 years,Female,2024,83.4,Good/very good health
Canada,Perceived health status,15 years or over,Female,2024,84.6,Good/very good health
Canada,Perceived health status,From 25 to 44 years,Female,2024,88.6,Good/very good health
Canada,Perceived health status,65 years or over,Female,2024,78.4,Good/very good health
Canada,Perceived health status,From 15 to 24 years,Female,2024,91,Good/very good health
Canada,Perceived health status,From 45 to 64 years,Total,2016,86.5,Good/very good health
Canada,Perceived health status,15 years or over,Total,2016,88.4,Good/very good health
Canada,Perceived health status,65 years or over,Total,2016,79.1,Good/very good health
Canada,Perceived health status,From 25 to 44 years,Total,2016,93.5,Good/very good health
Canada,Perceived health status,From 15 to 24 years,Total,2016,94,Good/very good health
Canada,Perceived health status,From 15 to 24 years,Total,2017,94.7,Good/very good health
Canada,Perceived health status,From 25 to 44 years,Total,2017,93.3,Good/very good health
Canada,Perceived health status,65 years or over,Total,2017,79.9,Good/very good health
Canada,Perceived health status,15 years or over,Total,2017,88.5,Good/very good health
Canada,Perceived health status,From 45 to 64 years,Total,2017,86.2,Good/very good health
Canada,Perceived health status,From 45 to 64 years,Total,2018,87.4,Good/very good health
Canada,Perceived health status,15 years or over,Total,2018,88.6,Good/very good health
Canada,Perceived health status,65 years or over,Total,2018,80.2,Good/very good health
Canada,Perceived health status,From 25 to 44 years,Total,2018,92.9,Good/very good health
Canada,Perceived health status,From 15 to 24 years,Total,2018,93.5,Good/very good health
Canada,Perceived health status,From 15 to 24 years,Total,2019,93.8,Good/very good health
Canada,Perceived health status,From 25 to 44 years,Total,2019,92.8,Good/very good health
Canada,Perceived health status,65 years or over,Total,2019,80.2,Good/very good health
Canada,Perceived health status,15 years or over,Total,2019,88.8,Good/very good health
Canada,Perceived health status,From 45 to 64 years,Total,2019,88.1,Good/very good health
Canada,Perceived health status,From 45 to 64 years,Total,2020,87.7,Good/very good health
Canada,Perceived health status,15 years or over,Total,2020,89,Good/very good health
Canada,Perceived health status,65 years or over,Total,2020,81.6,Good/very good health
Canada,Perceived health status,From 25 to 44 years,Total,2020,92.7,Good/very good health
Canada,Perceived health status,From 15 to 24 years,Total,2020,94.7,Good/very good health
Canada,Perceived health status,From 25 to 44 years,Total,2021,92.1,Good/very good health
Canada,Perceived health status,65 years or over,Total,2021,80.6,Good/very good health
Canada,Perceived health status,From 15 to 24 years,Total,2021,93.7,Good/very good health
Canada,Perceived health status,15 years or over,Total,2021,88.3,Good/very good health
Canada,Perceived health status,From 45 to 64 years,Total,2021,87.3,Good/very good health
Canada,Perceived health status,From 45 to 64 years,Total,2022,84.4,Good/very good health
Canada,Perceived health status,15 years or over,Total,2022,85.8,Good/very good health
Canada,Perceived health status,65 years or over,Total,2022,78.3,Good/very good health
Canada,Perceived health status,From 25 to 44 years,Total,2022,90,Good/very good health
Canada,Perceived health status,From 15 to 24 years,Total,2022,91.2,Good/very good health
Canada,Perceived health status,From 45 to 64 years,Total,2024,84,Good/very good health
Canada,Perceived health status,15 years or over,Total,2024,85,Good/very good health
Canada,Perceived health status,65 years or over,Total,2024,77.4,Good/very good health
Canada,Perceived health status,From 25 to 44 years,Total,2024,89.2,Good/very good health
Canada,Perceived health status,From 15 to 24 years,Total,2024,91.7,Good/very good health
Canada,Perceived health status,From 25 to 44 years,Male,2016,94.7,Good/very good health
Canada,Perceived health status,From 45 to 64 years,Male,2016,87.2,Good/very good health
Canada,Perceived health status,65 years or over,Male,2016,79,Good/very good health
Canada,Perceived health status,15 years or over,Male,2016,89.1,Good/very good health
Canada,Perceived health status,From 15 to 24 years,Male,2016,93.6,Good/very good health
Canada,Perceived health status,From 15 to 24 years,Male,2017,94.6,Good/very good health
Canada,Perceived health status,15 years or over,Male,2017,89.1,Good/very good health
Canada,Perceived health status,65 years or over,Male,2017,79.5,Good/very good health
Canada,Perceived health status,From 45 to 64 years,Male,2017,87.3,Good/very good health
Canada,Perceived health status,From 25 to 44 years,Male,2017,93.9,Good/very good health
Canada,Perceived health status,From 25 to 44 years,Male,2018,93.4,Good/very good health
Canada,Perceived health status,From 45 to 64 years,Male,2018,87.7,Good/very good health
Canada,Perceived health status,65 years or over,Male,2018,79.9,Good/very good health
Canada,Perceived health status,15 years or over,Male,2018,89.1,Good/very good health
Canada,Perceived health status,From 15 to 24 years,Male,2018,94,Good/very good health
Canada,Perceived health status,From 15 to 24 years,Male,2019,95,Good/very good health
Canada,Perceived health status,15 years or over,Male,2019,89.5,Good/very good health
Canada,Perceived health status,65 years or over,Male,2019,80.5,Good/very good health
Canada,Perceived health status,From 45 to 64 years,Male,2019,88.6,Good/very good health
Canada,Perceived health status,From 25 to 44 years,Male,2019,93.2,Good/very good health
Canada,Perceived health status,From 25 to 44 years,Male,2020,92.2,Good/very good health
Canada,Perceived health status,From 45 to 64 years,Male,2020,88,Good/very good health
Canada,Perceived health status,65 years or over,Male,2020,81,Good/very good health
Canada,Perceived health status,15 years or over,Male,2020,89.2,Good/very good health
Canada,Perceived health status,From 15 to 24 years,Male,2020,96.2,Good/very good health
Canada,Perceived health status,15 years or over,Male,2021,88.5,Good/very good health
Canada,Perceived health status,65 years or over,Male,2021,79.5,Good/very good health
Canada,Perceived health status,From 25 to 44 years,Male,2021,92.4,Good/very good health
Canada,Perceived health status,From 15 to 24 years,Male,2021,94.4,Good/very good health
Canada,Perceived health status,From 45 to 64 years,Male,2021,87.6,Good/very good health
Canada,Perceived health status,From 25 to 44 years,Male,2022,91.6,Good/very good health
Canada,Perceived health status,65 years or over,Male,2022,77.7,Good/very good health
Canada,Perceived health status,From 45 to 64 years,Male,2022,85,Good/very good health
Canada,Perceived health status,15 years or over,Male,2022,86.7,Good/very good health
Canada,Perceived health status,From 15 to 24 years,Male,2022,92.8,Good/very good health
Canada,Perceived health status,From 25 to 44 years,Male,2024,89.9,Good/very good health
Canada,Perceived health status,65 years or over,Male,2024,76.3,Good/very good health
Canada,Perceived health status,From 45 to 64 years,Male,2024,84.5,Good/very good health
Canada,Perceived health status,15 years or over,Male,2024,85.5,Good/very good health
Canada,Perceived health status,From 15 to 24 years,Male,2024,92.2,Good/very good health
United States,Perceived health status,From 15 to 24 years,Male,2015,96.5,Good/very good health
United States,Perceived health status,15 years or over,Male,2015,88,Good/very good health
United States,Perceived health status,From 45 to 64 years,Male,2015,84.3,Good/very good health
United States,Perceived health status,65 years or over,Male,2015,78.4,Good/very good health
United States,Perceived health status,From 25 to 44 years,Male,2015,93.4,Good/very good health
United States,Perceived health status,From 25 to 44 years,Male,2016,93.4,Good/very good health
United States,Perceived health status,65 years or over,Male,2016,78.4,Good/very good health
United States,Perceived health status,From 45 to 64 years,Male,2016,85.2,Good/very good health
United States,Perceived health status,15 years or over,Male,2016,88.3,Good/very good health
United States,Perceived health status,From 15 to 24 years,Male,2016,96.6,Good/very good health
United States,Perceived health status,From 15 to 24 years,Male,2017,96.7,Good/very good health
United States,Perceived health status,15 years or over,Male,2017,88.1,Good/very good health
United States,Perceived health status,From 45 to 64 years,Male,2017,84.1,Good/very good health
United States,Perceived health status,65 years or over,Male,2017,78.7,Good/very good health
United States,Perceived health status,From 25 to 44 years,Male,2017,94,Good/very good health
United States,Perceived health status,From 25 to 44 years,Male,2018,93.7,Good/very good health
United States,Perceived health status,65 years or over,Male,2018,77.6,Good/very good health
United States,Perceived health status,From 45 to 64 years,Male,2018,85.2,Good/very good health
United States,Perceived health status,15 years or over,Male,2018,88.1,Good/very good health
United States,Perceived health status,From 15 to 24 years,Male,2018,96.2,Good/very good health
United States,Perceived health status,From 25 to 44 years,Male,2020,92.7,Good/very good health
United States,Perceived health status,65 years or over,Male,2020,76.3,Good/very good health
United States,Perceived health status,From 45 to 64 years,Male,2020,83.3,Good/very good health
United States,Perceived health status,15 years or over,Male,2020,86.8,Good/very good health
United States,Perceived health status,From 15 to 24 years,Male,2020,96.8,Good/very good health
United States,Perceived health status,From 15 to 24 years,Male,2021,95.8,Good/very good health
United States,Perceived health status,15 years or over,Male,2021,86.8,Good/very good health
United States,Perceived health status,From 45 to 64 years,Male,2021,84,Good/very good health
United States,Perceived health status,65 years or over,Male,2021,76.4,Good/very good health
United States,Perceived health status,From 25 to 44 years,Male,2021,92.4,Good/very good health
United States,Perceived health status,From 25 to 44 years,Male,2022,92,Good/very good health
United States,Perceived health status,65 years or over,Male,2022,75.4,Good/very good health
United States,Perceived health status,From 45 to 64 years,Male,2022,83.6,Good/very good health
United States,Perceived health status,15 years or over,Male,2022,86.2,Good/very good health
United States,Perceived health status,From 15 to 24 years,Male,2022,94.6,Good/very good health
United States,Perceived health status,From 15 to 24 years,Male,2023,94,Good/very good health
United States,Perceived health status,15 years or over,Male,2023,85.3,Good/very good health
United States,Perceived health status,From 45 to 64 years,Male,2023,82,Good/very good health
United States,Perceived health status,65 years or over,Male,2023,75.5,Good/very good health
United States,Perceived health status,From 25 to 44 years,Male,2023,91.1,Good/very good health
United States,Perceived health status,From 25 to 44 years,Male,2024,91.6,Good/very good health
United States,Perceived health status,65 years or over,Male,2024,74.4,Good/very good health
United States,Perceived health status,From 45 to 64 years,Male,2024,84,Good/very good health
United States,Perceived health status,15 years or over,Male,2024,85.8,Good/very good health
United States,Perceived health status,From 15 to 24 years,Male,2024,94.5,Good/very good health
United States,Perceived health status,From 15 to 24 years,Female,2015,95.8,Good/very good health
United States,Perceived health status,From 45 to 64 years,Female,2015,83.7,Good/very good health
United States,Perceived health status,15 years or over,Female,2015,86.8,Good/very good health
United States,Perceived health status,From 25 to 44 years,Female,2015,92.2,Good/very good health
United States,Perceived health status,65 years or over,Female,2015,78.1,Good/very good health
United States,Perceived health status,65 years or over,Female,2016,78.4,Good/very good health
United States,Perceived health status,From 25 to 44 years,Female,2016,92.7,Good/very good health
United States,Perceived health status,15 years or over,Female,2016,87.1,Good/very good health
United States,Perceived health status,From 45 to 64 years,Female,2016,83.9,Good/very good health
United States,Perceived health status,From 15 to 24 years,Female,2016,95.7,Good/very good health
United States,Perceived health status,From 15 to 24 years,Female,2017,95.2,Good/very good health
United States,Perceived health status,From 45 to 64 years,Female,2017,83.9,Good/very good health
United States,Perceived health status,15 years or over,Female,2017,87.5,Good/very good health
United States,Perceived health status,From 25 to 44 years,Female,2017,92.9,Good/very good health
United States,Perceived health status,65 years or over,Female,2017,77.9,Good/very good health
United States,Perceived health status,65 years or over,Female,2018,78,Good/very good health
United States,Perceived health status,From 25 to 44 years,Female,2018,92.6,Good/very good health
United States,Perceived health status,15 years or over,Female,2018,87,Good/very good health
United States,Perceived health status,From 45 to 64 years,Female,2018,84.3,Good/very good health
United States,Perceived health status,From 15 to 24 years,Female,2018,96.1,Good/very good health
United States,Perceived health status,65 years or over,Female,2020,77.5,Good/very good health
United States,Perceived health status,From 25 to 44 years,Female,2020,90.3,Good/very good health
United States,Perceived health status,From 45 to 64 years,Female,2020,82.9,Good/very good health
United States,Perceived health status,From 15 to 24 years,Female,2020,95.8,Good/very good health
United States,Perceived health status,15 years or over,Female,2020,85.6,Good/very good health
United States,Perceived health status,From 15 to 24 years,Female,2021,95.9,Good/very good health
United States,Perceived health status,From 45 to 64 years,Female,2021,82.4,Good/very good health
United States,Perceived health status,From 25 to 44 years,Female,2021,91.9,Good/very good health
United States,Perceived health status,15 years or over,Female,2021,86.1,Good/very good health
United States,Perceived health status,65 years or over,Female,2021,78.1,Good/very good health
United States,Perceived health status,65 years or over,Female,2022,77.5,Good/very good health
United States,Perceived health status,15 years or over,Female,2022,84.8,Good/very good health
United States,Perceived health status,From 25 to 44 years,Female,2022,90.7,Good/very good health
United States,Perceived health status,From 45 to 64 years,Female,2022,81.4,Good/very good health
United States,Perceived health status,From 15 to 24 years,Female,2022,92.4,Good/very good health
United States,Perceived health status,From 15 to 24 years,Female,2023,93.7,Good/very good health
United States,Perceived health status,From 45 to 64 years,Female,2023,81.9,Good/very good health
United States,Perceived health status,From 25 to 44 years,Female,2023,89.8,Good/very good health
United States,Perceived health status,15 years or over,Female,2023,84.4,Good/very good health
United States,Perceived health status,65 years or over,Female,2023,75.9,Good/very good health
United States,Perceived health status,65 years or over,Female,2024,76.7,Good/very good health
United States,Perceived health status,15 years or over,Female,2024,84.5,Good/very good health
United States,Perceived health status,From 25 to 44 years,Female,2024,89.7,Good/very good health
United States,Perceived health status,From 45 to 64 years,Female,2024,82.2,Good/very good health
United States,Perceived health status,From 15 to 24 years,Female,2024,92.3,Good/very good health
United States,Perceived health status,65 years or over,Total,2015,78.2,Good/very good health
United States,Perceived health status,15 years or over,Total,2015,87.4,Good/very good health
United States,Perceived health status,From 45 to 64 years,Total,2015,83.9,Good/very good health
United States,Perceived health status,From 15 to 24 years,Total,2015,96.2,Good/very good health
United States,Perceived health status,From 25 to 44 years,Total,2015,92.8,Good/very good health
United States,Perceived health status,From 25 to 44 years,Total,2016,93.1,Good/very good health
United States,Perceived health status,From 15 to 24 years,Total,2016,96.1,Good/very good health
United States,Perceived health status,15 years or over,Total,2016,87.6,Good/very good health
United States,Perceived health status,65 years or over,Total,2016,78.4,Good/very good health
United States,Perceived health status,From 45 to 64 years,Total,2016,84.5,Good/very good health
United States,Perceived health status,65 years or over,Total,2017,78.3,Good/very good health
United States,Perceived health status,15 years or over,Total,2017,87.5,Good/very good health
United States,Perceived health status,From 15 to 24 years,Total,2017,95.9,Good/very good health
United States,Perceived health status,From 45 to 64 years,Total,2017,84,Good/very good health
United States,Perceived health status,From 25 to 44 years,Total,2017,93.4,Good/very good health
United States,Perceived health status,From 25 to 44 years,Total,2018,93.1,Good/very good health
United States,Perceived health status,From 45 to 64 years,Total,2018,84.7,Good/very good health
United States,Perceived health status,From 15 to 24 years,Total,2018,96.1,Good/very good health
United States,Perceived health status,15 years or over,Total,2018,87.5,Good/very good health
United States,Perceived health status,65 years or over,Total,2018,77.8,Good/very good health
United States,Perceived health status,From 25 to 44 years,Total,2020,91.4,Good/very good health
United States,Perceived health status,From 45 to 64 years,Total,2020,83.1,Good/very good health
United States,Perceived health status,From 15 to 24 years,Total,2020,96.3,Good/very good health
United States,Perceived health status,65 years or over,Total,2020,76.9,Good/very good health
United States,Perceived health status,15 years or over,Total,2020,86.2,Good/very good health
United States,Perceived health status,65 years or over,Total,2021,77.4,Good/very good health
United States,Perceived health status,15 years or over,Total,2021,86.4,Good/very good health
United States,Perceived health status,From 15 to 24 years,Total,2021,95.9,Good/very good health
United States,Perceived health status,From 45 to 64 years,Total,2021,83.2,Good/very good health
United States,Perceived health status,From 25 to 44 years,Total,2021,92.2,Good/very good health
United States,Perceived health status,From 25 to 44 years,Total,2022,91.3,Good/very good health
United States,Perceived health status,From 45 to 64 years,Total,2022,82.5,Good/very good health
United States,Perceived health status,From 15 to 24 years,Total,2022,93.5,Good/very good health
United States,Perceived health status,15 years or over,Total,2022,85.5,Good/very good health
United States,Perceived health status,65 years or over,Total,2022,76.5,Good/very good health
United States,Perceived health status,65 years or over,Total,2023,75.7,Good/very good health
United States,Perceived health status,15 years or over,Total,2023,84.9,Good/very good health
United States,Perceived health status,From 15 to 24 years,Total,2023,93.9,Good/very good health
United States,Perceived health status,From 45 to 64 years,Total,2023,82,Good/very good health
United States,Perceived health status,From 25 to 44 years,Total,2023,90.4,Good/very good health
United States,Perceived health status,From 25 to 44 years,Total,2024,90.7,Good/very good health
United States,Perceived health status,From 45 to 64 years,Total,2024,83.1,Good/very good health
United States,Perceived health status,From 15 to 24 years,Total,2024,93.4,Good/very good health
United States,Perceived health status,15 years or over,Total,2024,85.2,Good/very good health
United States,Perceived health status,65 years or over,Total,2024,75.7,Good/very good health
United States,Perceived health status,15 years or over,Male,2015,9.3,"Fair (not good, not bad) health"
United States,Perceived health status,15 years or over,Total,2015,9.7,"Fair (not good, not bad) health"
United States,Perceived health status,15 years or over,Female,2015,10.1,"Fair (not good, not bad) health"
United States,Perceived health status,15 years or over,Female,2016,10.1,"Fair (not good, not bad) health"
United States,Perceived health status,15 years or over,Male,2016,9.1,"Fair (not good, not bad) health"
United States,Perceived health status,15 years or over,Total,2016,9.6,"Fair (not good, not bad) health"
United States,Perceived health status,15 years or over,Male,2017,9.3,"Fair (not good, not bad) health"
United States,Perceived health status,15 years or over,Total,2017,9.7,"Fair (not good, not bad) health"
United States,Perceived health status,15 years or over,Female,2017,10.1,"Fair (not good, not bad) health"
United States,Perceived health status,15 years or over,Female,2018,10,"Fair (not good, not bad) health"
United States,Perceived health status,15 years or over,Total,2018,9.6,"Fair (not good, not bad) health"
United States,Perceived health status,15 years or over,Male,2018,9.2,"Fair (not good, not bad) health"
United States,Perceived health status,15 years or over,Total,2020,10.8,"Fair (not good, not bad) health"
United States,Perceived health status,15 years or over,Female,2020,11.2,"Fair (not good, not bad) health"
United States,Perceived health status,15 years or over,Male,2020,10.4,"Fair (not good, not bad) health"
United States,Perceived health status,15 years or over,Total,2021,10.5,"Fair (not good, not bad) health"
United States,Perceived health status,15 years or over,Male,2021,10,"Fair (not good, not bad) health"
United States,Perceived health status,15 years or over,Female,2021,10.9,"Fair (not good, not bad) health"
United States,Perceived health status,15 years or over,Female,2022,11.9,"Fair (not good, not bad) health"
United States,Perceived health status,15 years or over,Male,2022,10.5,"Fair (not good, not bad) health"
United States,Perceived health status,15 years or over,Total,2022,11.2,"Fair (not good, not bad) health"
United States,Perceived health status,15 years or over,Total,2023,11.8,"Fair (not good, not bad) health"
United States,Perceived health status,15 years or over,Male,2023,11.6,"Fair (not good, not bad) health"
United States,Perceived health status,15 years or over,Female,2023,12,"Fair (not good, not bad) health"
United States,Perceived health status,15 years or over,Female,2024,12.1,"Fair (not good, not bad) health"
United States,Perceived health status,15 years or over,Male,2024,10.9,"Fair (not good, not bad) health"
United States,Perceived health status,15 years or over,Total,2024,11.5,"Fair (not good, not bad) health"
United States,Perceived health status,15 years or over,Female,2015,3.1,Bad/very bad health
United States,Perceived health status,15 years or over,Total,2015,2.9,Bad/very bad health
United States,Perceived health status,15 years or over,Male,2015,2.7,Bad/very bad health
United States,Perceived health status,15 years or over,Male,2016,2.6,Bad/very bad health
United States,Perceived health status,15 years or over,Total,2016,2.8,Bad/very bad health
United States,Perceived health status,15 years or over,Female,2016,2.9,Bad/very bad health
United States,Perceived health status,15 years or over,Female,2017,3,Bad/very bad health
United States,Perceived health status,15 years or over,Total,2017,2.8,Bad/very bad health
United States,Perceived health status,15 years or over,Male,2017,2.6,Bad/very bad health
United States,Perceived health status,15 years or over,Male,2018,2.7,Bad/very bad health
United States,Perceived health status,15 years or over,Total,2018,2.8,Bad/very bad health
United States,Perceived health status,15 years or over,Female,2018,2.9,Bad/very bad health
United States,Perceived health status,15 years or over,Total,2020,3,Bad/very bad health
United States,Perceived health status,15 years or over,Female,2020,3.2,Bad/very bad health
United States,Perceived health status,15 years or over,Male,2020,2.8,Bad/very bad health
United States,Perceived health status,15 years or over,Female,2021,3,Bad/very bad health
United States,Perceived health status,15 years or over,Total,2021,3.1,Bad/very bad health
United States,Perceived health status,15 years or over,Male,2021,3.2,Bad/very bad health
United States,Perceived health status,15 years or over,Male,2022,3.4,Bad/very bad health
United States,Perceived health status,15 years or over,Total,2022,3.3,Bad/very bad health
United States,Perceived health status,15 years or over,Female,2022,3.3,Bad/very bad health
United States,Perceived health status,15 years or over,Female,2023,3.6,Bad/very bad health
United States,Perceived health status,15 years or over,Total,2023,3.4,Bad/very bad health
United States,Perceived health status,15 years or over,Male,2023,3.1,Bad/very bad health
United States,Perceived health status,15 years or over,Male,2024,3.3,Bad/very bad health
United States,Perceived health status,15 years or over,Total,2024,3.3,Bad/very bad health
United States,Perceived health status,15 years or over,Female,2024,3.4,Bad/very bad health
United States,Perceived health status,From 15 to 24 years,Male,2019,94.7,Good/very good health
United States,Perceived health status,From 15 to 24 years,Female,2019,92.3,Good/very good health
United States,Perceived health status,65 years or over,Total,2019,74.9,Good/very good health
United States,Perceived health status,15 years or over,Female,2019,3.8,Bad/very bad health
United States,Perceived health status,15 years or over,Total,2019,84.7,Good/very good health
United States,Perceived health status,From 45 to 64 years,Female,2019,80.6,Good/very good health
United States,Perceived health status,15 years or over,Female,2019,84.4,Good/very good health
United States,Perceived health status,From 25 to 44 years,Female,2019,91.1,Good/very good health
United States,Perceived health status,15 years or over,Male,2019,85.1,Good/very good health
United States,Perceived health status,From 45 to 64 years,Male,2019,82.3,Good/very good health
United States,Perceived health status,65 years or over,Male,2019,73.6,Good/very good health
United States,Perceived health status,From 15 to 24 years,Total,2019,93.5,Good/very good health
United States,Perceived health status,15 years or over,Total,2019,3.7,Bad/very bad health
United States,Perceived health status,From 45 to 64 years,Total,2019,81.4,Good/very good health
United States,Perceived health status,From 25 to 44 years,Male,2019,90.8,Good/very good health
United States,Perceived health status,15 years or over,Male,2019,3.6,Bad/very bad health
United States,Perceived health status,15 years or over,Male,2019,11.3,"Fair (not good, not bad) health"
United States,Perceived health status,15 years or over,Total,2019,11.6,"Fair (not good, not bad) health"
United States,Perceived health status,From 25 to 44 years,Total,2019,90.9,Good/very good health
United States,Perceived health status,15 years or over,Female,2019,11.8,"Fair (not good, not bad) health"
United States,Perceived health status,65 years or over,Female,2019,75.9,Good/very good health